data;horario;n_da_ocorrencia;tipo_de_ocorrencia;km;trecho;sentido;tipo_de_acidente;automovel;bicicleta;caminhao;moto;onibus;outros;tracao_animal;transporte_de_cargas_especiais;trator_maquinas;utilitarios;ilesos;levemente_feridos;moderadamente_feridos;gravemente_feridos;mortos
26/12/2010;19:14:00;85;com vítima;103;BR-393/RJ;Norte;Abalr.Transversal;2;0;0;0;0;0;0;0;0;0;0;4;0;0;0
26/12/2010;21:55:00;98;com vítima;285,5;BR-393/RJ;Sul;Abalr.Mesmo Sentido;2;0;0;0;0;0;0;0;0;0;0;1;0;0;0
27/12/2010;11:23:00;67;sem vítima;177,8;BR-393/RJ;Sul;Colisão Traseira;2;0;0;0;0;0;0;0;0;0;3;0;0;0;0
27/12/2010;02:08:00;7;com vítima;237,1;BR-393/RJ;Norte;Capotamento;1;0;0;0;0;0;0;0;0;0;2;0;1;0;0
28/12/2010;08:16:00;35;com vítima;103;BR-393/RJ;Norte;Abalr.Transversal;1;0;1;0;0;0;0;0;0;0;1;2;0;0;0
29/12/2010;08:50:00;36;sem vítima;235;BR-393/RJ;Norte;Outros tipos de acidente;0;0;0;1;0;0;0;0;0;0;1;0;0;0;0
30/12/2010;17:14:00;83;com vítima;204;BR-393/RJ;Norte;Atropelamento;0;0;1;0;0;0;0;0;0;0;0;0;1;0;0
30/12/2010;09:01:00;41;sem vítima;213;BR-393/RJ;Norte;Engavetamento;2;0;2;0;0;0;0;0;0;0;8;0;0;0;0
30/12/2010;17:25:00;84;com vítima;284;BR-393/RJ;Sul;Colisão Traseira;2;0;0;0;0;0;0;0;0;0;0;2;0;0;0
30/12/2010;18:03:00;86;com vítima;286;BR-393/RJ;Norte;Atropelamento;1;0;0;0;0;0;0;0;0;0;0;1;0;0;0
31/12/2010;03:06:00;17;sem vítima;181;BR-393/RJ;Norte;Saída de Pista;1;0;0;0;0;0;0;0;0;0;5;0;0;0;0
31/12/2010;21:49:00;87;sem vítima;235,6;BR-393/RJ;Sul;Abalr.Mesmo Sentido;2;0;0;0;0;0;0;0;0;0;2;0;0;0;0
31/12/2010;14:49:00;59;sem vítima;274;BR-393/RJ;Sul;Saída de Pista;0;0;1;0;0;0;0;0;0;0;1;0;0;0;0
01/01/2011;15:06:00;63;sem vítima;178;BR-393/RJ;Sul;Colisão Traseira;2;0;0;0;0;0;0;0;0;0;2;0;0;0;0
01/01/2011;06:31:00;32;sem vítima;179;BR-393/RJ;Sul;Capotamento;1;0;0;0;0;0;0;0;0;0;1;0;0;0;0
01/01/2011;14:17:00;60;sem vítima;193;BR-393/RJ;Sul;Abalr.Mesmo Sentido;2;0;0;0;0;0;0;0;0;0;4;0;0;0;0
01/01/2011;05:35:00;31;com vítima;209;BR-393/RJ;Sul;Capotamento;1;0;0;0;0;0;0;0;0;0;0;1;0;0;0
02/01/2011;11:54:00;56;com vítima;114;BR-393/RJ;Norte;Tombamento;0;0;1;0;0;0;0;0;0;0;0;1;0;0;0
02/01/2011;20:40:00;93;sem vítima;176,8;BR-393/RJ;Sul;Abalr.Transversal;2;0;0;0;0;0;0;0;0;0;2;0;0;0;0
02/01/2011;20:43:00;95;com vítima;256;BR-393/RJ;Norte;Saída de Pista;1;0;0;0;0;0;0;0;0;0;0;3;0;0;0
03/01/2011;21:30:00;91;sem vítima;161,1;BR-393/RJ;Sul;Abalr.Sentido Oposto;2;0;0;0;0;0;0;0;0;0;2;0;0;0;0
03/01/2011;11:42:00;50;com vítima;168,9;BR-393/RJ;Norte;Abalr.Transversal;1;0;0;0;0;0;0;0;0;0;0;1;0;0;0
03/01/2011;20:34:00;90;com vítima;250;BR-393/RJ;Norte;Abalr.Transversal;4;0;0;0;0;0;0;0;0;0;0;8;0;0;0
04/01/2011;16:48:00;74;com vítima;103,9;BR-393/RJ;Sul;Colisão Traseira;0;0;2;0;0;0;0;0;0;0;0;2;0;0;0
04/01/2011;18:49:00;85;com vítima;228,3;BR-393/RJ;Sul;Saída de Pista;1;0;0;0;0;0;0;0;0;0;0;1;0;0;0
04/01/2011;17:15:00;78;com vítima;238,8;BR-393/RJ;Norte;Abalr.Transversal;1;0;0;0;0;0;0;0;0;0;0;1;0;0;0
04/01/2011;08:23:00;31;sem vítima;244;BR-393/RJ;Norte;Saída de Pista;1;0;0;0;0;0;0;0;0;0;1;0;0;0;0
05/01/2011;07:48:00;36;sem vítima;266;BR-393/RJ;Sul;Outros tipos de acidente;0;0;1;0;0;0;0;0;0;0;1;0;0;0;0
05/01/2011;10:22:00;51;sem vítima;285;BR-393/RJ;Norte;Colisão Traseira;1;0;1;0;0;0;0;0;0;0;2;0;0;0;0
05/01/2011;22:40:00;114;sem vítima;285,3;BR-393/RJ;Sul;Outros tipos de acidente;1;0;0;0;0;0;0;0;0;0;0;0;0;0;0
06/01/2011;13:12:00;60;sem vítima;106;BR-393/RJ;Norte;Colisão Traseira;2;0;0;0;0;0;0;0;0;0;3;0;0;0;0
06/01/2011;00:22:00;4;com vítima;122;BR-393/RJ;Norte;Capotamento;1;0;1;0;0;0;0;0;0;0;1;0;1;1;0
06/01/2011;17:03:00;72;sem vítima;232;BR-393/RJ;Sul;Colisão Frontal;2;0;0;0;0;0;0;0;0;0;8;0;0;0;0
06/01/2011;14:31:00;65;sem vítima;254,2;BR-393/RJ;Norte;Saída de Pista;1;0;0;0;0;0;0;0;0;0;1;0;0;0;0
06/01/2011;05:32:00;25;sem vítima;284,5;BR-393/RJ;Norte;Outros tipos de acidente;1;0;0;0;0;0;0;0;0;0;0;0;0;0;0
07/01/2011;07:25:00;34;com vítima;268;BR-393/RJ;Sul;Abalr.Transversal;2;0;0;0;0;0;0;0;0;0;1;1;1;0;0
07/01/2011;16:00:00;85;com vítima;278,5;BR-393/RJ;Sul;Colisão Traseira;2;0;0;0;0;0;0;0;0;0;2;0;1;0;0
08/01/2011;11:59:00;54;com vítima;119;BR-393/RJ;Norte;Saída de Pista;1;0;0;0;0;0;0;0;0;0;0;2;0;0;0
09/01/2011;05:09:00;29;sem vítima;125;BR-393/RJ;Sul;Colisão com Objeto Fixo;0;0;0;0;1;0;0;0;0;0;1;0;0;0;0
09/01/2011;23:48:00;115;sem vítima;175,3;BR-393/RJ;Sul;Outros tipos de acidente;1;0;0;0;1;0;0;0;0;0;3;0;0;0;0
09/01/2011;21:00:00;104;com vítima;235,6;BR-393/RJ;Sul;Abalr.Transversal;1;0;0;1;0;0;0;0;0;0;1;0;0;1;0
09/01/2011;04:46:00;27;sem vítima;282,3;BR-393/RJ;Norte;Colisão Traseira;2;0;0;0;0;0;0;0;0;0;2;0;0;0;0
11/01/2011;08:29:00;51;sem vítima;177;BR-393/RJ;Sul;Colisão Traseira;2;0;0;0;0;0;0;0;0;0;2;0;0;0;0
11/01/2011;12:00:00;72;sem vítima;280;BR-393/RJ;Sul;Abalr.Sentido Oposto;0;0;0;1;0;0;0;0;0;0;1;0;0;0;0
11/01/2011;10:45:00;63;sem vítima;285,5;BR-393/RJ;Sul;Abalr.Transversal;0;0;0;0;0;0;0;0;0;0;2;0;0;0;0
11/01/2011;11:18:00;65;sem vítima;285,5;BR-393/RJ;Sul;Abalr.Transversal;1;0;1;0;0;0;0;0;0;0;2;0;0;0;0
12/01/2011;09:12:00;30;sem vítima;103;BR-393/RJ;Norte;Abalr.Transversal;1;0;0;0;0;0;0;0;0;0;2;0;0;0;0
12/01/2011;10:02:00;33;sem vítima;103,2;BR-393/RJ;Sul;Abalr.Transversal;0;0;0;1;0;0;0;0;0;0;1;0;0;0;0
12/01/2011;21:54:00;101;sem vítima;177,9;BR-393/RJ;Sul;Abalr.Sentido Oposto;1;0;1;0;0;0;0;0;0;0;2;0;0;0;0
13/01/2011;10:00:00;45;sem vítima;141;BR-393/RJ;Norte;Colisão Traseira;1;0;0;0;0;0;0;0;0;0;1;0;0;0;0
13/01/2011;21:05:00;108;com vítima;155,5;BR-393/RJ;Sul;Tombamento;0;0;1;0;0;0;0;0;0;0;0;2;0;0;0
13/01/2011;18:07:00;90;com vítima;286;BR-393/RJ;Sul;Colisão Traseira;1;0;0;0;0;0;0;0;0;0;0;1;0;0;0
14/01/2011;18:58:00;88;com vítima;165;BR-393/RJ;Norte;Abalr.Transversal;2;0;0;0;0;0;0;0;0;0;1;2;0;0;0
14/01/2011;01:35:00;6;sem vítima;166;BR-393/RJ;Norte;Colisão Traseira;0;0;1;0;1;0;0;0;0;0;2;0;0;0;0
14/01/2011;01:45:00;7;sem vítima;232;BR-393/RJ;Sul;Saída de Pista;1;0;0;0;0;0;0;0;0;0;1;0;0;0;0
14/01/2011;17:08:00;76;sem vítima;243,3;BR-393/RJ;Norte;Tombamento;0;0;1;0;0;0;0;0;0;0;1;0;0;0;0
14/01/2011;16:33:00;72;sem vítima;248,5;BR-393/RJ;Norte;Saída de Pista;1;0;0;0;0;0;0;0;0;0;1;0;0;0;0
14/01/2011;20:32:00;100;com vítima;265;BR-393/RJ;Norte;Colisão Traseira;1;0;0;0;0;0;0;0;0;0;0;2;0;0;0
14/01/2011;15:44:00;67;com vítima;285,7;BR-393/RJ;Sul;Colisão Traseira;1;0;1;0;0;0;0;0;0;0;0;2;0;0;0
16/01/2011;13:12:00;52;com vítima;103,7;BR-393/RJ;Norte;Colisão Frontal;1;0;0;0;0;0;0;0;0;0;0;1;0;0;0
16/01/2011;00:26:00;2;sem vítima;108,3;BR-393/RJ;Norte;Colisão com Objeto Fixo;1;0;0;0;0;0;0;0;0;0;3;0;0;0;0
16/01/2011;00:00:00;1;sem vítima;157;BR-393/RJ;Sul;Saída de Pista;0;0;0;0;1;0;0;0;0;0;2;0;0;0;0
16/01/2011;10:22:00;42;sem vítima;163;BR-393/RJ;Sul;Tombamento;0;0;1;0;0;0;0;0;0;0;1;0;0;0;0
16/01/2011;14:09:00;57;sem vítima;248,5;BR-393/RJ;Norte;Saída de Pista;2;0;0;0;0;0;0;0;0;0;5;0;0;0;0
16/01/2011;22:12:00;96;com vítima;279;BR-393/RJ;Norte;Atropelamento;1;0;0;0;0;0;0;0;0;0;1;1;0;0;0
16/01/2011;15:59:00;62;sem vítima;283;BR-393/RJ;Sul;Colisão Traseira;1;0;1;0;0;0;0;0;0;0;2;0;0;0;0
16/01/2011;04:57:00;16;sem vítima;284;BR-393/RJ;Norte;Colisão Frontal;2;0;0;0;0;0;0;0;0;0;2;0;0;0;0
17/01/2011;08:26:00;49;sem vítima;165,5;BR-393/RJ;Sul;Outros tipos de acidente;0;0;0;0;0;0;0;0;0;0;0;0;0;0;0
17/01/2011;08:22:00;48;com vítima;222;BR-393/RJ;Norte;Saída de Pista;1;0;0;0;0;0;0;0;0;0;0;2;0;0;0
17/01/2011;20:14:00;118;com vítima;235,8;BR-393/RJ;Sul;Atropelamento de Animal;1;0;0;0;0;0;0;0;0;0;0;1;0;0;0
18/01/2011;14:56:00;91;sem vítima;195;BR-393/RJ;Norte;Colisão Traseira;0;0;2;0;0;0;0;0;0;0;2;0;0;0;0
18/01/2011;18:27:00;116;com vítima;251;BR-393/RJ;Sul;Colisão Frontal;2;0;0;0;0;0;0;0;0;0;0;4;0;0;0
19/01/2011;19:04:00;123;com vítima;285;BR-393/RJ;Norte;Abalr.Transversal;1;0;1;0;0;0;0;0;0;0;0;2;0;0;0
19/01/2011;14:40:00;94;sem vítima;286;BR-393/RJ;Norte;Outros tipos de acidente;0;0;0;1;0;0;0;0;0;0;1;0;0;0;0
21/01/2011;00:53:00;4;com vítima;173;BR-393/RJ;Norte;Atropelamento;0;0;1;0;0;0;0;0;0;0;1;0;0;0;1
21/01/2011;22:13:00;141;com vítima;277,5;BR-393/RJ;Sul;Saída de Pista;1;0;0;0;0;0;0;0;0;0;0;1;0;0;0
21/01/2011;12:20:00;72;sem vítima;284;BR-393/RJ;Norte;Colisão Traseira;1;0;0;0;0;0;0;0;0;0;1;0;0;0;0
21/01/2011;18:59:00;124;sem vítima;285,9;BR-393/RJ;Sul;Outros tipos de acidente;0;0;0;0;0;1;0;0;0;0;1;0;0;0;0
22/01/2011;23:25:00;100;com vítima;103,8;BR-393/RJ;Sul;Atropelamento;0;0;0;0;0;0;0;0;0;0;0;0;0;0;1
22/01/2011;15:01:00;66;com vítima;179;BR-393/RJ;Norte;Capotamento;1;0;0;0;0;0;0;0;0;0;0;1;0;0;0
22/01/2011;16:37:00;70;sem vítima;196;BR-393/RJ;Sul;Saída de Pista;1;0;0;0;0;0;0;0;0;0;1;0;0;0;0
23/01/2011;05:40:00;28;sem vítima;111,2;BR-393/RJ;Sul;Saída de Pista;1;0;0;0;0;0;0;0;0;0;1;0;0;0;0
23/01/2011;12:44:00;59;com vítima;279;BR-393/RJ;Norte;Atropelamento;1;0;0;0;0;0;0;0;0;0;0;1;1;0;0
24/01/2011;11:00:00;72;sem vítima;154;BR-393/RJ;Sul;Colisão Traseira;2;0;0;0;0;0;0;0;0;0;2;0;0;0;0
24/01/2011;18:02:00;112;com vítima;204;BR-393/RJ;Norte;Abalr.Transversal;1;0;1;0;0;0;0;0;0;0;0;2;0;0;0
24/01/2011;09:43:00;65;sem vítima;223;BR-393/RJ;Sul;Saída de Pista;1;0;0;0;0;0;0;0;0;0;1;0;0;0;0
24/01/2011;11:59:00;80;sem vítima;229;BR-393/RJ;Norte;Saída de Pista;1;0;0;0;0;0;0;0;0;0;1;0;0;0;0
25/01/2011;10:06:00;52;sem vítima;132,5;BR-393/RJ;Norte;Abalr.Mesmo Sentido;1;0;1;0;0;0;0;0;0;0;3;0;0;0;0
25/01/2011;16:54:00;82;sem vítima;151,6;BR-393/RJ;Sul;Abalr.Mesmo Sentido;1;0;1;0;0;0;0;0;0;0;4;0;0;0;0
27/01/2011;16:05:00;91;sem vítima;189;BR-393/RJ;Norte;Colisão Traseira;1;0;0;0;0;0;0;0;0;0;2;0;0;0;0
27/01/2011;09:43:00;62;sem vítima;202;BR-393/RJ;Norte;Saída de Pista;1;0;0;0;0;0;0;0;0;0;4;0;0;0;0
27/01/2011;20:01:00;117;com vítima;279,5;BR-393/RJ;Sul;Colisão Traseira;2;0;0;0;0;0;0;0;0;0;0;2;0;0;0
28/01/2011;07:37:00;38;sem vítima;131,3;BR-393/RJ;Norte;Tombamento;0;0;1;0;0;0;0;0;0;0;1;0;0;0;0
28/01/2011;07:28:00;36;sem vítima;220,5;BR-393/RJ;Norte;Capotamento;1;0;0;0;0;0;0;0;0;0;4;0;0;0;0
28/01/2011;19:34:00;115;com vítima;256,8;BR-393/RJ;Norte;Saída de Pista;1;0;0;0;0;0;0;0;0;0;0;1;0;0;0
28/01/2011;16:52:00;93;sem vítima;258;BR-393/RJ;Norte;Abalr.Mesmo Sentido;2;0;0;0;0;0;0;0;0;0;3;0;0;0;0
29/01/2011;00:36:00;3;sem vítima;151,2;BR-393/RJ;Norte;Colisão Traseira;0;0;2;0;0;0;0;0;0;0;2;0;0;0;0
29/01/2011;06:08:00;32;sem vítima;254;BR-393/RJ;Norte;Colisão Traseira;1;0;0;0;0;0;0;0;0;0;2;0;0;0;0
29/01/2011;18:48:00;101;com vítima;256;BR-393/RJ;Sul;Colisão Traseira;1;0;0;0;0;0;0;0;0;0;0;2;0;0;0
29/01/2011;18:12:00;94;com vítima;279;BR-393/RJ;Sul;Engavetamento;3;0;0;0;0;0;0;0;0;0;0;3;0;0;0
30/01/2011;09:56:00;41;sem vítima;182;BR-393/RJ;Norte;Abalr.Transversal;1;0;1;0;0;0;0;0;0;0;3;0;0;0;0
31/01/2011;10:55:00;72;com vítima;155,6;BR-393/RJ;Sul;Tombamento;0;0;1;0;0;0;0;0;0;0;0;1;0;0;0
01/02/2011;09:40:00;53;sem vítima;165;BR-393/RJ;N;Colisão com Objeto Fixo;1;0;0;0;0;0;0;0;0;0;1;0;0;0;0
02/02/2011;21:49:00;114;sem vítima;131,9;BR-393/RJ;S;Abalr.Transversal;0;0;2;0;0;0;0;0;0;0;2;0;0;0;0
02/02/2011;15:25:00;77;com vítima;285;BR-393/RJ;N;Abalr.Transversal;2;0;0;0;0;0;0;0;0;0;0;2;0;0;0
02/02/2011;23:37:00;120;sem vítima;286;BR-393/RJ;N;Colisão Traseira;2;0;0;0;0;0;0;0;0;0;2;0;0;0;0
03/02/2011;11:23:00;71;com vítima;103,8;BR-393/RJ;N;Abalr.Transversal;1;0;1;0;0;0;0;0;0;0;0;1;2;0;0
03/02/2011;22:21:00;116;com vítima;181;BR-393/RJ;N;Saída de Pista;1;0;0;0;0;0;0;0;0;0;0;1;0;0;0
04/02/2011;12:00:00;76;com vítima;110;BR-393/RJ;S;Tombamento;0;0;1;0;0;0;0;0;0;0;0;1;0;0;0
04/02/2011;20:12:00;121;com vítima;235;BR-393/RJ;S;Colisão com Objeto Fixo;0;0;1;0;0;0;0;0;0;0;0;1;0;0;0
04/02/2011;19:17:00;114;com vítima;243;BR-393/RJ;N;Capotamento;1;0;0;0;0;0;0;0;0;0;0;0;0;1;0
05/02/2011;03:36:00;19;sem vítima;2;Alça Sul;N;Outros tipos de acidente;0;0;0;1;0;0;0;0;0;0;3;0;0;0;0
05/02/2011;15:54:00;78;com vítima;175,6;BR-393/RJ;N;Abalr.Mesmo Sentido;2;0;0;0;0;0;0;0;0;0;0;1;0;0;0
05/02/2011;11:03:00;53;sem vítima;286,3;BR-393/RJ;S;Engavetamento;2;0;1;0;0;0;0;0;0;0;2;0;0;0;0
05/02/2011;11:27:00;57;sem vítima;286,3;BR-393/RJ;S;Colisão Traseira;2;0;0;0;0;0;0;0;0;0;3;0;0;0;0
06/02/2011;21:21:00;135;sem vítima;104;BR-393/RJ;N;Colisão Traseira;2;0;0;0;0;0;0;0;0;0;4;0;0;0;0
06/02/2011;12:46:00;95;sem vítima;285;BR-393/RJ;S;Colisão com Objeto Fixo;1;0;0;0;0;0;0;0;0;0;1;0;0;0;0
07/02/2011;14:18:00;80;sem vítima;232,8;BR-393/RJ;N;Colisão com Objeto Fixo;1;0;0;0;0;0;0;0;0;0;2;0;0;0;0
07/02/2011;11:48:00;67;sem vítima;283;BR-393/RJ;S;Abalr.Transversal;2;0;0;0;0;0;0;0;0;0;2;0;0;0;0
08/02/2011;14:36:00;88;com vítima;286,1;BR-393/RJ;N;Abalr.Transversal;0;0;1;1;1;0;0;0;0;0;4;0;0;2;0
09/02/2011;00:39:00;4;sem vítima;181;BR-393/RJ;N;Outros tipos de acidente;0;1;0;0;0;0;0;0;0;0;2;0;0;0;0
09/02/2011;13:59:00;104;sem vítima;260;BR-393/RJ;N;Saída de Pista;1;0;0;0;0;0;0;0;0;0;1;0;0;0;0
09/02/2011;16:07:00;112;sem vítima;282;BR-393/RJ;N;Outros tipos de acidente;1;0;0;0;0;1;0;0;0;0;2;0;0;0;0
10/02/2011;16:47:00;90;sem vítima;227,7;BR-393/RJ;S;Saída de Pista;1;0;0;0;0;0;0;0;0;0;3;0;0;0;0
10/02/2011;08:36:00;47;sem vítima;251,5;BR-393/RJ;N;Outros tipos de acidente;0;0;0;0;0;0;0;0;0;0;3;0;0;0;0
10/02/2011;10:36:00;61;com vítima;267,3;BR-393/RJ;N;Saída de Pista;1;0;0;0;0;0;0;0;0;0;0;1;0;0;0
10/02/2011;17:40:00;105;sem vítima;286;BR-393/RJ;N;Engavetamento;3;0;0;1;0;0;0;0;0;0;1;0;0;0;0
11/02/2011;23:44:00;129;sem vítima;104;BR-393/RJ;N;Outros tipos de acidente;0;0;0;1;0;0;0;0;0;0;0;0;0;0;0
12/02/2011;12:45:00;62;com vítima;119;BR-393/RJ;N;Abalr.Sentido Oposto;1;0;1;0;0;0;0;0;0;0;1;1;0;0;0
12/02/2011;16:15:00;72;sem vítima;148;BR-393/RJ;N;Abalr.Transversal;1;0;0;0;0;0;0;0;0;0;1;0;0;0;0
12/02/2011;04:08:00;19;com vítima;239;BR-393/RJ;N;Abalr.Sentido Oposto;1;0;0;0;0;1;0;0;0;0;1;0;0;2;0
13/02/2011;16:44:00;86;sem vítima;103,8;BR-393/RJ;N;Colisão Frontal;2;0;0;0;0;0;0;0;0;0;1;0;0;0;0
13/02/2011;15:34:00;77;com vítima;157,9;BR-393/RJ;N;Abalr.Sentido Oposto;1;0;1;0;0;0;0;0;0;0;0;1;0;0;0
13/02/2011;16:29:00;84;sem vítima;173;BR-393/RJ;S;Tombamento;0;0;1;0;0;0;0;0;0;0;4;0;0;0;0
13/02/2011;15:29:00;76;com vítima;182;BR-393/RJ;N;Abalr.Sentido Oposto;0;0;1;1;0;0;0;0;0;0;0;2;0;0;0
13/02/2011;11:36:00;64;com vítima;283;BR-393/RJ;S;Engavetamento;3;0;0;0;0;0;0;0;0;0;1;3;0;0;0
14/02/2011;18:00:00;123;sem vítima;103,8;BR-393/RJ;S;Colisão Frontal;2;0;0;0;0;0;0;0;0;0;6;0;0;0;0
14/02/2011;00:04:00;1;sem vítima;136,3;BR-393/RJ;S;Saída de Pista;1;0;0;0;0;0;0;0;0;0;6;0;0;0;0
14/02/2011;07:39:00;66;sem vítima;156;BR-393/RJ;N;Abalr.Mesmo Sentido;1;0;1;0;0;0;0;0;0;0;2;0;0;0;0
14/02/2011;07:39:00;65;sem vítima;205;BR-393/RJ;N;Saída de Pista;1;0;0;0;0;0;0;0;0;0;2;0;0;0;0
14/02/2011;22:46:00;144;sem vítima;284,2;BR-393/RJ;N;Colisão Traseira;1;0;0;0;1;0;0;0;0;0;1;0;0;0;0
15/02/2011;14:59:00;82;sem vítima;154;BR-393/RJ;S;Abalr.Mesmo Sentido;1;0;1;0;0;0;0;0;0;0;2;0;0;0;0
16/02/2011;23:49:00;125;sem vítima;177,8;BR-393/RJ;S;Colisão Traseira;0;0;2;0;0;0;0;0;0;0;2;0;0;0;0
17/02/2011;12:58:00;58;com vítima;103,8;BR-393/RJ;N;Abalr.Transversal;1;0;1;0;0;0;0;0;0;0;1;1;0;0;0
17/02/2011;23:15:00;105;com vítima;258;BR-393/RJ;S;Capotamento;1;0;0;0;0;0;0;0;0;0;2;1;1;1;0
17/02/2011;16:03:00;72;com vítima;271,2;BR-393/RJ;S;Colisão Frontal;1;0;1;0;0;0;0;0;0;0;1;0;1;0;0
19/02/2011;16:16:00;68;com vítima;1;Alça Sul;S;Colisão Traseira;1;1;0;0;0;0;0;0;0;0;0;1;0;0;0
19/02/2011;11:24:00;54;com vítima;199;BR-393/RJ;N;Colisão Traseira;2;0;0;0;0;0;0;0;0;0;0;0;1;0;0
19/02/2011;14:45:00;65;sem vítima;236,6;BR-393/RJ;N;Outros tipos de acidente;0;0;0;1;0;0;0;0;0;0;5;0;0;0;0
19/02/2011;23:42:00;104;com vítima;264;BR-393/RJ;S;Saída de Pista;0;0;0;1;0;0;0;0;0;0;0;1;0;0;0
20/02/2011;11:06:00;56;com vítima;243;BR-393/RJ;S;Saída de Pista;0;0;0;1;0;0;0;0;0;0;0;1;0;0;0
20/02/2011;06:02:00;33;sem vítima;251,9;BR-393/RJ;S;Atropelamento;1;0;0;0;0;0;0;0;0;0;1;0;0;0;0
21/02/2011;18:14:00;143;sem vítima;133;BR-393/RJ;N;Abalr.Transversal;0;0;1;0;0;0;0;0;0;0;1;0;0;0;0
21/02/2011;16:01:00;127;com vítima;243;BR-393/RJ;N;Saída de Pista;1;0;0;0;0;0;0;0;0;0;0;0;1;2;1
21/02/2011;11:50:00;108;sem vítima;246;BR-393/RJ;N;Saída de Pista;1;0;0;0;0;0;0;0;0;0;1;0;0;0;0
21/02/2011;18:01:00;142;sem vítima;246,8;BR-393/RJ;S;Colisão Frontal;2;0;0;0;0;0;0;0;0;0;1;0;0;0;0
23/02/2011;10:45:00;72;sem vítima;175;BR-393/RJ;N;Abalr.Sentido Oposto;0;0;1;0;1;0;0;0;0;0;2;0;0;0;0
23/02/2011;19:02:00;123;sem vítima;255,5;BR-393/RJ;S;Abalr.Transversal;1;0;1;0;0;0;0;0;0;0;1;0;0;0;0
23/02/2011;19:07:00;124;com vítima;274;BR-393/RJ;S;Capotamento;1;0;0;0;0;0;0;0;0;0;0;1;0;0;0
23/02/2011;18:04:00;117;sem vítima;281;BR-393/RJ;N;Outros tipos de acidente;0;0;0;1;0;0;0;0;0;0;2;0;0;0;0
24/02/2011;04:33:00;30;sem vítima;105;BR-393/RJ;N;Abalr.Sentido Oposto;1;0;1;0;0;0;0;0;0;0;2;0;0;0;0
24/02/2011;09:54:00;54;sem vítima;202;BR-393/RJ;N;Abalr.Mesmo Sentido;1;0;0;1;0;0;0;0;0;0;3;0;0;0;0
24/02/2011;13:13:00;74;com vítima;236;BR-393/RJ;N;Colisão Frontal;1;0;1;0;0;0;0;0;0;0;1;0;0;0;1
25/02/2011;12:20:00;71;com vítima;278,7;BR-393/RJ;N;Abalr.Mesmo Sentido;1;0;0;1;0;0;0;0;0;0;1;0;1;0;0
27/02/2011;16:42:00;63;sem vítima;138,1;BR-393/RJ;S;Tombamento;0;0;1;0;0;1;0;0;0;0;2;0;0;0;0
27/02/2011;06:31:00;28;sem vítima;176;BR-393/RJ;N;Colisão Traseira;1;0;0;0;0;0;0;0;0;0;2;0;0;0;0
27/02/2011;10:01:00;39;sem vítima;234;BR-393/RJ;N;Colisão Traseira;0;0;2;0;0;0;0;0;0;0;2;0;0;0;0
27/02/2011;15:48:00;58;sem vítima;276,5;BR-393/RJ;S;Saída de Pista;2;0;0;0;0;0;0;0;0;0;3;0;0;0;0
28/02/2011;20:58:00;106;sem vítima;238,8;BR-393/RJ;N;Abalr.Transversal;2;0;0;0;0;0;0;0;0;0;1;0;0;0;0
28/02/2011;08:02:00;31;com vítima;285;BR-393/RJ;S;Atropelamento;1;0;0;0;0;0;0;0;0;0;0;1;0;0;0
28/02/2011;07:15:00;30;sem vítima;286;BR-393/RJ;N;Colisão Traseira;1;0;0;0;0;0;0;0;0;0;3;0;0;0;0
01/03/2011;17:18:00;84;com vítima;235,5;BR-393/RJ;Norte;Abalr.Mesmo Sentido;2;0;0;0;0;0;0;0;0;0;1;0;2;0;0
01/03/2011;14:38:00;76;sem vítima;253;BR-393/RJ;Norte;Tombamento;0;0;1;0;0;0;0;0;0;0;1;0;0;0;0
01/03/2011;12:39:00;71;sem vítima;255;BR-393/RJ;Norte;Capotamento;2;0;0;0;0;0;0;0;0;0;3;0;0;0;0
01/03/2011;10:17:00;50;sem vítima;256;BR-393/RJ;Norte;Saída de Pista;0;1;0;0;0;0;0;0;0;0;2;0;0;0;0
01/03/2011;08:06:00;36;sem vítima;285,5;BR-393/RJ;Norte;Colisão Traseira;2;0;0;0;0;0;0;0;0;0;1;0;0;0;0
02/03/2011;23:20:00;130;sem vítima;127;BR-393/RJ;Norte;Saída de Pista;0;0;1;0;0;0;0;0;0;0;1;0;0;0;0
02/03/2011;14:25:00;88;com vítima;152;BR-393/RJ;Norte;Saída de Pista;1;0;0;0;0;0;0;0;0;0;1;1;0;0;0
02/03/2011;04:09:00;36;sem vítima;215;BR-393/RJ;Norte;Tombamento;0;0;1;0;0;0;0;0;0;0;1;0;0;0;0
02/03/2011;22:12:00;128;sem vítima;284,2;BR-393/RJ;Norte;Colisão Frontal;2;0;0;0;0;0;0;0;0;0;3;0;0;0;0
03/03/2011;10:27:00;85;sem vítima;199;BR-393/RJ;Sul;Colisão Traseira;1;0;1;0;0;0;0;0;0;0;4;0;0;0;0
03/03/2011;16:03:00;117;com vítima;259;BR-393/RJ;Norte;Colisão Frontal;1;0;1;0;0;0;0;0;0;0;0;1;0;0;0
04/03/2011;04:12:00;21;sem vítima;206;BR-393/RJ;Norte;Atropelamento;0;0;0;1;0;0;0;0;0;0;2;0;0;0;0
04/03/2011;16:40:00;89;sem vítima;243;BR-393/RJ;Sul;Tombamento;0;0;1;0;0;0;0;0;0;0;1;0;0;0;0
04/03/2011;04:27:00;23;com vítima;245;BR-393/RJ;Norte;Outros tipos de acidente;0;0;0;1;0;0;0;0;0;0;0;0;0;0;1
04/03/2011;13:38:00;73;sem vítima;285,5;BR-393/RJ;Sul;Abalr.Transversal;1;0;1;0;0;0;0;0;0;0;1;0;0;0;0
05/03/2011;09:58:00;36;sem vítima;103,8;BR-393/RJ;Norte;Colisão Traseira;3;0;0;0;0;0;0;0;0;0;10;0;0;0;0
05/03/2011;10:06:00;39;sem vítima;104;BR-393/RJ;Norte;Colisão Traseira;2;0;0;0;0;0;0;0;0;0;3;0;0;0;0
05/03/2011;10:59:00;43;sem vítima;104,2;BR-393/RJ;Norte;Colisão Traseira;1;0;0;0;0;0;0;0;0;0;3;0;0;0;0
05/03/2011;08:17:00;27;sem vítima;157;BR-393/RJ;Norte;Colisão Traseira;1;0;1;0;0;0;0;0;0;0;7;0;0;0;0
05/03/2011;22:53:00;95;sem vítima;168;BR-393/RJ;Sul;Saída de Pista;1;0;0;0;0;0;0;0;0;0;2;0;0;0;0
05/03/2011;23:01:00;96;sem vítima;180,8;BR-393/RJ;Sul;Saída de Pista;1;0;0;0;0;0;0;0;0;0;1;0;0;0;0
05/03/2011;08:38:00;30;sem vítima;212;BR-393/RJ;Norte;Saída de Pista;1;0;0;0;0;0;0;0;0;0;3;0;0;0;0
05/03/2011;03:44:00;16;com vítima;245;BR-393/RJ;Norte;Colisão Traseira;1;0;1;0;0;0;0;0;0;0;1;3;0;0;0
05/03/2011;19:48:00;81;sem vítima;255,9;BR-393/RJ;Norte;Saída de Pista;1;0;0;0;0;0;0;0;0;0;1;0;0;0;0
05/03/2011;00:59:00;3;com vítima;270,5;BR-393/RJ;Norte;Abalr.Sentido Oposto;1;0;2;0;0;0;0;0;0;0;3;0;1;2;0
05/03/2011;07:21:00;25;sem vítima;283;BR-393/RJ;Norte;Colisão Traseira;2;0;0;0;0;0;0;0;0;0;2;0;0;0;0