data;horario;n_da_ocorrencia;tipo_de_ocorrencia;km;trecho;sentido;tipo_de_acidente;automovel;bicicleta;caminhao;moto;onibus;outros;tracao_animal;transporte_de_cargas_especiais;trator_maquinas;utilitarios;ilesos;levemente_feridos;moderadamente_feridos;gravemente_feridos;mortos
26/02/2012;14:54:00;28;sem vítima;182,12;BR-393/RJ;Norte;Colisão Traseira;2;0;0;0;0;0;0;0;0;0;7;0;0;0;0
26/02/2012;19:14:00;41;sem vítima;261;BR-393/RJ;Sul;Atropelamento de Animal;1;0;0;0;0;0;0;0;0;0;1;0;0;0;0
26/02/2012;15:06:00;30;com vítima;286;BR-393/RJ;Sul;Queda de Moto;0;0;0;1;0;0;0;0;0;0;0;1;0;0;0
27/02/2012;15:51:00;54;com vítima;114;BR-393/RJ;Norte;Choque - Outros;0;0;0;0;0;0;0;0;0;1;0;1;0;0;0
27/02/2012;09:11:00;22;sem vítima;285;BR-393/RJ;Norte;Abalroamento Mesmo Sentido ;1;0;1;0;0;0;0;0;0;0;2;0;0;0;0
28/02/2012;19:21:00;66;com vítima;143,45;BR-393/RJ;Sul;Colisão Lateral;2;0;0;0;0;0;0;0;0;0;0;4;2;0;0
28/02/2012;08:08:00;24;com vítima;235;BR-393/RJ;Sul;Atropelamento - Usuário;0;0;1;0;0;0;0;0;0;0;1;0;0;1;0
01/03/2012;09:19:00;68;com vítima;163,3;BR-393/RJ;Norte;Tombamento;0;0;1;0;0;0;0;0;0;0;0;1;0;0;0
01/03/2012;19:40:00;102;com vítima;179,28;BR-393/RJ;Sul;Abalroamento Mesmo Sentido ;0;0;1;1;0;0;0;0;0;0;1;1;1;0;0
01/03/2012;18:54:00;99;sem vítima;285,58;BR-393/RJ;Sul;Abalroamento Mesmo Sentido ;2;0;0;0;0;0;0;0;0;0;2;0;0;0;0
01/03/2012;19:12:00;101;com vítima;285,59;BR-393/RJ;Sul;Abalroamento Mesmo Sentido ;1;0;1;0;0;0;0;0;0;0;1;1;0;0;0
02/03/2012;07:08:00;14;com vítima;105,9;BR-393/RJ;Sul;Colisão Traseira;2;0;0;0;0;0;0;0;0;0;0;2;0;0;0
02/03/2012;08:14:00;17;sem vítima;285,52;BR-393/RJ;Sul;Colisão Traseira;1;0;1;0;0;0;0;0;0;0;2;0;0;0;0
04/03/2012;19:55:00;52;sem vítima;181,15;BR-393/RJ;Sul;Choque - Elemento de Drenagem;1;0;0;0;0;0;0;0;0;0;3;0;0;0;0
04/03/2012;22:15:00;58;sem vítima;253,3;BR-393/RJ;Norte;Queda de Moto;0;0;0;1;0;0;0;0;0;0;1;0;0;0;0
04/03/2012;12:20:00;29;com vítima;254,32;BR-393/RJ;Sul;Queda de Moto;0;0;0;1;0;0;0;0;0;0;0;1;1;0;0
04/03/2012;03:46:00;9;com vítima;258,24;BR-393/RJ;Norte;Choque - Arvore;1;0;0;0;0;0;0;0;0;0;0;0;0;1;0
04/03/2012;19:17:00;48;sem vítima;284,6;BR-393/RJ;Sul;Colisão Traseira;2;0;0;0;0;0;0;0;0;0;2;0;0;0;0
05/03/2012;17:45:00;57;com vítima;252,05;BR-393/RJ;Norte;Abalroamento Sentido Oposto;1;0;1;0;0;0;0;0;0;0;0;3;1;0;0
06/03/2012;00:00:00;1;com vítima;252,34;BR-393/RJ;Sul;Capotamento;1;0;0;0;0;0;0;0;0;0;0;1;0;0;0
07/03/2012;10:56:00;25;com vítima;242,4;BR-393/RJ;Norte;Choque - Elemento de Drenagem;1;0;0;0;0;0;0;0;0;0;0;1;0;0;0
08/03/2012;07:03:00;12;com vítima;248,39;BR-393/RJ;Norte;Queda de Moto;0;0;0;1;0;0;0;0;0;0;0;1;0;0;0
08/03/2012;18:38:00;69;com vítima;252,4;BR-393/RJ;Norte;Colisão Transversal;1;0;0;1;0;0;0;0;0;0;1;1;0;0;0
08/03/2012;21:51:00;82;sem vítima;283,4;BR-393/RJ;Norte;Colisão Lateral;1;0;0;1;0;0;0;0;0;0;2;0;0;0;0
09/03/2012;21:40:00;70;com vítima;178,36;BR-393/RJ;Norte;Queda de Moto;0;0;0;1;0;0;0;0;0;0;0;1;0;0;0
09/03/2012;00:27:00;1;com vítima;195,07;BR-393/RJ;Norte;Colisão Traseira;0;0;1;0;0;0;0;0;0;1;1;2;0;0;0
09/03/2012;10:08:00;32;sem vítima;282,5;BR-393/RJ;Sul;Colisão Traseira;1;0;0;0;0;0;0;0;0;1;2;0;0;0;0
10/03/2012;15:28:00;50;com vítima;143;BR-393/RJ;Norte;Colisão Lateral;0;0;1;1;0;0;0;0;0;0;1;0;2;0;0
10/03/2012;04:43:00;11;sem vítima;167;BR-393/RJ;Sul;Saida de Pista;1;0;0;0;0;0;0;0;0;0;2;0;0;0;0
10/03/2012;11:06:00;35;sem vítima;258,66;BR-393/RJ;Norte;Colisão Lateral;2;0;0;0;0;0;0;0;0;0;2;0;0;0;0
11/03/2012;17:10:00;33;sem vítima;133,85;BR-393/RJ;Sul;Colisão Traseira;2;0;0;0;0;0;0;0;0;0;3;0;0;0;0
11/03/2012;19:02:00;42;sem vítima;1,44;Alça Sul;Sul;Choque - Elemento de Drenagem;1;0;0;0;0;0;0;0;0;0;1;0;0;0;0
11/03/2012;10:11:00;14;com vítima;233,85;BR-393/RJ;Sul;Capotamento;1;0;0;0;0;0;0;0;0;0;0;3;0;1;0
11/03/2012;17:34:00;35;com vítima;266,95;BR-393/RJ;Norte;Colisão Lateral;1;0;0;0;1;0;0;0;0;0;1;3;0;0;0
11/03/2012;16:49:00;31;sem vítima;278,82;BR-393/RJ;Sul;Engavetamento;3;0;0;0;0;0;0;0;0;0;4;0;0;0;0
12/03/2012;19:02:00;68;com vítima;1;Alça Sul;Sul;Colisão Frontal;2;0;0;0;0;0;0;0;0;0;1;1;0;0;0
12/03/2012;18:34:00;63;com vítima;248,33;BR-393/RJ;Sul;Colisão Lateral;1;0;0;0;0;0;0;0;0;1;2;1;0;0;0
12/03/2012;18:42:00;66;com vítima;256,03;BR-393/RJ;Norte;Choque - Elemento de Drenagem;1;0;0;0;0;0;0;0;0;0;0;1;0;0;0
13/03/2012;19:46:00;69;sem vítima;147;BR-393/RJ;Sul;Saida de Pista;0;0;1;0;0;0;0;0;0;0;1;0;0;0;0
14/03/2012;09:51:00;26;com vítima;103,7;BR-393/RJ;Norte;Choque - Outros;0;0;0;1;0;0;0;0;0;0;0;1;0;0;0
14/03/2012;08:00:00;15;sem vítima;233,68;BR-393/RJ;Norte;Colisão Lateral;1;0;1;0;0;0;0;0;0;0;3;0;0;0;0
14/03/2012;21:59:00;75;sem vítima;252,45;BR-393/RJ;Sul;Saida de Pista;0;0;2;0;0;0;0;0;0;0;2;0;0;0;0
14/03/2012;10:42:00;29;com vítima;274;BR-393/RJ;Sul;Tombamento;0;0;1;0;0;0;0;0;0;0;0;0;1;0;0
15/03/2012;10:06:00;25;com vítima;168,845;BR-393/RJ;Sul;Colisão Transversal;2;0;0;0;0;0;0;0;0;0;1;1;0;0;0
15/03/2012;21:30:00;76;com vítima;181,366;BR-393/RJ;Norte;Choque - Elemento de Drenagem;1;0;0;0;0;0;0;0;0;0;0;1;0;0;0
15/03/2012;21:09:00;75;com vítima;202,87;BR-393/RJ;Norte;Colisão Lateral;1;0;1;0;0;0;0;0;0;0;1;2;0;0;0
16/03/2012;14:48:00;36;com vítima;135,72;BR-393/RJ;Norte;Colisão Traseira;1;0;1;0;0;0;0;0;0;0;1;1;0;0;0
16/03/2012;15:03:00;39;com vítima;178,1;BR-393/RJ;Norte;Choque - Talude;1;0;0;0;0;0;0;0;0;0;0;2;0;0;0
16/03/2012;00:38:00;1;com vítima;250,55;BR-393/RJ;Norte;Colisão Lateral;0;0;2;0;0;0;0;0;0;0;1;1;0;0;0
17/03/2012;11:39:00;31;sem vítima;196,2;BR-393/RJ;Sul;Saida de Pista;0;0;1;0;0;0;0;0;0;0;1;0;0;0;0
17/03/2012;16:28:00;46;com vítima;286,2;BR-393/RJ;Norte;Engavetamento;5;0;0;0;0;0;0;0;0;0;1;9;0;0;0
18/03/2012;15:48:00;24;com vítima;108,98;BR-393/RJ;Norte;Colisão Frontal;1;0;0;0;1;0;0;0;0;0;9;2;1;0;1
18/03/2012;08:20:00;4;com vítima;187,154;BR-393/RJ;Norte;Capotamento;1;0;0;0;0;0;0;0;0;0;0;0;1;0;1
18/03/2012;12:46:00;17;com vítima;263,65;BR-393/RJ;Norte;Queda de Moto;0;0;0;1;0;0;0;0;0;0;0;0;1;0;0
18/03/2012;16:53:00;26;com vítima;266,69;BR-393/RJ;Sul;Choque - Talude;1;0;0;0;0;0;0;0;0;0;0;3;2;0;0
19/03/2012;16:12:00;43;com vítima;136,54;BR-393/RJ;Sul;Colisão Frontal;2;0;0;0;0;0;0;0;0;0;0;3;0;0;0
19/03/2012;18:46:00;52;com vítima;218,81;BR-393/RJ;Norte;Tombamento;0;0;1;0;0;0;0;0;0;0;0;1;0;0;0
19/03/2012;23:08:00;60;sem vítima;235,05;BR-393/RJ;Sul;Saida de Pista;1;0;0;0;0;0;0;0;0;0;1;0;0;0;0
20/03/2012;13:59:00;46;sem vítima;194,89;BR-393/RJ;Norte;Colisão Traseira;0;0;2;0;0;0;0;0;0;0;2;0;0;0;0
20/03/2012;04:50:00;7;com vítima;252,2;BR-393/RJ;Sul;Colisão Traseira;0;0;1;0;0;0;0;0;0;1;1;2;0;0;0
21/03/2012;11:51:00;42;sem vítima;195,07;BR-393/RJ;Norte;Outros;1;0;1;0;0;0;0;0;0;0;2;0;0;0;0
21/03/2012;19:00:00;68;sem vítima;278,15;BR-393/RJ;Sul;Colisão Traseira;2;0;0;0;0;0;0;0;0;0;2;0;0;0;0
21/03/2012;09:10:00;22;sem vítima;285,55;BR-393/RJ;Sul;Colisão Lateral;1;0;1;0;0;0;0;0;0;0;2;0;0;0;0
22/03/2012;13:27:00;55;com vítima;105,92;BR-393/RJ;Sul;Abalroamento Mesmo Sentido ;1;0;0;1;0;0;0;0;0;0;2;1;0;0;0
22/03/2012;15:59:00;69;com vítima;235,25;BR-393/RJ;Norte;Colisão Traseira;1;0;0;0;0;0;0;0;0;1;2;6;2;0;0
22/03/2012;18:10:00;76;sem vítima;268;BR-393/RJ;Norte;Choque - Outros;0;0;1;0;0;0;0;0;0;0;1;0;0;0;0
23/03/2012;22:08:00;79;com vítima;175,58;BR-393/RJ;Norte;Colisão Lateral;1;0;0;0;1;0;0;0;0;0;1;1;0;0;0
23/03/2012;22:50:00;82;sem vítima;284,35;BR-393/RJ;Sul;Saida de Pista;0;0;0;0;0;0;0;0;0;1;1;0;0;0;0
24/03/2012;05:34:00;6;sem vítima;146,9;BR-393/RJ;Sul;Capotamento;1;0;0;0;0;0;0;0;0;0;1;0;0;0;0
24/03/2012;21:27:00;60;com vítima;265,54;BR-393/RJ;Norte;Colisão Traseira;2;0;0;0;0;0;0;0;0;0;1;3;0;0;0
24/03/2012;22:06:00;62;com vítima;284,6;BR-393/RJ;Norte;Colisão Traseira;2;0;0;0;0;0;0;0;0;0;2;1;0;0;0
24/03/2012;10:32:00;23;com vítima;285;BR-393/RJ;Sul;Colisão Traseira;2;0;0;0;0;0;0;0;0;0;0;2;0;0;0
25/03/2012;03:53:00;4;sem vítima;163,27;BR-393/RJ;Sul;Choque - Defensa, barreira ou "submarino";1;0;0;0;0;0;0;0;0;0;2;0;0;0;0
25/03/2012;01:15:00;3;sem vítima;183,46;BR-393/RJ;Norte;Capotamento;1;0;0;0;0;0;0;0;0;0;2;0;0;0;0
25/03/2012;09:47:00;14;com vítima;254,63;BR-393/RJ;Norte;Choque - Outros;1;0;0;0;0;0;0;0;0;0;0;1;0;0;0
25/03/2012;18:28:00;33;sem vítima;279,8;BR-393/RJ;Sul;Colisão Lateral;2;0;0;0;0;0;0;0;0;0;2;0;0;0;0
26/03/2012;17:29:00;68;com vítima;106,3;BR-393/RJ;Norte;Colisão Lateral;2;0;0;0;0;0;0;0;0;0;3;1;0;0;0
26/03/2012;02:40:00;2;sem vítima;286;BR-393/RJ;Norte;Colisão Traseira;2;0;0;0;0;0;0;0;0;0;2;0;0;0;0
26/03/2012;17:14:00;67;sem vítima;286;BR-393/RJ;Norte;Colisão Traseira;2;0;0;0;0;0;0;0;0;0;2;0;0;0;0
27/03/2012;17:15:00;54;com vítima;182,35;BR-393/RJ;Sul;Colisão Lateral;1;0;0;1;0;0;0;0;0;0;1;1;0;0;0
27/03/2012;12:28:00;37;com vítima;284,525;BR-393/RJ;Sul;Colisão Lateral;0;0;0;2;0;0;0;0;0;0;0;1;1;0;0
28/03/2012;07:11:00;4;com vítima;187,6;BR-393/RJ;Sul;Colisão Lateral;1;0;2;0;0;0;0;0;0;0;2;2;0;0;0
28/03/2012;06:32:00;3;com vítima;195,05;BR-393/RJ;Norte;Colisão Traseira;0;0;2;0;0;0;0;0;0;0;1;1;0;0;0
28/03/2012;17:05:00;51;com vítima;235,14;BR-393/RJ;Norte;Colisão Lateral;2;0;0;0;0;0;0;0;0;0;0;3;0;0;0
28/03/2012;15:12:00;43;com vítima;238,68;BR-393/RJ;Sul;Colisão Lateral;2;0;0;0;0;0;0;0;0;0;0;4;0;0;0
28/03/2012;14:21:00;41;com vítima;284,93;BR-393/RJ;Norte;Colisão Transversal;1;0;1;0;0;0;0;0;0;0;1;1;0;0;0
29/03/2012;07:11:00;12;sem vítima;232,72;BR-393/RJ;Norte;Outros - Sequência;2;0;0;0;0;0;0;0;0;0;2;0;0;0;0
29/03/2012;09:43:00;40;com vítima;251,4;BR-393/RJ;Sul;Colisão Traseira;1;0;2;0;0;0;0;0;0;0;1;2;0;0;0
30/03/2012;06:36:00;12;com vítima;172,345;BR-393/RJ;Norte;Colisão Frontal;1;0;1;0;0;0;0;0;0;0;0;1;0;0;1
30/03/2012;16:24:00;59;com vítima;175,95;BR-393/RJ;Norte;Engavetamento;2;0;1;0;0;0;0;0;0;0;0;3;0;0;0
30/03/2012;16:56:00;61;com vítima;176,623;BR-393/RJ;Norte;Colisão Traseira;2;0;0;0;0;0;0;0;0;0;3;1;0;0;0
30/03/2012;06:48:00;13;com vítima;1,006;Alça Sul;Norte;Queda de Moto;0;0;0;1;0;0;0;0;0;0;0;1;0;0;0
30/03/2012;17:26:00;64;com vítima;233,715;BR-393/RJ;Norte;Colisão Traseira;0;0;2;0;0;0;0;0;0;0;0;1;1;0;0
30/03/2012;19:52:00;73;sem vítima;285,48;BR-393/RJ;Sul;Colisão Lateral;1;0;1;0;0;0;0;0;0;0;2;0;0;0;0
31/03/2012;07:52:00;11;com vítima;168,76;BR-393/RJ;Norte;Colisão Lateral;1;0;0;1;0;0;0;0;0;0;3;1;0;0;0
31/03/2012;06:14:00;6;com vítima;191,69;BR-393/RJ;Norte;Outros - Sequência;1;0;0;0;0;0;0;0;0;1;0;2;1;1;1
02/04/2012;10:00:00;33;sem vítima;234,95;BR-393/RJ;Sul;Abalroamento Sentido Oposto;1;;;;1;;;;;;2;;;;
03/04/2012;09:13:00;13;com vítima;132,9;BR-393/RJ;Norte;Colisão Traseira;2;;;;;;;;;;0;3;;;
03/04/2012;08:30:00;12;com vítima;235,09;BR-393/RJ;Sul;Colisão Lateral;1;;;1;;;;;;;1;1;;;
03/04/2012;17:12:00;66;com vítima;268,3;BR-393/RJ;Sul;Colisão Transversal;2;;;;;;;;;;0;2;;;
03/04/2012;00:30:00;1;sem vítima;286;BR-393/RJ;Norte;Colisão Lateral;2;;;;;;;;;;2;;;;
04/04/2012;10:27:00;25;sem vítima;252,409;BR-393/RJ;Norte;Colisão Lateral;2;;;;;;;;;;2;;;;
05/04/2012;00:59:00;1;sem vítima;215,39;BR-393/RJ;Sul;Choque - Elemento de Drenagem;1;;;;;;;;;;1;;;;
05/04/2012;15:47:00;39;com vítima;285,5;BR-393/RJ;Norte;Colisão Lateral;1;;;1;;;;;;;0;2;;;
05/04/2012;16:46:00;46;com vítima;285,566;BR-393/RJ;Sul;Abalroamento Mesmo Sentido ;1;;1;;;;;;;;1;1;;;
05/04/2012;15:42:00;38;sem vítima;286;BR-393/RJ;Sul;Colisão Traseira;2;;;;;;;;;;2;;;;
06/04/2012;06:54:00;20;com vítima;175,575;BR-393/RJ;Sul;Outros - Sequência;;;2;;;;;;;;0;;1;;1
06/04/2012;00:40:00;3;com vítima;188,1;BR-393/RJ;Norte;Atropelamento de Animal;1;;;;;;;;;;1;3;;;
06/04/2012;06:58:00;21;sem vítima;251,19;BR-393/RJ;Norte;Saida de Pista;1;;;;;;;;;;4;;;;
07/04/2012;18:20:00;50;com vítima;236,843;BR-393/RJ;Norte;Colisão Lateral;2;;;;;;;;;;1;3;;;
07/04/2012;17:14:00;45;com vítima;239,57;BR-393/RJ;Sul;Abalroamento Mesmo Sentido ;1;;1;1;;;;;;;2;1;;;
07/04/2012;16:34:00;43;sem vítima;266,515;BR-393/RJ;Norte;Saida de Pista;1;;;;;;;;;;1;;;;
08/04/2012;12:39:00;26;com vítima;148,376;BR-393/RJ;Norte;Engavetamento;4;;;;;;;;;;0;7;;;
08/04/2012;17:50:00;47;sem vítima;158,8;BR-393/RJ;Sul;Colisão Lateral;2;;;;;;;;;;2;;;;
08/04/2012;11:39:00;25;com vítima;173,05;BR-393/RJ;Norte;Colisão Lateral;2;;;;;;;;;;0;2;2;;
08/04/2012;21:14:00;60;sem vítima;256,89;BR-393/RJ;Sul;Colisão Lateral;1;;;;;;;;;1;3;;;;
08/04/2012;15:39:00;33;com vítima;265,175;BR-393/RJ;Sul;Colisão Traseira;2;;;;;;;;;;0;2;;;
08/04/2012;19:20:00;53;sem vítima;285,5;BR-393/RJ;Sul;Colisão Transversal;1;;1;;;;;;;;2;;;;
09/04/2012;10:57:00;37;com vítima;218,7;BR-393/RJ;Norte;Colisão Traseira;;;2;;;;;;;;0;2;;;
10/04/2012;07:35:00;7;com vítima;124,5;BR-393/RJ;Norte;Tombamento;;;1;;;;;;;;0;1;;;
11/04/2012;05:56:00;31;com vítima;138,52;BR-393/RJ;Norte;Colisão Frontal;;;;;2;;;;;;0;10;;1;
11/04/2012;05:43:00;29;com vítima;185,669;BR-393/RJ;Norte;Colisão Lateral;1;;1;;;;;;;;1;3;;;
12/04/2012;11:09:00;33;com vítima;145;BR-393/RJ;Norte;Atropelamento - Funcionário;1;;;;;;;;;;1;1;;;
12/04/2012;11:52:00;39;sem vítima;206,92;BR-393/RJ;Sul;Saida de Pista;1;;;;;;;;;;5;;;;
12/04/2012;15:24:00;56;sem vítima;282,365;BR-393/RJ;Sul;Colisão Lateral;1;;1;;;;;;;;2;;;;
13/04/2012;17:10:00;65;sem vítima;280;BR-393/RJ;Norte;Colisão Lateral;2;;;;;;;;;;2;;;;
14/04/2012;07:23:00;9;com vítima;128,62;BR-393/RJ;Sul;Tombamento;;;1;;;;;;;;0;;1;;
14/04/2012;13:04:00;40;com vítima;255,73;BR-393/RJ;Norte;Colisão Frontal;1;;;1;;;;;;;0;1;2;;
15/04/2012;14:46:00;38;com vítima;137,69;BR-393/RJ;Sul;Outros;;;;2;;;;;;;0;3;1;;
15/04/2012;15:47:00;41;com vítima;189,25;BR-393/RJ;Sul;Saida de Pista;1;;;;;;;;;;0;1;;;
15/04/2012;19:32:00;54;com vítima;223,296;BR-393/RJ;Sul;Outros - Sequência;;;3;;;;;;;;0;3;;;
15/04/2012;20:10:00;56;sem vítima;244,327;BR-393/RJ;Sul;Choque - Defensa, barreira ou "submarino";1;;;;;;;;;;1;;;;
15/04/2012;18:23:00;50;sem vítima;263,864;BR-393/RJ;Sul;Saida de Pista;1;;;;;;;;;;2;;;;
16/04/2012;09:29:00;15;com vítima;238,525;BR-393/RJ;Sul;Colisão Traseira;;;2;;;;;;;;2;3;;;
17/04/2012;16:11:00;44;com vítima;122,13;BR-393/RJ;Sul;Capotamento;1;;;;;;;;;;0;1;;;
18/04/2012;09:21:00;21;com vítima;182,44;BR-393/RJ;Norte;Colisão Lateral;1;;1;;;;;;;;4;1;;;
18/04/2012;21:19:00;86;sem vítima;284,98;BR-393/RJ;Norte;Engavetamento;3;;;;;;;;;;3;;;;
19/04/2012;08:48:00;20;com vítima;117,79;BR-393/RJ;Sul;Saida de Pista;1;;;;;;;;;;0;1;1;1;
19/04/2012;18:37:00;71;com vítima;160,726;BR-393/RJ;Norte;Choque - Outros;1;;;;;;;;;;0;1;;;
19/04/2012;07:29:00;17;sem vítima;229,75;BR-393/RJ;Norte;Colisão Lateral;;;2;;;;;;;;2;;;;
19/04/2012;22:23:00;79;com vítima;286;BR-393/RJ;Norte;Colisão Traseira;1;;1;;;;;;;;1;2;;;
20/04/2012;10:42:00;28;com vítima;157;BR-393/RJ;Norte;Tombamento;;;1;;;;;;;;0;1;;;
20/04/2012;13:04:00;38;com vítima;239;BR-393/RJ;Norte;Queda de Moto;;;;1;;;;;;;0;1;;;
20/04/2012;18:06:00;55;sem vítima;271;BR-393/RJ;Norte;Colisão Traseira;2;;;;;;;;;;2;;;;
21/04/2012;06:15:00;9;com vítima;125;BR-393/RJ;Sul;Colisão Traseira;1;;1;;;;;;;;1;1;;;
21/04/2012;21:04:00;46;com vítima;147;BR-393/RJ;Norte;Capotamento;1;;;;;;;;;;0;1;;;
21/04/2012;08:43:00;13;sem vítima;229;BR-393/RJ;Norte;Saida de Pista;1;;;;;;;;;;2;;;;
21/04/2012;09:32:00;17;com vítima;237;BR-393/RJ;Norte;Colisão Traseira;1;;1;;;;;;;;2;1;;;
21/04/2012;06:43:00;10;com vítima;284,8;BR-393/RJ;Norte;Choque - Defensa, barreira ou "submarino";1;;;;;;;;;;0;1;;;
22/04/2012;05:42:00;3;sem vítima;179;BR-393/RJ;Sul;Choque - Outros;1;;;;;;;;;;1;;;;
22/04/2012;20:58:00;47;com vítima;242,44;BR-393/RJ;Sul;Queda de Moto;;;;1;;;;;;;0;;1;;
23/04/2012;22:47:00;74;sem vítima;160,88;BR-393/RJ;Sul;Choque - Elemento de Drenagem;1;;;;;;;;;;5;;;;
23/04/2012;18:20:00;61;com vítima;182,328;BR-393/RJ;Sul;Colisão Traseira;1;;;1;;;;;;;1;2;;;
23/04/2012;15:50:00;53;com vítima;186,35;BR-393/RJ;Norte;Colisão Traseira;1;;;1;;;;;;;4;2;;;
23/04/2012;22:57:00;75;com vítima;246,26;BR-393/RJ;Sul;Choque - Talude;;;1;;;;;;;;0;1;;;
23/04/2012;09:37:00;30;com vítima;272,88;BR-393/RJ;Norte;Colisão Traseira;1;;;1;;;;;;;1;;1;;
24/04/2012;17:04:00;53;com vítima;177,62;BR-393/RJ;Norte;Choque - Outros;1;;;;;;;;;;0;2;;;
24/04/2012;04:48:00;11;sem vítima;265,1;BR-393/RJ;Norte;Colisão Traseira;;;2;;;;;;;;2;;;;
25/04/2012;04:17:00;10;com vítima;143,5;BR-393/RJ;Norte;Tombamento;;;1;;;;;;;;0;1;;;
25/04/2012;16:31:00;46;sem vítima;165,7;BR-393/RJ;Norte;Saida de Pista;;;3;;;;;;;;3;;;;
25/04/2012;15:38:00;44;sem vítima;247;BR-393/RJ;Norte;Colisão Traseira;1;;1;;;;;;;;4;;;;
27/04/2012;21:34:00;118;com vítima;141,864;BR-393/RJ;Sul;Atropelamento - Morador;;;;1;;;;;;;0;1;1;;
27/04/2012;02:18:00;6;sem vítima;151,733;BR-393/RJ;Sul;Abalroamento Mesmo Sentido ;1;;1;;;;;;;;4;;;;
27/04/2012;08:22:00;42;sem vítima;285,48;BR-393/RJ;Sul;Colisão Lateral;1;;1;;;;;;;;3;;;;
28/04/2012;14:03:00;27;com vítima;130,25;BR-393/RJ;Norte;Queda de Moto;;;;1;;;;;;;0;1;;;
28/04/2012;09:19:00;16;com vítima;219,56;BR-393/RJ;Norte;Saida de Pista;1;;;;;;;;;;0;2;;;
28/04/2012;05:25:00;7;com vítima;238,626;BR-393/RJ;Sul;Colisão Lateral;1;;1;;;;;;;;2;1;;;
28/04/2012;22:12:00;54;com vítima;248,13;BR-393/RJ;Sul;Abalroamento Sentido Oposto;1;;1;;;;;;;;1;4;;;
28/04/2012;09:13:00;15;com vítima;254,12;BR-393/RJ;Norte;Saida de Pista;1;;;;;;;;;;0;5;;;
29/04/2012;06:50:00;4;com vítima;243;BR-393/RJ;Sul;Saida de Pista;1;;;;;;;;;;0;1;;;
01/05/2012;04:56:00;42;com vítima;104,2;BR-393/RJ;Sul;Colisão Frontal;1;0;0;1;0;0;0;0;0;0;2;0;1;0;0
01/05/2012;15:33:00;83;sem vítima;166,08;BR-393/RJ;Sul;Colisão Traseira;2;0;0;0;0;0;0;0;0;0;5;0;0;0;0
01/05/2012;00:50:00;7;sem vítima;264,95;BR-393/RJ;Sul;Colisão Traseira;1;0;0;0;1;0;0;0;0;0;2;0;0;0;0
01/05/2012;19:30:00;107;com vítima;279,27;BR-393/RJ;Sul;Colisão Traseira;2;0;0;0;0;0;0;0;0;0;3;1;0;0;0
02/05/2012;17:01:00;44;com vítima;116,715;BR-393/RJ;Norte;Colisão Traseira;2;0;0;0;0;0;0;0;0;0;3;3;0;0;0
02/05/2012;08:30:00;19;com vítima;136,08;BR-393/RJ;Norte;Colisão Traseira;2;0;0;0;0;0;0;0;0;0;0;5;0;0;0
02/05/2012;08:07:00;18;sem vítima;218,37;BR-393/RJ;Norte;Colisão Traseira;1;0;0;0;0;0;0;0;0;1;2;0;0;0;0
03/05/2012;13:20:00;39;com vítima;282,12;BR-393/RJ;Norte;Colisão Transversal;2;0;0;0;0;0;0;0;0;0;1;2;0;0;0
03/05/2012;18:43:00;58;com vítima;286;BR-393/RJ;Sul;Engavetamento;3;0;1;0;0;0;0;0;0;0;0;5;0;0;0
04/05/2012;05:31:00;7;com vítima;145,68;BR-393/RJ;Norte;Tombamento;0;0;1;0;0;0;0;0;0;0;0;0;1;0;0
04/05/2012;21:48:00;96;com vítima;181,51;BR-393/RJ;Sul;Queda de Moto;0;0;0;1;0;0;0;0;0;0;0;1;0;0;0
04/05/2012;21:48:00;98;sem vítima;181,51;BR-393/RJ;Norte;Engavetamento;2;0;0;0;0;0;0;0;0;1;3;0;0;0;0
04/05/2012;23:40:00;100;sem vítima;286,1;BR-393/RJ;Sul;Engavetamento;3;0;0;0;0;0;0;0;0;0;3;0;0;0;0
05/05/2012;14:09:00;54;sem vítima;104,64;BR-393/RJ;Norte;Colisão Traseira;1;0;1;0;0;0;0;0;0;0;2;0;0;0;0
05/05/2012;11:33:00;51;com vítima;105,4;BR-393/RJ;Sul;Saida de Pista;1;0;0;0;0;0;0;0;0;0;0;2;0;0;0
05/05/2012;05:38:00;10;sem vítima;125,86;BR-393/RJ;Norte;Abalroamento Mesmo Sentido ;1;0;1;0;0;0;0;0;0;0;2;0;0;0;0
05/05/2012;10:05:00;39;sem vítima;284;BR-393/RJ;Sul;Colisão Lateral;1;0;1;0;0;0;0;0;0;0;2;0;0;0;0
06/05/2012;03:21:00;8;com vítima;128,09;BR-393/RJ;Sul;Capotamento;0;0;0;0;0;0;0;0;0;1;0;0;1;0;0
06/05/2012;14:58:00;28;com vítima;178,25;BR-393/RJ;Norte;Atropelamento - Usuário;1;0;0;0;0;0;0;0;0;0;1;0;1;0;0
06/05/2012;11:53:00;20;com vítima;181,19;BR-393/RJ;Norte;Saida de Pista;0;0;1;0;0;0;0;0;0;0;0;1;0;0;0
06/05/2012;02:00:00;5;com vítima;217,639;BR-393/RJ;Norte;Queda de Moto;0;0;0;1;0;0;0;0;0;0;0;2;0;0;0
06/05/2012;16:58:00;35;sem vítima;283,51;BR-393/RJ;Sul;Colisão Lateral;1;0;1;0;0;0;0;0;0;0;2;0;0;0;0
06/05/2012;14:23:00;26;com vítima;284,49;BR-393/RJ;Norte;Atropelamento - Usuário;1;0;1;0;0;0;0;0;0;0;0;1;1;0;0
07/05/2012;12:34:00;47;com vítima;182,42;BR-393/RJ;Norte;Colisão Transversal;1;0;0;0;0;0;0;0;0;1;2;2;0;0;0
08/05/2012;08:03:00;12;sem vítima;130,96;BR-393/RJ;Norte;Colisão Lateral;0;0;2;0;0;0;0;0;0;0;2;0;0;0;0
08/05/2012;15:02:00;62;com vítima;175,77;BR-393/RJ;Norte;Outros - Sequência;1;0;0;1;0;0;0;0;0;0;1;1;1;0;0
08/05/2012;15:44:00;65;com vítima;179,187;BR-393/RJ;Sul;Saida de Pista;1;0;0;0;0;0;0;0;0;0;0;2;0;0;0
08/05/2012;12:56:00;48;com vítima;284,38;BR-393/RJ;Sul;Colisão Frontal;2;0;0;0;0;0;0;0;0;0;1;1;0;0;0
10/05/2012;15:16:00;52;com vítima;177,75;BR-393/RJ;Norte;Colisão Traseira;1;0;1;0;0;0;0;0;0;0;2;1;0;0;0
10/05/2012;23:11:00;65;sem vítima;265,16;BR-393/RJ;Sul;Colisão Traseira;0;0;2;0;0;0;0;0;0;0;2;0;0;0;0