data;horario;n_da_ocorrencia;tipo_de_ocorrencia;km;trecho;sentido;tipo_de_acidente;automovel;bicicleta;caminhao;moto;onibus;outros;tracao_animal;transporte_de_cargas_especiais;trator_maquinas;utilitarios;ilesos;levemente_feridos;moderadamente_feridos;gravemente_feridos;mortos
10/07/2012;11:27:00;38;sem vítima;110;BR-393/RJ;Sul;Saida de Pista;1;0;0;0;0;0;0;0;0;0;1;0;0;0;0
10/07/2012;08:02:00;12;com vítima;235;BR-393/RJ;Norte;Abalroamento Mesmo Sentido ;1;0;1;0;0;0;0;0;0;0;1;1;0;0;0
10/07/2012;20:48:00;85;sem vítima;254,4;BR-393/RJ;Norte;Saida de Pista;1;0;0;0;0;0;0;0;0;0;3;0;0;0;0
10/07/2012;13:01:00;47;com vítima;265;BR-393/RJ;Sul;Engavetamento;3;0;0;0;0;0;0;0;0;0;1;4;0;0;0
10/07/2012;16:02:00;63;sem vítima;283;BR-393/RJ;Norte;Colisão Lateral;1;0;0;0;0;0;0;0;0;1;2;0;0;0;0
10/07/2012;18:00:00;72;com vítima;285,2;BR-393/RJ;Norte;Colisão Lateral;0;0;1;1;0;0;0;0;0;0;1;0;2;0;0
11/07/2012;16:00:00;86;sem vítima;173,92;BR-393/RJ;Sul;Atropelamento de Animal;1;0;0;0;0;0;0;0;0;0;1;0;0;0;0
11/07/2012;09:04:00;33;sem vítima;257,12;BR-393/RJ;Sul;Colisão Traseira;2;0;0;0;0;0;0;0;0;0;2;0;0;0;0
12/07/2012;21:14:00;103;sem vítima;135,73;BR-393/RJ;Sul;Engavetamento;3;0;0;0;0;0;0;0;0;0;12;0;0;0;0
13/07/2012;19:02:00;88;sem vítima;111,97;BR-393/RJ;Sul;Atropelamento de Animal;1;0;0;0;0;0;0;0;0;0;1;0;0;0;0
13/07/2012;19:52:00;92;sem vítima;119,82;BR-393/RJ;Norte;Atropelamento de Animal;1;0;0;0;0;0;0;0;0;0;1;0;0;0;0
13/07/2012;10:53:00;49;com vítima;131,2;BR-393/RJ;Sul;Tombamento;0;0;1;0;0;0;0;0;0;0;0;1;0;0;0
13/07/2012;06:36:00;13;com vítima;236,54;BR-393/RJ;Sul;Colisão Traseira;1;0;1;0;0;0;0;0;0;0;3;3;0;0;0
14/07/2012;21:09:00;75;sem vítima;265;BR-393/RJ;Norte;Colisão Traseira;1;0;0;0;1;0;0;0;0;0;2;0;0;0;0
15/07/2012;18:13:00;72;sem vítima;143,5;BR-393/RJ;Norte;Choque - Defensa, barreira ou "submarino";1;0;0;0;0;0;0;0;0;0;1;0;0;0;0
15/07/2012;22:53:00;87;sem vítima;259,939;BR-393/RJ;Norte;Saida de Pista;1;0;0;0;0;0;0;0;0;0;1;0;0;0;0
15/07/2012;18:40:00;74;sem vítima;265,12;BR-393/RJ;Norte;Colisão Traseira;2;0;0;0;0;0;0;0;0;0;2;0;0;0;0
17/07/2012;12:47:00;38;com vítima;258,8;BR-393/RJ;Sul;Saida de Pista;0;0;1;0;0;0;0;0;0;0;0;1;0;0;0
17/07/2012;10:44:00;27;com vítima;261;BR-393/RJ;Norte;Tombamento;0;0;1;0;0;0;0;0;0;0;0;1;0;0;0
17/07/2012;19:38:00;62;sem vítima;278;BR-393/RJ;Sul;Engavetamento;4;0;0;0;0;0;0;0;0;0;5;0;0;0;0
18/07/2012;16:30:00;42;com vítima;161,1;BR-393/RJ;Sul;Queda de Moto;0;0;0;1;0;0;0;0;0;0;0;1;1;0;0
18/07/2012;12:45:00;36;com vítima;204,1;BR-393/RJ;Norte;Capotamento;1;0;0;0;0;0;0;0;0;0;0;1;0;0;0
19/07/2012;18:31:00;98;com vítima;252,3;BR-393/RJ;Norte;Queda de Moto;1;0;0;1;0;0;0;0;0;0;1;1;0;0;0
19/07/2012;16:40:00;79;com vítima;285;BR-393/RJ;Sul;Abalroamento Mesmo Sentido ;1;0;1;0;0;0;0;0;0;0;1;1;0;0;0
19/07/2012;19:16:00;104;com vítima;285,893;BR-393/RJ;Norte;Atropelamento - Ciclista;0;1;1;0;0;0;0;0;0;0;1;0;0;1;0
20/07/2012;12:35:00;59;com vítima;177,5;BR-393/RJ;Norte;Colisão Traseira;2;0;0;0;0;0;0;0;0;0;0;2;0;0;0
20/07/2012;03:36:00;5;sem vítima;223,024;BR-393/RJ;Norte;Atropelamento de Animal;0;0;0;0;1;0;0;0;0;0;1;0;0;0;0
21/07/2012;21:07:00;58;sem vítima;175,1;BR-393/RJ;Sul;Queda de Moto;0;0;0;1;0;0;0;0;0;0;1;0;0;0;0
21/07/2012;09:53:00;25;sem vítima;175,8;BR-393/RJ;Sul;Queda de Moto;0;0;0;1;0;0;0;0;0;0;1;0;0;0;0
21/07/2012;05:12:00;10;sem vítima;204;BR-393/RJ;Sul;Saida de Pista;1;0;0;0;0;0;0;0;0;0;2;0;0;0;0
21/07/2012;18:48:00;53;com vítima;218,3;BR-393/RJ;Norte;Colisão Frontal;2;0;0;0;0;0;0;0;0;0;4;5;0;0;0
21/07/2012;08:23:00;17;sem vítima;231;BR-393/RJ;Norte;Colisão Traseira;2;0;0;0;0;0;0;0;0;0;8;0;0;0;0
21/07/2012;04:39:00;6;sem vítima;283,557;BR-393/RJ;Norte;Choque - Defensa, barreira ou "submarino";1;0;0;0;0;0;0;0;0;0;1;0;0;0;0
21/07/2012;18:40:00;51;com vítima;284,3;BR-393/RJ;Norte;Colisão Lateral;2;0;0;0;0;0;0;0;0;0;0;2;0;0;0
22/07/2012;18:01:00;31;com vítima;219;BR-393/RJ;Sul;Colisão Traseira;1;0;1;0;0;0;0;0;0;0;0;3;0;0;0
22/07/2012;19:18:00;38;com vítima;235,1;BR-393/RJ;Norte;Colisão Transversal;1;0;0;1;0;0;0;0;0;0;4;2;0;0;0
22/07/2012;14:23:00;22;com vítima;236;BR-393/RJ;Norte;Colisão Transversal;1;0;0;0;1;0;0;0;0;0;0;3;0;0;0
22/07/2012;18:53:00;33;com vítima;238;BR-393/RJ;Norte;Capotamento;1;0;0;0;0;0;0;0;0;0;0;0;2;0;0
22/07/2012;20:23:00;39;sem vítima;280,2;BR-393/RJ;Norte;Colisão Transversal;2;0;0;0;0;0;0;0;0;0;2;0;0;0;0
23/07/2012;19:34:00;76;com vítima;235;BR-393/RJ;Norte;Colisão Lateral;1;0;0;1;0;0;0;0;0;0;1;3;1;0;0
23/07/2012;18:12:00;71;com vítima;283,5;BR-393/RJ;Sul;Colisão Lateral;1;0;0;1;0;0;0;0;0;0;1;0;0;1;0
24/07/2012;07:46:00;13;sem vítima;213;BR-393/RJ;Sul;Saida de Pista;0;0;1;0;0;0;0;0;0;0;1;0;0;0;0
24/07/2012;09:04:00;26;sem vítima;285,5;BR-393/RJ;Sul;Colisão Traseira;1;0;1;0;0;0;0;0;0;0;2;0;0;0;0
25/07/2012;06:58:00;5;sem vítima;168;BR-393/RJ;Sul;Colisão Traseira;1;0;1;0;0;0;0;0;0;0;6;0;0;0;0
25/07/2012;13:35:00;62;sem vítima;171;BR-393/RJ;Sul;Colisão Lateral;2;0;0;0;0;0;0;0;0;0;2;0;0;0;0
26/07/2012;21:51:00;90;com vítima;146;BR-393/RJ;Norte;Choque - Talude;0;0;2;0;0;0;0;0;0;0;0;1;1;0;0
26/07/2012;07:54:00;19;sem vítima;154;BR-393/RJ;Sul;Colisão Lateral;1;0;1;0;0;0;0;0;0;0;2;0;0;0;0
26/07/2012;01:04:00;3;sem vítima;178;BR-393/RJ;Norte;Colisão Traseira;2;0;0;0;0;0;0;0;0;0;2;0;0;0;0
27/07/2012;15:06:00;62;com vítima;121,6;BR-393/RJ;Norte;Tombamento;0;0;1;0;0;0;0;0;0;0;0;2;0;0;0
27/07/2012;12:54:00;52;com vítima;151,86;BR-393/RJ;Sul;Colisão Frontal;2;0;0;0;0;0;0;0;0;0;0;2;2;0;0
27/07/2012;18:28:00;83;com vítima;246,913;BR-393/RJ;Norte;Capotamento;1;0;0;0;0;0;0;0;0;0;0;1;0;0;0
27/07/2012;09:57:00;38;sem vítima;285,4;BR-393/RJ;Sul;Colisão Lateral;1;0;1;0;0;0;0;0;0;0;2;0;0;0;0
27/07/2012;14:43:00;60;sem vítima;286;BR-393/RJ;Sul;Colisão Traseira;1;0;0;0;1;0;0;0;0;0;2;0;0;0;0
28/07/2012;18:13:00;62;com vítima;175,49;BR-393/RJ;Norte;Abalroamento Mesmo Sentido ;0;0;1;1;0;0;0;0;0;0;1;1;0;0;0
28/07/2012;18:33:00;63;sem vítima;283,466;BR-393/RJ;Norte;Abalroamento Mesmo Sentido ;1;0;1;0;0;0;0;0;0;0;2;0;0;0;0
29/07/2012;02:55:00;6;com vítima;146,73;BR-393/RJ;Sul;Tombamento;0;0;1;0;0;0;0;0;0;0;0;1;0;0;0
29/07/2012;11:54:00;22;com vítima;191,23;BR-393/RJ;Norte;Queda de Moto;0;0;0;1;0;0;0;0;0;0;0;1;0;0;0
30/07/2012;11:39:00;26;sem vítima;259,98;BR-393/RJ;Sul;Colisão Traseira;1;0;1;0;0;0;0;0;0;0;2;0;0;0;0
31/07/2012;22:00:00;82;com vítima;169,362;BR-393/RJ;Norte;Capotamento;1;0;0;0;0;0;0;0;0;0;0;1;0;0;0
31/07/2012;08:37:00;18;com vítima;171,46;BR-393/RJ;Norte;Colisão Traseira;2;0;0;0;0;0;0;0;0;0;0;3;0;0;0
31/07/2012;18:20:00;68;sem vítima;180,139;BR-393/RJ;Sul;Colisão Traseira;2;0;0;0;0;0;0;0;0;0;2;0;0;0;0
31/07/2012;11:01:00;40;com vítima;229,82;BR-393/RJ;Sul;Abalroamento Mesmo Sentido ;1;0;0;1;0;0;0;0;0;0;1;1;0;0;0
01/08/2012;18:34:00;84;sem vítima;182;BR-393/RJ;Norte;Colisão Lateral;1;0;1;0;0;0;0;0;0;0;2;0;0;0;0
01/08/2012;00:25:00;2;sem vítima;280;BR-393/RJ;Sul;Colisão Frontal;1;0;1;0;0;0;0;0;0;0;2;0;0;0;0
02/08/2012;07:14:00;16;com vítima;151,87;BR-393/RJ;Sul;Tombamento;0;0;1;0;0;0;0;0;0;0;0;1;0;0;0
03/08/2012;16:43:00;61;sem vítima;181,96;BR-393/RJ;Sul;Engavetamento;1;0;2;0;0;0;0;0;0;1;4;0;0;0;0
03/08/2012;12:21:00;46;sem vítima;211,48;BR-393/RJ;Norte;Outros - Sequência;1;0;2;0;0;0;0;0;0;0;4;0;0;0;0
03/08/2012;21:51:00;78;sem vítima;236,48;BR-393/RJ;Sul;Colisão Traseira;1;0;0;0;0;0;0;0;0;1;2;0;0;0;0
03/08/2012;07:50:00;13;com vítima;246,53;BR-393/RJ;Norte;Capotamento;1;0;0;0;0;0;0;0;0;0;0;4;0;0;0
04/08/2012;23:51:00;119;sem vítima;258;BR-393/RJ;Norte;Atropelamento de Animal;1;0;0;0;0;0;0;0;0;0;1;0;0;0;0
05/08/2012;16:22:00;84;com vítima;146,44;BR-393/RJ;Sul;Choque - Outros;1;0;0;0;0;0;0;0;0;0;1;1;1;0;0
05/08/2012;22:09:00;103;com vítima;147,479;BR-393/RJ;Norte;Tombamento;0;0;0;0;0;0;0;0;0;1;0;0;0;1;0
05/08/2012;16:49:00;90;sem vítima;155,42;BR-393/RJ;Norte;Outros;0;0;1;0;0;0;0;0;0;0;1;0;0;0;0
05/08/2012;04:52:00;12;com vítima;178,226;BR-393/RJ;Norte;Colisão Traseira;2;0;0;0;0;0;0;0;0;0;0;5;0;0;0
05/08/2012;07:03:00;17;com vítima;181,74;BR-393/RJ;Sul;Colisão Traseira;1;0;1;0;0;0;0;0;0;0;0;1;0;1;0
05/08/2012;14:40:00;67;com vítima;199,77;BR-393/RJ;Norte;Colisão Lateral;2;0;0;0;0;0;0;0;0;0;3;1;0;0;0
05/08/2012;00:45:00;2;sem vítima;203,26;BR-393/RJ;Sul;Saida de Pista;1;0;0;0;0;0;0;0;0;0;1;0;0;0;0
05/08/2012;18:09:00;94;com vítima;209,1;BR-393/RJ;Norte;Tombamento;0;0;1;0;0;0;0;0;0;0;0;1;0;0;0
05/08/2012;16:23:00;85;com vítima;268,25;BR-393/RJ;Sul;Colisão Lateral;1;0;1;0;0;0;0;0;0;0;1;1;0;0;0
06/08/2012;21:30:00;92;com vítima;172,75;BR-393/RJ;Norte;Atropelamento de Animal;1;0;0;0;0;0;0;0;0;0;0;2;0;0;0
06/08/2012;10:25:00;44;com vítima;235,95;BR-393/RJ;Sul;Queda de Moto;0;0;0;1;0;0;0;0;0;0;0;1;0;0;0
06/08/2012;16:23:00;78;com vítima;242,44;BR-393/RJ;Sul;Capotamento;1;0;0;0;0;0;0;0;0;0;0;1;0;0;0
06/08/2012;14:23:00;73;sem vítima;278,895;BR-393/RJ;Norte;Abalroamento Mesmo Sentido ;1;0;0;0;1;0;0;0;0;0;3;0;0;0;0
07/08/2012;11:58:00;53;com vítima;105,96;BR-393/RJ;Norte;Colisão Lateral;1;0;1;0;0;0;0;0;0;0;2;1;0;0;1
07/08/2012;12:22:00;54;com vítima;250,46;BR-393/RJ;Sul;Colisão Traseira;2;0;0;0;0;0;0;0;0;0;0;2;0;0;0
07/08/2012;13:46:00;60;com vítima;284,53;BR-393/RJ;Norte;Colisão Traseira;1;0;1;0;0;0;0;0;0;0;0;2;0;0;0
07/08/2012;13:10:00;56;sem vítima;284,54;BR-393/RJ;Norte;Colisão Traseira;0;0;1;0;1;0;0;0;0;0;2;0;0;0;0
08/08/2012;15:19:00;78;com vítima;230;BR-393/RJ;Sul;Queda de Bicicleta;0;1;0;0;0;0;0;0;0;0;0;1;0;0;0
08/08/2012;08:26:00;28;sem vítima;280;BR-393/RJ;Norte;Colisão Lateral;2;0;0;0;0;0;0;0;0;0;2;0;0;0;0
09/08/2012;09:49:00;38;sem vítima;128,64;BR-393/RJ;Sul;Colisão Lateral;0;0;2;0;0;0;0;0;0;0;2;0;0;0;0
09/08/2012;03:23:00;6;com vítima;178,28;BR-393/RJ;Norte;Colisão Traseira;1;0;1;0;0;0;0;0;0;0;1;1;0;0;0
09/08/2012;13:26:00;64;sem vítima;259,17;BR-393/RJ;Sul;Capotamento;1;0;0;0;0;0;0;0;0;0;3;0;0;0;0
09/08/2012;18:57:00;93;com vítima;259,73;BR-393/RJ;Sul;Colisão Traseira;0;0;2;0;0;0;0;0;0;0;0;2;0;0;0
09/08/2012;23:37:00;104;sem vítima;279,67;BR-393/RJ;Norte;Colisão Lateral;0;0;1;1;0;0;0;0;0;0;2;0;0;0;0
09/08/2012;07:19:00;12;com vítima;285,5;BR-393/RJ;Sul;Colisão Lateral;1;0;1;0;0;0;0;0;0;0;1;1;0;0;0
10/08/2012;19:18:00;71;com vítima;166,77;BR-393/RJ;Norte;Queda de Moto;0;0;0;1;0;0;0;0;0;0;0;1;0;0;0
10/08/2012;21:17:00;79;com vítima;265,11;BR-393/RJ;Norte;Abalroamento Mesmo Sentido ;1;0;1;0;0;0;0;0;0;0;1;1;0;0;0
10/08/2012;15:46:00;51;sem vítima;278,5;BR-393/RJ;Sul;Engavetamento;3;0;0;0;0;0;0;0;0;0;6;0;0;0;0
10/08/2012;19:07:00;67;com vítima;285,53;BR-393/RJ;Norte;Colisão Traseira;2;0;0;0;0;0;0;0;0;0;0;2;0;0;0
10/08/2012;19:17:00;70;com vítima;286,4;BR-393/RJ;Norte;Colisão Traseira;1;0;0;1;0;0;0;0;0;0;0;2;0;0;0
11/08/2012;09:52:00;27;sem vítima;102;BR-393/RJ;Norte;Colisão Lateral;2;0;0;0;0;0;0;0;0;0;3;0;0;0;0
11/08/2012;11:58:00;33;com vítima;157,68;BR-393/RJ;Sul;Engavetamento;3;0;1;0;0;0;0;0;0;0;5;0;1;0;0
11/08/2012;01:03:00;3;com vítima;205,74;BR-393/RJ;Norte;Colisão Traseira;2;0;0;0;0;0;0;0;0;0;0;2;0;0;0
11/08/2012;22:54:00;68;sem vítima;218,5;BR-393/RJ;Sul;Saida de Pista;1;0;0;0;0;0;0;0;0;0;1;0;0;0;0
12/08/2012;21:26:00;89;com vítima;168,774;BR-393/RJ;Sul;Colisão Transversal;1;0;1;0;0;0;0;0;0;0;0;1;0;0;1
12/08/2012;03:22:00;13;com vítima;181,77;BR-393/RJ;Norte;Colisão Traseira;0;0;0;1;0;0;0;0;0;1;2;1;0;0;0
12/08/2012;18:32:00;76;sem vítima;282,434;BR-393/RJ;Norte;Engavetamento;3;0;0;0;0;0;0;0;0;0;3;0;0;0;0
13/08/2012;12:54:00;62;sem vítima;262,11;BR-393/RJ;Sul;Colisão Traseira;0;0;2;0;0;0;0;0;0;0;2;0;0;0;0
13/08/2012;14:29:00;69;com vítima;276,22;BR-393/RJ;Sul;Colisão Traseira;2;0;0;0;0;0;0;0;0;0;1;1;0;0;0
13/08/2012;13:30:00;64;sem vítima;285,45;BR-393/RJ;Norte;Saida de Pista;1;0;0;0;0;0;0;0;0;0;1;0;0;0;0
13/08/2012;13:59:00;67;sem vítima;285,45;BR-393/RJ;Sul;Colisão Traseira;1;0;1;0;0;0;0;0;0;0;2;0;0;0;0
14/08/2012;02:36:00;6;com vítima;110,22;BR-393/RJ;Norte;Capotamento;1;0;0;0;0;0;0;0;0;0;0;2;1;0;0
14/08/2012;05:25:00;13;sem vítima;120,8;BR-393/RJ;Norte;Saida de Pista;1;0;0;0;0;0;0;0;0;0;2;0;0;0;0
14/08/2012;13:09:00;55;com vítima;160,69;BR-393/RJ;Sul;Colisão Frontal;1;0;1;0;0;0;0;0;0;0;1;0;1;0;0
14/08/2012;15:07:00;60;com vítima;181,9;BR-393/RJ;Sul;Colisão Traseira;0;0;2;0;0;0;0;0;0;0;1;1;0;0;0
14/08/2012;16:17:00;62;com vítima;205,77;BR-393/RJ;Sul;Colisão Traseira;0;0;2;0;0;0;0;0;0;0;1;1;0;0;0
14/08/2012;08:01:00;23;sem vítima;281,35;BR-393/RJ;Norte;Colisão Lateral;2;0;0;0;0;0;0;0;0;0;2;0;0;0;0
15/08/2012;22:43:00;69;com vítima;250,15;BR-393/RJ;Norte;Capotamento;1;0;0;0;0;0;0;0;0;0;0;1;0;0;0
16/08/2012;11:00:00;48;com vítima;237,3;BR-393/RJ;Norte;Colisão Lateral;1;0;0;1;0;0;0;0;0;0;2;1;0;0;0
16/08/2012;08:06:00;22;sem vítima;284,9;BR-393/RJ;Sul;Abalroamento Mesmo Sentido ;1;0;0;0;1;0;0;0;0;0;2;0;0;0;0
16/08/2012;07:38:00;21;sem vítima;285,5;BR-393/RJ;Sul;Colisão Transversal;1;0;1;0;0;0;0;0;0;0;2;0;0;0;0
17/08/2012;16:00:00;73;com vítima;243,54;BR-393/RJ;Norte;Colisão Lateral;2;0;0;0;0;0;0;0;0;0;0;2;0;0;0
18/08/2012;22:53:00;73;sem vítima;286;BR-393/RJ;Norte;Colisão Traseira;2;0;0;0;0;0;0;0;0;0;5;0;0;0;0
19/08/2012;13:00:00;18;sem vítima;285,36;BR-393/RJ;Norte;Colisão Lateral;2;0;0;0;0;0;0;0;0;0;2;0;0;0;0
20/08/2012;07:12:00;7;sem vítima;146,29;BR-393/RJ;Sul;Saida de Pista;1;0;0;0;0;0;0;0;0;0;1;0;0;0;0
20/08/2012;19:00:00;85;com vítima;183,372;BR-393/RJ;Norte;Choque - Suporte de Sinalização;0;0;1;0;0;0;0;0;0;0;0;1;0;0;0
20/08/2012;23:58:00;105;com vítima;207,456;BR-393/RJ;Sul;Atropelamento - Andarilho;0;0;1;0;0;0;0;0;0;0;1;0;0;0;1
20/08/2012;14:43:00;57;com vítima;251,63;BR-393/RJ;Norte;Saida de Pista;1;0;0;0;0;0;0;0;0;0;0;3;0;0;0
20/08/2012;16:57:00;75;sem vítima;255,7;BR-393/RJ;Norte;Colisão Traseira;2;0;0;0;0;0;0;0;0;0;2;0;0;0;0
20/08/2012;10:00:00;28;sem vítima;286;BR-393/RJ;Norte;Engavetamento;2;0;1;0;0;0;0;0;0;0;3;0;0;0;0
21/08/2012;14:27:00;61;sem vítima;107,1;BR-393/RJ;Norte;Colisão Traseira;1;0;1;0;0;0;0;0;0;0;2;0;0;0;0
21/08/2012;10:02:00;36;sem vítima;214,5;BR-393/RJ;Sul;Saida de Pista;0;0;1;0;0;0;0;0;0;0;1;0;0;0;0
21/08/2012;10:41:00;42;sem vítima;258,9;BR-393/RJ;Sul;Saida de Pista;0;0;1;0;0;0;0;0;0;0;1;0;0;0;0
21/08/2012;17:54:00;75;sem vítima;285,6;BR-393/RJ;Sul;Colisão Lateral;1;0;1;0;0;0;0;0;0;0;3;0;0;0;0
22/08/2012;17:28:00;76;sem vítima;210,58;BR-393/RJ;Sul;Abalroamento Sentido Oposto;0;0;1;1;0;0;0;0;0;0;1;0;0;0;0
23/08/2012;05:01:00;9;sem vítima;132,04;BR-393/RJ;Sul;Abalroamento Mesmo Sentido ;0;0;1;0;1;0;0;0;0;0;2;0;0;0;0
23/08/2012;23:42:00;98;com vítima;143,5;BR-393/RJ;Norte;Tombamento;0;0;1;0;0;0;0;0;0;0;0;1;0;0;0
23/08/2012;15:11:00;73;com vítima;171,475;BR-393/RJ;Sul;Colisão Lateral;1;0;1;0;0;0;0;0;0;0;1;1;0;0;0
23/08/2012;19:02:00;87;com vítima;254,14;BR-393/RJ;Norte;Choque - Defensa, barreira ou "submarino";1;0;0;0;0;0;0;0;0;0;0;1;0;0;0
23/08/2012;21:07:00;94;sem vítima;283;BR-393/RJ;Norte;Colisão Traseira;2;0;0;0;0;0;0;0;0;0;2;0;0;0;0
24/08/2012;21:22:00;110;sem vítima;105,94;BR-393/RJ;Norte;Objeto lançado contra veículo;1;0;1;0;0;0;0;0;0;0;4;0;0;0;0
24/08/2012;14:37:00;77;com vítima;130,95;BR-393/RJ;Norte;Colisão Traseira;0;0;1;1;0;0;0;0;0;0;1;1;0;0;0
24/08/2012;10:23:00;57;com vítima;142,59;BR-393/RJ;Norte;Colisão Traseira;0;0;1;0;0;0;0;0;0;1;0;2;0;0;0
24/08/2012;19:42:00;101;com vítima;159,63;BR-393/RJ;Norte;Abalroamento Sentido Oposto;2;0;1;0;0;0;0;0;0;0;3;2;1;0;0
24/08/2012;13:31:00;69;com vítima;203,87;BR-393/RJ;Norte;Colisão Lateral;2;0;0;0;0;0;0;0;0;0;1;1;0;0;0
24/08/2012;15:57:00;82;sem vítima;262,8;BR-393/RJ;Sul;Colisão Traseira;2;0;0;0;0;0;0;0;0;0;2;0;0;0;0
24/08/2012;14:56:00;78;sem vítima;263,35;BR-393/RJ;Sul;Colisão Traseira;1;0;1;0;0;0;0;0;0;0;2;0;0;0;0
25/08/2012;22:53:00;104;com vítima;178,08;BR-393/RJ;Norte;Atropelamento - Morador;0;0;0;1;0;0;0;0;0;0;0;1;1;0;0
25/08/2012;04:43:00;10;com vítima;237,495;BR-393/RJ;Norte;Colisão Lateral;1;0;1;0;0;0;0;0;0;0;1;3;0;0;0
25/08/2012;21:03:00;92;sem vítima;286;BR-393/RJ;Norte;Engavetamento;3;0;0;0;0;0;0;0;0;0;3;0;0;0;0
26/08/2012;20:44:00;58;com vítima;143,47;BR-393/RJ;Norte;Tombamento;0;0;1;0;0;0;0;0;0;0;0;1;0;0;0
26/08/2012;18:45:00;46;sem vítima;178;BR-393/RJ;Sul;Atropelamento de Animal;1;0;0;0;0;0;0;0;0;0;1;0;0;0;0
26/08/2012;00:49:00;1;com vítima;178,43;BR-393/RJ;Norte;Colisão Traseira;2;0;0;0;0;0;0;0;0;0;1;2;0;0;0
26/08/2012;04:51:00;8;com vítima;181,03;BR-393/RJ;Norte;Colisão Traseira;2;0;0;0;0;0;0;0;0;0;4;2;0;0;0
26/08/2012;23:58:00;70;com vítima;236,15;BR-393/RJ;Sul;Atropelamento de Animal;1;0;0;0;0;0;0;0;0;0;0;1;0;0;0
26/08/2012;16:45:00;37;com vítima;282,24;BR-393/RJ;Norte;Colisão Lateral;1;0;0;1;0;0;0;0;0;0;0;3;0;0;0
26/08/2012;01:45:00;3;sem vítima;285;BR-393/RJ;Norte;Colisão Traseira;2;0;0;0;0;0;0;0;0;0;3;0;0;0;0
27/08/2012;16:48:00;65;com vítima;231,808;BR-393/RJ;Sul;Colisão Lateral;0;0;0;1;0;0;0;0;0;1;0;1;0;1;0
27/08/2012;12:10:00;44;com vítima;257,95;BR-393/RJ;Sul;Choque - Defensa, barreira ou "submarino";1;0;0;0;0;0;0;0;0;0;0;1;0;0;0
27/08/2012;07:20:00;6;sem vítima;285,48;BR-393/RJ;Sul;Colisão Lateral;1;0;1;0;0;0;0;0;0;0;2;0;0;0;0
28/08/2012;19:00:00;86;sem vítima;125;BR-393/RJ;Sul;Queda de Moto;0;0;0;1;0;0;0;0;0;0;1;0;0;0;0
28/08/2012;12:20:00;56;com vítima;141,85;BR-393/RJ;Norte;Colisão Traseira;2;0;0;0;0;0;0;0;0;0;1;1;0;0;0
28/08/2012;14:27:00;73;com vítima;282,3;BR-393/RJ;Norte;Queda de Moto;0;0;0;1;0;0;0;0;0;0;0;1;0;0;0
29/08/2012;14:16:00;75;sem vítima;131,5;BR-393/RJ;Norte;Colisão Traseira;2;0;0;0;0;0;0;0;0;0;2;0;0;0;0
29/08/2012;21:17:00;107;sem vítima;168,72;BR-393/RJ;Sul;Choque - Poste;0;0;1;0;0;0;0;0;0;0;2;0;0;0;0
29/08/2012;10:23:00;47;com vítima;171,47;BR-393/RJ;Norte;Colisão Traseira;1;0;1;0;0;0;0;0;0;0;1;1;0;0;0
29/08/2012;11:31:00;54;com vítima;284,73;BR-393/RJ;Norte;Engavetamento;3;0;0;0;0;0;0;0;0;0;3;1;0;0;0
29/08/2012;09:23:00;37;com vítima;285,54;BR-393/RJ;Sul;Colisão Lateral;2;0;0;0;0;0;0;0;0;0;1;1;0;0;0
30/08/2012;13:08:00;53;sem vítima;175,77;BR-393/RJ;Sul;Colisão Lateral;1;0;1;0;0;0;0;0;0;0;2;0;0;0;0
30/08/2012;21:08:00;88;sem vítima;244,5;BR-393/RJ;Sul;Atropelamento de Animal;0;0;1;0;0;0;0;0;0;0;1;0;0;0;0
31/08/2012;06:46:00;8;sem vítima;199,2;BR-393/RJ;Norte;Colisão Traseira;0;0;2;0;0;0;0;0;0;0;2;0;0;0;0
31/08/2012;22:11:00;96;com vítima;243,58;BR-393/RJ;Norte;Abalroamento Sentido Oposto;2;0;0;0;0;0;0;0;0;0;0;3;0;0;0
01/09/2012;13:59:00;64;com vítima;152,35;BR-393/RJ;Sul;Colisão Frontal;2;0;0;0;0;0;0;0;0;0;0;3;0;0;0
01/09/2012;09:47:00;31;sem vítima;166,7;BR-393/RJ;Sul;Abalroamento Mesmo Sentido ;1;0;1;0;0;0;0;0;0;0;2;0;0;0;0
01/09/2012;13:31:00;60;sem vítima;280,85;BR-393/RJ;Norte;Colisão Lateral;2;0;0;0;0;0;0;0;0;0;2;0;0;0;0
01/09/2012;11:41:00;50;sem vítima;285,35;BR-393/RJ;Sul;Abalroamento Mesmo Sentido ;1;0;1;0;0;0;0;0;0;0;2;0;0;0;0
01/09/2012;11:18:00;46;com vítima;285,4;BR-393/RJ;Norte;Abalroamento Mesmo Sentido ;1;0;1;0;0;0;0;0;0;0;1;2;0;0;0
02/09/2012;16:34:00;45;com vítima;258,5;BR-393/RJ;Norte;Colisão Traseira;2;0;0;0;0;0;0;0;0;0;0;2;0;0;0
03/09/2012;20:35:00;92;com vítima;266;BR-393/RJ;Sul;Atropelamento de Animal;1;0;0;0;0;0;0;0;0;0;0;2;0;0;0
04/09/2012;06:31:00;11;com vítima;131,44;BR-393/RJ;Norte;Tombamento;0;0;1;0;0;0;0;0;0;0;0;1;0;0;0
04/09/2012;14:18:00;53;com vítima;178,76;BR-393/RJ;Norte;Outros - Sequência;1;0;1;1;0;0;0;0;0;0;1;4;0;0;0
04/09/2012;09:58:00;28;com vítima;283;BR-393/RJ;Sul;Colisão Transversal;0;0;0;1;1;0;0;0;0;0;1;0;1;0;0
05/09/2012;12:08:00;57;sem vítima;250,4;BR-393/RJ;Sul;Abalroamento Mesmo Sentido ;0;0;0;0;0;0;0;0;0;2;2;0;0;0;0
05/09/2012;22:32:00;107;sem vítima;255,73;BR-393/RJ;Norte;Colisão Traseira;2;0;0;0;0;0;0;0;0;0;3;0;0;0;0
05/09/2012;08:43:00;26;sem vítima;285,5;BR-393/RJ;Sul;Abalroamento Mesmo Sentido ;1;0;1;0;0;0;0;0;0;0;2;0;0;0;0
06/09/2012;18:27:00;74;com vítima;104,33;BR-393/RJ;Norte;Colisão Lateral;1;0;0;1;0;0;0;0;0;0;1;2;0;0;0
06/09/2012;07:31:00;11;com vítima;131,44;BR-393/RJ;Norte;Tombamento;0;0;1;0;0;0;0;0;0;0;0;0;1;0;0
06/09/2012;16:53:00;69;com vítima;214,95;BR-393/RJ;Norte;Queda de Moto;0;0;0;1;0;0;0;0;0;0;0;1;0;0;0
06/09/2012;13:52:00;56;com vítima;235,41;BR-393/RJ;Sul;Colisão Lateral;2;0;0;0;0;0;0;0;0;0;1;1;0;0;0
06/09/2012;23:27:00;89;sem vítima;241,58;BR-393/RJ;Sul;Colisão Traseira;1;0;0;0;0;0;0;0;0;1;2;0;0;0;0
06/09/2012;11:44:00;44;com vítima;281;BR-393/RJ;Norte;Colisão Lateral;1;0;0;1;0;0;0;0;0;0;3;0;1;0;0