data;horario;n_da_ocorrencia;tipo_de_ocorrencia;km;trecho;sentido;tipo_de_acidente;automovel;bicicleta;caminhao;moto;onibus;outros;tracao_animal;transporte_de_cargas_especiais;trator_maquinas;utilitarios;ilesos;levemente_feridos;moderadamente_feridos;gravemente_feridos;mortos
18/06/2013;19:50:00;77;com vítima;280;BR-393/RJ;Sul;Atropelamento - Ciclista;1;1;0;0;0;0;0;0;0;0;0;2;0;0;0
19/06/2013;11:36:00;45;com vítima;142,5;BR-393/RJ;Norte;Colisão Traseira;1;0;1;0;0;0;0;0;0;0;1;1;0;0;0
19/06/2013;23:41:00;75;com vítima;248,885;BR-393/RJ;Norte;Capotamento;1;0;0;0;0;0;0;0;0;0;1;1;0;0;0
20/06/2013;18:29:00;72;com vítima;280,39;BR-393/RJ;Norte;Atropelamento - Morador;1;0;0;0;0;0;0;0;0;0;2;1;0;0;0
21/06/2013;15:05:00;43;com vítima;175,5;BR-393/RJ;Norte;Atropelamento - Andarilho;0;0;1;0;0;0;0;0;0;0;1;0;0;1;0
21/06/2013;09:45:00;25;sem vítima;185,64;BR-393/RJ;Norte;Saida de Pista;0;0;1;0;0;0;0;0;0;0;2;0;0;0;0
21/06/2013;13:51:00;37;sem vítima;195;BR-393/RJ;Norte;Colisão Traseira;0;0;2;0;0;0;0;0;0;0;2;0;0;0;0
21/06/2013;00:16:00;2;com vítima;201,698;BR-393/RJ;Sul;Atropelamento de Animal;0;0;0;0;1;0;0;0;0;0;30;2;0;0;0
21/06/2013;18:23:00;50;sem vítima;254,19;BR-393/RJ;Sul;Saida de Pista;1;0;0;0;0;0;0;0;0;0;1;0;0;0;0
21/06/2013;11:50:00;32;com vítima;282,37;BR-393/RJ;Norte;Colisão Transversal;1;0;0;1;0;0;0;0;0;0;1;1;0;0;0
21/06/2013;20:35:00;61;sem vítima;285,1;BR-393/RJ;Norte;Abalroamento Mesmo Sentido ;2;0;0;0;0;0;0;0;0;0;2;0;0;0;0
22/06/2013;16:39:00;49;sem vítima;104,03;BR-393/RJ;Norte;Colisão Traseira;2;0;0;0;0;0;0;0;0;0;2;0;0;0;0
22/06/2013;05:11:00;17;com vítima;136,514;BR-393/RJ;Norte;Tombamento;0;0;1;0;0;0;0;0;0;0;0;0;2;0;0
22/06/2013;19:40:00;57;com vítima;236,78;BR-393/RJ;Sul;Atropelamento - Usuário;1;0;0;0;0;0;0;0;0;0;0;2;0;1;0
22/06/2013;02:13:00;13;sem vítima;286;BR-393/RJ;Norte;Colisão Traseira;2;0;0;0;0;0;0;0;0;0;2;0;0;0;0
23/06/2013;21:48:00;57;sem vítima;274,8;BR-393/RJ;Sul;Saida de Pista;1;0;0;0;0;0;0;0;0;0;1;0;0;0;0
24/06/2013;07:30:00;13;com vítima;257,95;BR-393/RJ;Sul;Colisão Lateral;2;0;0;0;0;0;0;0;0;0;0;4;0;0;0
25/06/2013;22:46:00;63;com vítima;114,4;BR-393/RJ;Norte;Tombamento;0;0;1;0;0;0;0;0;0;0;0;0;2;0;0
25/06/2013;17:28:00;55;com vítima;143,6;BR-393/RJ;Norte;Tombamento;0;0;1;0;0;0;0;0;0;0;1;1;0;0;0
25/06/2013;19:05:00;59;com vítima;1;Alça Sul;Norte;Queda de Moto;0;0;0;1;0;0;0;0;0;0;0;1;0;0;0
25/06/2013;07:54:00;17;sem vítima;252,45;BR-393/RJ;Norte;Colisão Traseira;2;0;0;0;0;0;0;0;0;0;2;0;0;0;0
25/06/2013;08:05:00;18;sem vítima;265;BR-393/RJ;Sul;Abalroamento Mesmo Sentido ;0;0;2;0;0;0;0;0;0;0;2;0;0;0;0
26/06/2013;18:39:00;66;com vítima;236,57;BR-393/RJ;Sul;Colisão Lateral;1;0;0;1;0;0;0;0;0;0;1;1;0;0;0
26/06/2013;07:44:00;21;com vítima;285,5;BR-393/RJ;Sul;Abalroamento Mesmo Sentido ;1;0;0;1;0;0;0;0;0;0;1;1;0;0;0
26/06/2013;21:44:00;77;sem vítima;285,9;BR-393/RJ;Norte;Colisão Transversal;2;0;0;0;0;0;0;0;0;0;2;0;0;0;0
27/06/2013;22:30:00;88;com vítima;171,21;BR-393/RJ;Sul;Saida de Pista;1;0;0;0;0;0;0;0;0;0;0;3;0;0;0
27/06/2013;13:07:00;48;com vítima;255,79;BR-393/RJ;Norte;Colisão Lateral;2;0;0;0;0;0;0;0;0;0;1;2;1;0;0
27/06/2013;17:52:00;70;com vítima;284,92;BR-393/RJ;Norte;Colisão Traseira;1;0;1;0;0;0;0;0;0;0;1;2;0;0;0
28/06/2013;06:25:00;14;sem vítima;172,43;BR-393/RJ;Sul;Choque - Defensa, barreira ou "submarino";1;0;0;0;0;0;0;0;0;0;5;0;0;0;0
28/06/2013;22:33:00;58;sem vítima;203,5;BR-393/RJ;Sul;Atropelamento de Animal;2;0;0;0;0;0;0;0;0;0;5;0;0;0;0
28/06/2013;20:49:00;54;com vítima;281;BR-393/RJ;Sul;Colisão Transversal;1;0;0;1;0;0;0;0;0;0;1;1;0;0;0
29/06/2013;18:55:00;52;com vítima;189,6;BR-393/RJ;Norte;Saida de Pista;1;0;0;0;0;0;0;0;0;0;0;2;2;0;0
29/06/2013;05:55:00;18;sem vítima;255,78;BR-393/RJ;Norte;Colisão Transversal;1;0;0;0;1;0;0;0;0;0;2;0;0;0;0
29/06/2013;20:30:00;54;sem vítima;284;BR-393/RJ;Norte;Colisão Traseira;2;0;0;0;0;0;0;0;0;0;2;0;0;0;0
30/06/2013;07:52:00;20;com vítima;178;BR-393/RJ;Norte;Engavetamento;0;0;3;0;0;0;0;0;0;0;2;1;0;0;0
30/06/2013;18:23:00;37;com vítima;243;BR-393/RJ;Sul;Queda de Moto;0;0;0;1;0;0;0;0;0;0;0;1;0;0;0
30/06/2013;00:14:00;10;sem vítima;268,5;BR-393/RJ;Sul;Saida de Pista;1;0;0;0;0;0;0;0;0;0;1;0;0;0;0
01/07/2013;08:24:00;20;com vítima;157,29;BR-393/RJ;Sul;Tombamento;0;0;2;0;0;0;0;0;0;0;0;2;0;0;0
01/07/2013;19:24:00;64;com vítima;160,8;BR-393/RJ;Norte;Saida de Pista;0;0;1;0;0;0;0;0;0;0;3;1;0;0;0
01/07/2013;22:21:00;67;com vítima;256,21;BR-393/RJ;Norte;Colisão Transversal;1;0;1;0;0;0;0;0;0;0;1;4;0;0;0
02/07/2013;18:31:00;71;com vítima;171,49;BR-393/RJ;Norte;Colisão Traseira;1;0;1;1;0;0;0;0;0;0;2;1;0;0;0
02/07/2013;19:41:00;76;com vítima;220,07;BR-393/RJ;Sul;Colisão Traseira;2;0;0;0;0;0;0;0;0;0;1;3;0;0;0
02/07/2013;18:52:00;74;com vítima;264,855;BR-393/RJ;Norte;Atropelamento - Andarilho;1;0;0;0;0;0;0;0;0;0;1;0;0;1;0
03/07/2013;18:59:00;63;sem vítima;240,128;BR-393/RJ;Norte;Saida de Pista;1;0;0;0;0;0;0;0;0;0;1;0;0;0;0
03/07/2013;17:45:00;59;sem vítima;269,397;BR-393/RJ;Norte;Colisão Traseira;2;0;0;0;0;0;0;0;0;0;4;0;0;0;0
04/07/2013;03:46:00;15;com vítima;103,794;BR-393/RJ;Sul;Capotamento;0;0;1;0;0;0;0;0;0;0;0;0;2;0;0
04/07/2013;01:47:00;11;com vítima;172,241;BR-393/RJ;Sul;Tombamento;0;0;1;0;0;0;0;0;0;0;0;1;0;0;0
05/07/2013;18:27:00;52;com vítima;103,085;BR-393/RJ;Norte;Outros - Sequência;0;0;1;1;0;0;0;0;0;0;1;1;1;1;0
05/07/2013;17:23:00;47;sem vítima;182,38;BR-393/RJ;Sul;Colisão Traseira;2;0;0;0;0;0;0;0;0;0;2;0;0;0;0
05/07/2013;05:08:00;14;com vítima;217,57;BR-393/RJ;Sul;Tombamento;0;0;1;0;0;0;0;0;0;0;0;1;0;0;0
05/07/2013;14:38:00;43;com vítima;283,37;BR-393/RJ;Norte;Colisão Traseira;2;0;0;0;0;0;0;0;0;0;0;2;0;0;0
05/07/2013;21:09:00;58;com vítima;284,52;BR-393/RJ;Norte;Engavetamento;3;0;0;0;0;0;0;0;0;0;1;2;0;0;0
05/07/2013;20:25:00;55;com vítima;286,4;BR-393/RJ;Norte;Colisão Traseira;2;0;0;0;0;0;0;0;0;0;1;1;0;0;0
06/07/2013;07:34:00;18;sem vítima;119,205;BR-393/RJ;Sul;Colisão Traseira;1;0;1;0;0;0;0;0;0;0;3;0;0;0;0
06/07/2013;20:47:00;50;com vítima;171,79;BR-393/RJ;Norte;Atropelamento - Morador;1;0;0;0;0;0;0;0;0;0;1;1;0;1;0
06/07/2013;08:51:00;22;sem vítima;178,28;BR-393/RJ;Norte;Colisão Traseira;2;0;0;0;0;0;0;0;0;0;6;0;0;0;0
06/07/2013;19:39:00;48;sem vítima;250,53;BR-393/RJ;Norte;Abalroamento Sentido Oposto;2;0;0;1;0;0;0;0;0;0;5;0;0;0;0
06/07/2013;21:13:00;52;sem vítima;250,56;BR-393/RJ;Norte;Abalroamento Mesmo Sentido ;1;0;1;0;0;0;0;0;0;0;3;0;0;0;0
06/07/2013;11:58:00;32;sem vítima;274,1;BR-393/RJ;Norte;Choque - Defensa, barreira ou "submarino";1;0;0;0;0;0;0;0;0;0;1;0;0;0;0
07/07/2013;13:38:00;39;sem vítima;102,7;BR-393/RJ;Sul;Colisão Lateral;2;0;0;0;0;0;0;0;0;0;3;0;0;0;0
07/07/2013;15:24:00;45;com vítima;157,95;BR-393/RJ;Norte;Capotamento;1;0;0;0;0;0;0;0;0;0;0;2;0;0;0
07/07/2013;01:37:00;11;com vítima;175,12;BR-393/RJ;Sul;Colisão Lateral;1;0;0;0;1;0;0;0;0;0;49;0;0;1;2
08/07/2013;13:32:00;45;com vítima;268,28;BR-393/RJ;Norte;Colisão Lateral;2;0;0;0;0;0;0;0;0;0;1;0;1;0;0
08/07/2013;12:17:00;41;com vítima;281,14;BR-393/RJ;Norte;Colisão Traseira;1;0;0;1;0;0;0;0;0;0;1;1;0;0;0
09/07/2013;05:07:00;14;com vítima;143,53;BR-393/RJ;Norte;Capotamento;1;0;0;0;0;0;0;0;0;0;2;2;1;0;0
09/07/2013;16:27:00;52;com vítima;181,92;BR-393/RJ;Sul;Abalroamento Sentido Oposto;1;0;1;0;0;0;0;0;0;0;1;2;0;0;0
09/07/2013;20:42:00;61;sem vítima;254,97;BR-393/RJ;Norte;Colisão Lateral;0;0;2;0;0;0;0;0;0;0;2;0;0;0;0
09/07/2013;12:37:00;40;sem vítima;285,48;BR-393/RJ;Sul;Abalroamento Mesmo Sentido ;1;0;1;0;0;0;0;0;0;0;2;0;0;0;0
10/07/2013;01:11:00;10;sem vítima;202,67;BR-393/RJ;Sul;Atropelamento de Animal;0;0;1;0;0;0;0;0;0;0;1;0;0;0;0
10/07/2013;14:02:00;46;sem vítima;219;BR-393/RJ;Norte;Colisão Traseira;1;0;1;0;0;0;0;0;0;0;5;0;0;0;0
10/07/2013;03:03:00;12;sem vítima;219,53;BR-393/RJ;Sul;Choque - Arvore;0;0;0;0;1;0;0;0;0;0;1;0;0;0;0
10/07/2013;14:21:00;47;com vítima;262,82;BR-393/RJ;Sul;Colisão Traseira;0;0;2;0;0;0;0;0;0;0;2;1;0;0;0
11/07/2013;16:32:00;76;sem vítima;135;BR-393/RJ;Norte;Colisão Lateral;2;0;0;0;0;0;0;0;0;0;2;0;0;0;0
11/07/2013;22:09:00;98;sem vítima;171;BR-393/RJ;Norte;Saida de Pista;1;0;0;0;0;0;0;0;0;0;1;0;0;0;0
11/07/2013;16:04:00;73;com vítima;251;BR-393/RJ;Norte;Colisão Traseira;1;0;0;1;0;0;0;0;0;0;1;0;1;0;0
12/07/2013;09:47:00;29;com vítima;191,12;BR-393/RJ;Sul;Saida de Pista;2;0;0;0;0;0;0;0;0;0;1;2;0;0;0
12/07/2013;21:21:00;69;sem vítima;264,255;BR-393/RJ;Sul;Capotamento;1;0;0;0;0;0;0;0;0;0;1;0;0;0;0
13/07/2013;13:41:00;46;com vítima;142,2;BR-393/RJ;Sul;Colisão Traseira;1;0;1;0;0;0;0;0;0;0;1;1;0;0;0
13/07/2013;02:28:00;13;com vítima;168,46;BR-393/RJ;Norte;Choque - Outros;1;0;0;0;0;0;0;0;0;0;0;3;0;0;0
13/07/2013;01:47:00;11;com vítima;172,16;BR-393/RJ;Sul;Tombamento;0;0;1;0;0;0;0;0;0;0;0;1;1;0;0
13/07/2013;08:16:00;25;com vítima;186,75;BR-393/RJ;Norte;Colisão Traseira;0;0;0;1;0;0;0;0;0;1;1;0;1;0;0
13/07/2013;19:23:00;68;sem vítima;202;BR-393/RJ;Norte;Atropelamento de Animal;1;0;0;0;0;0;0;0;0;0;1;0;0;0;0
14/07/2013;06:25:00;21;sem vítima;158,227;BR-393/RJ;Norte;Atropelamento de Animal;1;0;0;0;0;0;0;0;0;0;3;0;0;0;0
14/07/2013;14:35:00;37;com vítima;206;BR-393/RJ;Norte;Queda de Moto;0;0;0;1;0;0;0;0;0;0;0;1;0;0;0
14/07/2013;16:34:00;42;com vítima;277,333;BR-393/RJ;Norte;Outros - Sequência;3;0;0;0;0;0;1;0;0;0;3;1;0;1;0
14/07/2013;05:58:00;18;com vítima;281,151;BR-393/RJ;Norte;Atropelamento - Ciclista;1;1;0;0;1;0;0;0;0;0;2;1;0;0;0
15/07/2013;16:15:00;59;sem vítima;266,471;BR-393/RJ;Sul;Engavetamento;2;0;1;0;1;0;0;0;0;0;4;0;0;0;0
15/07/2013;09:22:00;23;sem vítima;285,55;BR-393/RJ;Sul;Colisão Traseira;1;0;1;0;0;0;0;0;0;0;2;0;0;0;0
16/07/2013;17:59:00;60;com vítima;168,76;BR-393/RJ;Sul;Colisão Lateral;2;0;0;0;0;0;0;0;0;0;1;2;0;0;0
17/07/2013;18:33:00;67;com vítima;168,773;BR-393/RJ;Sul;Colisão Lateral;1;0;1;0;0;0;0;0;0;0;1;1;0;0;0
17/07/2013;21:20:00;70;com vítima;237,488;BR-393/RJ;Norte;Colisão Transversal;0;0;0;1;1;0;0;0;0;0;1;1;0;0;0
17/07/2013;07:17:00;18;com vítima;238,624;BR-393/RJ;Norte;Colisão Frontal;2;0;0;0;0;0;0;0;0;1;2;1;1;0;0
18/07/2013;07:53:00;23;sem vítima;269,167;BR-393/RJ;Norte;Colisão Traseira;1;0;1;0;0;0;0;0;0;0;2;0;0;0;0
19/07/2013;16:18:00;71;sem vítima;107,19;BR-393/RJ;Norte;Colisão Traseira;2;0;0;0;0;0;0;0;0;0;2;0;0;0;0
19/07/2013;23:51:00;88;sem vítima;128,55;BR-393/RJ;Sul;Saida de Pista;0;0;1;0;0;0;0;0;0;0;1;0;0;0;0
19/07/2013;21:21:00;83;sem vítima;218;BR-393/RJ;Norte;Saida de Pista;1;0;0;0;0;0;0;0;0;0;2;0;0;0;0
19/07/2013;15:41:00;67;com vítima;274,11;BR-393/RJ;Sul;Tombamento;0;0;1;0;0;0;0;0;0;0;0;1;0;0;0
19/07/2013;15:34:00;66;sem vítima;280,1;BR-393/RJ;Norte;Colisão Traseira;2;0;0;0;0;0;0;0;0;0;2;0;0;0;0
20/07/2013;09:47:00;26;com vítima;155,45;BR-393/RJ;Norte;Tombamento;0;0;1;0;0;0;0;0;0;0;0;1;0;0;0
21/07/2013;13:48:00;49;com vítima;102,3;BR-393/RJ;Norte;Colisão Lateral;2;0;0;0;0;0;0;0;0;0;3;2;0;0;0
21/07/2013;16:30:00;61;com vítima;265,12;BR-393/RJ;Sul;Colisão Traseira;1;0;1;0;0;0;0;0;0;0;1;2;0;0;0
21/07/2013;17:58:00;69;com vítima;282,6;BR-393/RJ;Sul;Colisão Traseira;2;0;0;0;0;0;0;0;0;0;1;2;0;0;0
22/07/2013;10:38:00;27;sem vítima;132,311;BR-393/RJ;Sul;Colisão Traseira;2;0;0;0;1;0;0;0;0;0;40;0;0;0;0
22/07/2013;15:39:00;53;com vítima;170,43;BR-393/RJ;Sul;Atropelamento - Ciclista;1;1;0;0;0;0;0;0;0;0;1;1;0;0;0
22/07/2013;15:42:00;54;com vítima;250,35;BR-393/RJ;Sul;Capotamento;1;0;0;0;0;0;0;0;0;0;0;1;0;0;0
22/07/2013;08:52:00;20;sem vítima;285,996;BR-393/RJ;Sul;Colisão Traseira;2;0;0;0;0;0;0;0;0;0;2;0;0;0;0
24/07/2013;16:31:00;60;com vítima;103,73;BR-393/RJ;Sul;Saida de Pista;0;0;1;0;0;0;0;0;0;0;0;3;0;0;0
24/07/2013;16:55:00;61;com vítima;171,37;BR-393/RJ;Norte;Saida de Pista;0;0;1;0;0;0;0;0;0;0;0;1;0;0;0
24/07/2013;23:09:00;81;sem vítima;218,25;BR-393/RJ;Sul;Saida de Pista;1;0;0;0;0;0;0;0;0;0;1;0;0;0;0
24/07/2013;19:03:00;68;com vítima;242,44;BR-393/RJ;Norte;Colisão Lateral;0;0;1;0;0;0;0;0;0;1;1;2;0;0;0
24/07/2013;09:42:00;27;sem vítima;265,1;BR-393/RJ;Norte;Colisão Traseira;1;0;1;0;0;0;0;0;0;0;2;0;0;0;0
24/07/2013;19:38:00;72;sem vítima;265,1;BR-393/RJ;Norte;Colisão Traseira;0;0;2;0;0;0;0;0;0;0;2;0;0;0;0
24/07/2013;14:55:00;55;sem vítima;268,04;BR-393/RJ;Norte;Colisão Traseira;0;0;2;0;0;0;0;0;0;0;2;0;0;0;0
24/07/2013;00:51:00;9;com vítima;284,35;BR-393/RJ;Norte;Abalroamento Mesmo Sentido ;1;0;0;0;1;0;0;0;0;0;1;3;0;0;0
24/07/2013;15:20:00;57;com vítima;284,53;BR-393/RJ;Norte;Colisão Traseira;0;0;2;0;0;0;0;0;0;0;2;0;0;0;1
25/07/2013;13:16:00;36;sem vítima;118;BR-393/RJ;Norte;Colisão Traseira;2;0;0;0;0;0;0;0;0;0;5;0;0;0;0
25/07/2013;06:28:00;17;com vítima;157,34;BR-393/RJ;Norte;Tombamento;0;0;1;0;0;0;0;0;0;0;0;0;1;0;0
26/07/2013;21:34:00;75;sem vítima;178,29;BR-393/RJ;Norte;Saida de Pista;0;0;1;0;0;0;0;0;0;0;1;0;0;0;0
26/07/2013;07:14:00;21;sem vítima;180,54;BR-393/RJ;Norte;Colisão Lateral;2;0;0;0;0;0;0;0;0;0;3;0;0;0;0
26/07/2013;19:41:00;71;com vítima;251,59;BR-393/RJ;Sul;Colisão Lateral;1;0;1;0;1;0;0;0;0;0;15;3;0;0;1
26/07/2013;16:32:00;60;com vítima;263,78;BR-393/RJ;Norte;Abalroamento Sentido Oposto;0;0;2;0;0;0;0;0;0;0;2;2;0;0;0
26/07/2013;20:35:00;73;com vítima;274,11;BR-393/RJ;Sul;Colisão Lateral;2;0;0;0;0;0;0;0;0;0;0;3;0;0;0
26/07/2013;10:31:00;30;com vítima;284,8;BR-393/RJ;Norte;Colisão Traseira;1;0;0;1;0;0;0;0;0;0;2;2;0;0;0
26/07/2013;11:06:00;32;sem vítima;285,2;BR-393/RJ;Sul;Abalroamento Mesmo Sentido ;1;0;0;0;0;0;0;0;0;1;4;0;0;0;0
27/07/2013;05:26:00;13;sem vítima;104,77;BR-393/RJ;Norte;Choque - Arvore;1;0;0;0;0;0;0;0;0;0;3;0;0;0;0
27/07/2013;06:35:00;16;com vítima;120,59;BR-393/RJ;Norte;Abalroamento Mesmo Sentido ;0;0;0;2;0;0;0;0;0;0;1;0;2;0;0
27/07/2013;10:36:00;32;com vítima;132,67;BR-393/RJ;Norte;Colisão Traseira;2;0;0;0;0;0;0;0;0;0;3;1;0;0;0
27/07/2013;06:04:00;14;com vítima;215,28;BR-393/RJ;Sul;Outros;0;0;1;0;0;0;0;0;0;0;2;1;0;0;0
27/07/2013;18:27:00;49;com vítima;229;BR-393/RJ;Sul;Queda de Moto;0;0;0;1;0;0;0;0;0;0;0;1;0;0;0
27/07/2013;20:40:00;53;sem vítima;283,37;BR-393/RJ;Norte;Colisão Traseira;2;0;0;0;0;0;0;0;0;0;2;0;0;0;0
27/07/2013;14:16:00;42;com vítima;286;BR-393/RJ;Norte;Colisão Transversal;1;0;0;1;0;0;0;0;0;0;1;1;0;0;0
28/07/2013;19:00:00;40;com vítima;175,525;BR-393/RJ;Norte;Colisão Lateral;2;0;0;0;0;0;0;0;0;0;0;2;0;0;0
28/07/2013;19:19:00;42;com vítima;230,076;BR-393/RJ;Sul;Capotamento;1;0;0;0;0;0;0;0;0;0;0;2;0;0;0
28/07/2013;20:41:00;44;com vítima;238;BR-393/RJ;Norte;Queda de Moto;0;0;0;1;0;0;0;0;0;0;0;2;0;0;0
28/07/2013;21:09:00;47;com vítima;247;BR-393/RJ;Sul;Colisão Lateral;1;0;0;1;0;0;0;0;0;0;1;0;0;1;0
28/07/2013;22:12:00;48;sem vítima;284;BR-393/RJ;Norte;Colisão Transversal;1;0;0;1;0;0;0;0;0;0;2;0;0;0;0
29/07/2013;19:26:00;75;com vítima;157,85;BR-393/RJ;Sul;Saida de Pista;1;0;0;0;0;0;0;0;0;0;0;0;1;0;0
29/07/2013;07:34:00;21;sem vítima;168,78;BR-393/RJ;Norte;Colisão Transversal;1;0;0;0;0;0;0;0;0;1;3;0;0;0;0
29/07/2013;08:02:00;22;com vítima;281,57;BR-393/RJ;Sul;Abalroamento Mesmo Sentido ;1;0;0;0;1;0;0;0;0;0;1;1;0;0;0
29/07/2013;19:05:00;74;sem vítima;285,51;BR-393/RJ;Sul;Colisão Lateral;1;0;1;0;0;0;0;0;0;0;2;0;0;0;0
30/07/2013;09:51:00;31;sem vítima;193,05;BR-393/RJ;Norte;Colisão Lateral;2;0;0;0;0;0;0;0;0;0;6;0;0;0;0
30/07/2013;16:11:00;75;sem vítima;196,74;BR-393/RJ;Sul;Saida de Pista;1;0;0;0;0;0;0;0;0;0;1;0;0;0;0
30/07/2013;15:05:00;66;com vítima;220,82;BR-393/RJ;Norte;Capotamento;1;0;0;0;0;0;0;0;0;0;1;3;2;0;0
30/07/2013;09:47:00;30;sem vítima;233,92;BR-393/RJ;Sul;Colisão Lateral;1;0;0;0;1;0;0;0;0;0;40;0;0;0;0
30/07/2013;16:14:00;77;com vítima;255,75;BR-393/RJ;Norte;Colisão Transversal;0;0;1;0;0;0;0;0;0;1;2;1;0;0;0
30/07/2013;23:37:00;90;sem vítima;282,94;BR-393/RJ;Sul;Choque - Defensa, barreira ou "submarino";1;0;0;0;1;0;0;0;0;0;12;0;0;0;0
31/07/2013;00:02:00;1;com vítima;246,048;BR-393/RJ;Norte;Tombamento;0;0;3;0;0;0;0;0;0;0;0;3;0;0;0
31/07/2013;17:39:00;59;sem vítima;285;BR-393/RJ;Sul;Abalroamento Mesmo Sentido ;1;0;1;0;0;0;0;0;0;0;2;0;0;0;0
01/08/2013;07:03:00;13;com vítima;136,36;BR-393/RJ;Sul;Choque - Arvore;0;0;0;0;0;0;0;0;0;1;0;1;0;0;0
01/08/2013;23:20:00;75;com vítima;179,375;BR-393/RJ;Sul;Colisão Traseira;0;0;1;0;1;0;0;0;0;0;37;1;0;0;0
01/08/2013;10:03:00;22;com vítima;281,49;BR-393/RJ;Norte;Colisão Lateral;2;0;0;0;0;0;0;0;0;0;1;1;1;0;0
02/08/2013;13:11:00;47;sem vítima;117,21;BR-393/RJ;Norte;Colisão Traseira;0;0;1;0;0;0;0;0;0;1;2;0;0;0;0
02/08/2013;05:44:00;18;com vítima;158,16;BR-393/RJ;Sul;Colisão Traseira;1;0;1;0;0;0;0;0;0;0;1;3;0;0;0
02/08/2013;18:44:00;75;sem vítima;285,5;BR-393/RJ;Sul;Colisão Lateral;1;0;1;0;0;0;0;0;0;0;2;0;0;0;0
03/08/2013;11:52:00;45;sem vítima;167,29;BR-393/RJ;Norte;Saida de Pista;1;0;0;0;0;0;0;0;0;0;2;0;0;0;0
03/08/2013;15:21:00;57;com vítima;168,745;BR-393/RJ;Norte;Outros - Sequência;0;1;0;1;0;0;0;0;0;0;1;2;0;0;0
03/08/2013;22:33:00;79;sem vítima;201,09;BR-393/RJ;Sul;Atropelamento de Animal;1;0;0;0;0;0;0;0;0;0;1;0;0;0;0
03/08/2013;20:13:00;71;com vítima;281,122;BR-393/RJ;Sul;Abalroamento Mesmo Sentido ;0;1;0;1;0;0;0;0;0;0;0;1;1;0;0
04/08/2013;22:48:00;51;sem vítima;105,944;BR-393/RJ;Norte;Abalroamento Sentido Oposto;2;0;0;0;0;0;0;0;0;0;2;0;0;0;0
04/08/2013;10:16:00;25;sem vítima;285,3;BR-393/RJ;Sul;Abalroamento Mesmo Sentido ;2;0;0;0;0;0;0;0;0;0;2;0;0;0;0
05/08/2013;18:41:00;57;sem vítima;105,94;BR-393/RJ;Sul;Colisão Traseira;1;0;0;0;0;0;0;0;0;1;2;0;0;0;0
05/08/2013;13:35:00;45;com vítima;209,17;BR-393/RJ;Sul;Capotamento;1;0;0;0;0;0;0;0;0;0;0;1;0;0;0
05/08/2013;07:49:00;20;com vítima;239,18;BR-393/RJ;Norte;Queda de Moto;0;0;0;1;0;0;0;0;0;0;0;2;0;0;0
05/08/2013;17:34:00;52;com vítima;285,5;BR-393/RJ;Sul;Abalroamento Mesmo Sentido ;1;0;1;0;0;0;0;0;0;0;1;1;0;0;0
06/08/2013;15:41:00;43;com vítima;172,21;BR-393/RJ;Norte;Tombamento;0;0;1;0;0;0;0;0;0;0;0;1;0;0;0
06/08/2013;02:55:00;11;com vítima;215,227;BR-393/RJ;Sul;Tombamento;0;0;1;0;0;0;0;0;0;0;0;3;0;0;0
06/08/2013;16:47:00;51;sem vítima;235,4;BR-393/RJ;Sul;Colisão Traseira;1;0;0;0;0;0;0;0;0;1;2;0;0;0;0
06/08/2013;10:23:00;26;com vítima;272,141;BR-393/RJ;Norte;Saida de Pista;1;0;0;0;0;0;0;0;0;0;0;0;0;1;0
07/08/2013;02:40:00;12;com vítima;0,774;Alça Sul;Sul;Queda de Moto;0;0;0;1;0;0;0;0;0;0;0;1;0;0;0
07/08/2013;13:00:00;51;sem vítima;192,21;BR-393/RJ;Norte;Abalroamento Mesmo Sentido ;2;0;0;0;0;0;0;0;0;0;2;0;0;0;0
07/08/2013;13:08:00;52;com vítima;276,96;BR-393/RJ;Norte;Abalroamento Mesmo Sentido ;0;0;1;0;0;0;0;0;1;0;2;1;0;0;0
08/08/2013;10:43:00;34;com vítima;102;BR-393/RJ;Norte;Atropelamento - Morador;1;0;0;0;0;0;0;0;0;0;2;1;0;0;0
08/08/2013;22:40:00;74;com vítima;184,64;BR-393/RJ;Norte;Saida de Pista;1;0;0;0;0;0;0;0;0;0;1;3;0;0;0
08/08/2013;17:46:00;59;com vítima;218,486;BR-393/RJ;Sul;Capotamento;1;0;0;0;0;0;0;0;0;0;0;1;0;0;1
08/08/2013;10:30:00;32;sem vítima;286;BR-393/RJ;Norte;Colisão Traseira;1;0;1;0;0;0;0;0;0;0;2;0;0;0;0
09/08/2013;23:18:00;87;com vítima;123,5;BR-393/RJ;Sul;Capotamento;1;0;0;0;0;0;0;0;0;0;0;1;0;0;0
09/08/2013;15:09:00;51;sem vítima;139,6;BR-393/RJ;Sul;Saida de Pista;1;0;0;0;0;0;0;0;0;0;1;0;0;0;0
09/08/2013;21:31:00;80;sem vítima;195,11;BR-393/RJ;Norte;Colisão Traseira;2;0;0;0;0;0;0;0;0;0;9;0;0;0;0
09/08/2013;20:25:00;78;sem vítima;217,96;BR-393/RJ;Norte;Tombamento;0;0;1;0;0;0;0;0;0;0;1;0;0;0;0
09/08/2013;04:45:00;12;com vítima;229,87;BR-393/RJ;Norte;Capotamento;1;0;0;0;0;0;0;0;0;0;0;1;0;0;0
09/08/2013;15:21:00;52;com vítima;232,08;BR-393/RJ;Norte;Colisão Lateral;1;0;0;0;0;0;0;0;0;1;1;3;0;0;0
09/08/2013;07:08:00;14;com vítima;284,38;BR-393/RJ;Sul;Abalroamento Mesmo Sentido ;1;0;0;1;0;0;0;0;0;0;1;1;0;0;0
09/08/2013;07:08:00;15;sem vítima;284,4;BR-393/RJ;Norte;Colisão Traseira;1;0;1;0;0;0;0;0;0;0;2;0;0;0;0
10/08/2013;06:33:00;15;sem vítima;285,45;BR-393/RJ;Sul;Abalroamento Mesmo Sentido ;1;0;0;0;1;0;0;0;0;0;2;0;0;0;0
11/08/2013;23:06:00;68;sem vítima;133,925;BR-393/RJ;Norte;Saida de Pista;1;0;0;0;0;0;0;0;0;0;1;0;0;0;0
11/08/2013;17:51:00;50;com vítima;155,58;BR-393/RJ;Sul;Queda de Moto;0;0;0;1;0;0;0;0;0;0;0;0;1;0;0
11/08/2013;04:37:00;19;com vítima;274,57;BR-393/RJ;Sul;Colisão Frontal;1;0;0;0;1;0;0;0;0;0;53;0;1;0;0
12/08/2013;10:18:00;33;sem vítima;114;BR-393/RJ;Sul;Colisão Traseira;2;0;0;0;0;0;0;0;0;0;5;0;0;0;0
12/08/2013;02:02:00;11;com vítima;128,45;BR-393/RJ;Sul;Choque - Arvore;0;0;0;0;1;0;0;0;0;0;34;8;0;1;0
12/08/2013;06:10:00;20;sem vítima;217,49;BR-393/RJ;Norte;Saida de Pista;0;0;1;0;0;0;0;0;0;0;1;0;0;0;0