data;horario;n_da_ocorrencia;tipo_de_ocorrencia;km;trecho;sentido;tipo_de_acidente;automovel;bicicleta;caminhao;moto;onibus;outros;tracao_animal;transporte_de_cargas_especiais;trator_maquinas;utilitarios;ilesos;levemente_feridos;moderadamente_feridos;gravemente_feridos;mortos
15/10/2013;19:22:00;71;sem vítima;115,068;BR-393/RJ;Norte;Saida de Pista;0;0;1;0;0;0;0;0;0;0;1;0;0;0;0
15/10/2013;18:25:00;67;sem vítima;128,528;BR-393/RJ;Sul;Colisão Lateral;0;0;2;0;0;0;0;0;0;0;2;0;0;0;0
15/10/2013;11:07:00;35;com vítima;191,833;BR-393/RJ;Sul;Outros - Sequência;1;0;1;0;0;0;0;0;0;0;3;1;0;0;0
16/10/2013;21:53:00;72;com vítima;136,8;BR-393/RJ;Norte;Capotamento;1;0;0;0;0;0;0;0;0;0;0;1;0;0;0
16/10/2013;19:51:00;65;com vítima;177,7;BR-393/RJ;Sul;Colisão Traseira;2;0;0;0;0;0;0;0;0;0;0;3;0;0;0
16/10/2013;16:09:00;57;com vítima;218,35;BR-393/RJ;Norte;Colisão Frontal;0;0;2;0;0;0;0;0;0;0;0;0;0;1;1
16/10/2013;05:47:00;13;com vítima;274,107;BR-393/RJ;Norte;Colisão Traseira;1;0;1;0;0;0;0;0;0;0;1;1;0;0;0
16/10/2013;19:48:00;64;sem vítima;283,6;BR-393/RJ;Sul;Outros - Sequência;3;0;0;0;0;0;0;0;0;0;4;0;0;0;0
17/10/2013;20:37:00;68;com vítima;260,075;BR-393/RJ;Norte;Tombamento;0;0;1;0;0;0;0;0;0;0;0;1;0;0;0
17/10/2013;19:06:00;64;com vítima;280,07;BR-393/RJ;Norte;Atropelamento - Usuário;1;0;0;0;0;0;0;0;0;0;1;1;0;0;0
17/10/2013;15:12:00;45;sem vítima;285,6;BR-393/RJ;Sul;Colisão Traseira;2;0;0;0;0;0;0;0;0;0;2;0;0;0;0
18/10/2013;10:05:00;16;com vítima;187,44;BR-393/RJ;Sul;Queda de Moto;0;0;0;1;0;0;0;0;0;0;0;1;0;0;0
18/10/2013;18:29:00;51;com vítima;238,622;BR-393/RJ;Norte;Colisão Transversal;1;0;0;1;0;0;0;0;0;0;1;2;0;0;0
18/10/2013;12:34:00;22;sem vítima;283,236;BR-393/RJ;Norte;Colisão Traseira;2;0;0;0;0;0;0;0;0;0;2;0;0;0;0
19/10/2013;03:36:00;14;sem vítima;177,355;BR-393/RJ;Sul;Saida de Pista;1;0;0;0;0;0;0;0;0;0;2;0;0;0;0
19/10/2013;14:16:00;37;com vítima;1,9939;Alça Sul;Sul;Colisão Transversal;2;0;0;0;0;0;0;0;0;0;1;0;1;0;0
19/10/2013;11:15:00;26;sem vítima;281,317;BR-393/RJ;Sul;Colisão Traseira;2;0;0;0;0;0;0;0;0;0;2;0;0;0;0
20/10/2013;01:54:00;1;com vítima;172,095;BR-393/RJ;Norte;Atropelamento de Animal;1;0;0;0;0;0;0;0;0;0;0;1;0;0;0
20/10/2013;21:15:00;65;com vítima;193,31;BR-393/RJ;Sul;Atropelamento - Usuário;1;0;0;0;0;0;0;0;0;0;0;2;0;1;0
20/10/2013;20:46:00;62;com vítima;218,37;BR-393/RJ;Sul;Capotamento;1;0;0;0;0;0;0;0;0;0;4;0;1;0;0
20/10/2013;13:00:00;39;sem vítima;232,06;BR-393/RJ;Norte;Outros - Sequência;1;0;2;0;0;0;0;0;0;0;3;0;0;0;0
20/10/2013;07:57:00;19;sem vítima;236,769;BR-393/RJ;Norte;Abalroamento Mesmo Sentido ;1;0;1;0;0;0;0;0;0;0;2;0;0;0;0
21/10/2013;10:25:00;30;com vítima;110,966;BR-393/RJ;Norte;Colisão Lateral;1;0;1;0;0;0;0;0;0;0;3;2;0;0;0
21/10/2013;21:59:00;63;com vítima;140,885;BR-393/RJ;Sul;Abalroamento Mesmo Sentido ;0;0;2;0;0;0;0;0;0;0;1;1;0;0;0
21/10/2013;12:46:00;35;com vítima;182,37;BR-393/RJ;Norte;Colisão Lateral;1;0;1;0;0;0;0;0;0;0;2;1;0;0;0
21/10/2013;10:53:00;32;com vítima;189,607;BR-393/RJ;Sul;Capotamento;1;0;0;0;0;0;0;0;0;0;0;1;0;0;0
21/10/2013;13:48:00;39;sem vítima;286;BR-393/RJ;Sul;Engavetamento;3;0;0;0;0;0;0;0;0;0;3;0;0;0;0
22/10/2013;07:08:00;16;sem vítima;180,984;BR-393/RJ;Sul;Colisão Traseira;2;0;0;0;0;0;0;0;0;0;2;0;0;0;0
22/10/2013;21:40:00;79;com vítima;193,168;BR-393/RJ;Sul;Atropelamento de Animal;0;0;2;0;0;0;0;0;0;0;1;2;0;0;0
22/10/2013;07:43:00;18;sem vítima;281,62;BR-393/RJ;Sul;Tombamento;0;0;1;0;0;0;0;0;0;0;1;0;0;0;0
23/10/2013;13:46:00;37;com vítima;208,095;BR-393/RJ;Norte;Queda de Moto;0;0;0;1;0;0;0;0;0;0;0;1;0;0;0
24/10/2013;05:59:00;5;sem vítima;186,264;BR-393/RJ;Norte;Atropelamento de Animal;0;0;1;0;0;0;0;0;0;0;1;0;0;0;0
24/10/2013;11:53:00;32;com vítima;252,36;BR-393/RJ;Norte;Colisão Lateral;2;0;0;0;0;0;0;0;0;0;1;3;0;0;0
24/10/2013;18:42:00;63;com vítima;272,59;BR-393/RJ;Norte;Capotamento;1;0;0;0;0;0;0;0;0;0;0;2;0;0;0
24/10/2013;23:03:00;74;com vítima;274,05;BR-393/RJ;Norte;Outros - Sequência;0;0;2;0;0;0;0;0;0;0;0;2;0;0;0
24/10/2013;14:50:00;44;com vítima;284,26;BR-393/RJ;Norte;Engavetamento;2;0;1;0;1;0;0;0;0;0;8;1;0;0;0
24/10/2013;17:12:00;55;sem vítima;286,4;BR-393/RJ;Norte;Colisão Traseira;0;0;2;0;0;0;0;0;0;0;2;0;0;0;0
25/10/2013;20:48:00;62;sem vítima;125,7;BR-393/RJ;Norte;Colisão Traseira;1;0;1;0;0;0;0;0;0;0;3;0;0;0;0
25/10/2013;14:02:00;39;sem vítima;175,72;BR-393/RJ;Norte;Colisão Traseira;0;0;2;0;0;0;0;0;0;0;3;0;0;0;0
25/10/2013;17:47:00;55;com vítima;181,3;BR-393/RJ;Norte;Saida de Pista;1;0;0;0;0;0;0;0;0;0;0;2;0;0;0
25/10/2013;00:42:00;1;com vítima;187,25;BR-393/RJ;Norte;Atropelamento de Animal;0;0;1;0;0;0;0;0;0;0;0;1;0;0;0
26/10/2013;22:20:00;56;sem vítima;118,957;BR-393/RJ;Sul;Saida de Pista;0;0;1;0;0;0;0;0;0;0;1;0;0;0;0
27/10/2013;19:04:00;35;sem vítima;170,16;BR-393/RJ;Norte;Choque - Defensa, barreira ou "submarino";1;0;0;0;0;0;0;0;0;0;2;0;0;0;0
28/10/2013;19:04:00;59;com vítima;203,36;BR-393/RJ;Norte;Capotamento;1;0;0;0;0;0;0;0;0;0;0;0;0;0;1
29/10/2013;07:11:00;14;com vítima;161,69;BR-393/RJ;Norte;Choque - Defensa, barreira ou "submarino";0;0;1;0;0;0;0;0;0;0;0;1;0;0;0
29/10/2013;19:43:00;64;com vítima;182,385;BR-393/RJ;Sul;Colisão Lateral;1;0;1;0;0;0;0;0;0;0;5;1;0;0;0
29/10/2013;05:38:00;11;com vítima;274,118;BR-393/RJ;Norte;Atropelamento - Ciclista;0;1;1;0;0;0;0;0;0;0;1;0;1;0;0
31/10/2013;22:23:00;63;com vítima;143,65;BR-393/RJ;Norte;Tombamento;0;0;1;0;0;0;0;0;0;0;0;1;0;0;0
31/10/2013;07:59:00;18;sem vítima;265,1;BR-393/RJ;Norte;Colisão Lateral;1;0;1;0;0;0;0;0;0;0;2;0;0;0;0
31/10/2013;03:09:00;12;com vítima;285,99;BR-393/RJ;Sul;Queda de Moto;0;0;0;1;0;0;0;0;0;0;0;1;1;0;0
01/11/2013;07:01:00;23;sem vítima;255,85;BR-393/RJ;Norte;Colisão Traseira;0;0;2;0;0;0;0;0;0;0;3;0;0;0;0
01/11/2013;02:27:00;5;sem vítima;282,09;BR-393/RJ;Norte;Choque - Defensa, barreira ou "submarino";1;0;0;0;0;0;0;0;0;0;1;0;0;0;0
01/11/2013;14:24:00;57;sem vítima;285,462;BR-393/RJ;Sul;Abalroamento Mesmo Sentido ;1;0;1;0;0;0;0;0;0;0;2;0;0;0;0
02/11/2013;00:48:00;2;sem vítima;243,68;BR-393/RJ;Sul;Capotamento;1;0;0;0;0;0;0;0;0;0;1;0;0;0;0
02/11/2013;22:08:00;64;sem vítima;284,49;BR-393/RJ;Norte;Colisão Traseira;2;0;0;0;0;0;0;0;0;0;2;0;0;0;0
03/11/2013;13:10:00;27;sem vítima;107,038;BR-393/RJ;Norte;Choque - Outros;1;0;0;0;0;0;0;0;0;0;1;0;0;0;0
03/11/2013;16:49:00;35;sem vítima;172,18;BR-393/RJ;Norte;Tombamento;0;0;1;0;0;0;0;0;0;0;1;0;0;0;0
03/11/2013;04:48:00;6;com vítima;256,12;BR-393/RJ;Sul;Capotamento;1;0;0;0;0;0;0;0;0;0;0;1;0;0;0
03/11/2013;05:49:00;7;sem vítima;285,413;BR-393/RJ;Norte;Colisão Traseira;1;0;0;0;1;0;0;0;0;0;2;0;0;0;0
04/11/2013;22:16:00;67;com vítima;280,23;BR-393/RJ;Norte;Colisão Frontal;1;0;0;1;0;0;0;0;0;0;0;2;0;0;0
05/11/2013;13:18:00;48;com vítima;201,863;BR-393/RJ;Norte;Queda de Moto;0;0;0;1;0;0;0;0;0;0;0;2;0;0;0
06/11/2013;10:41:00;22;com vítima;129,098;BR-393/RJ;Norte;Outros - Sequência;1;0;2;0;0;0;0;0;0;0;0;3;0;0;0
06/11/2013;11:00:00;23;sem vítima;177,7;BR-393/RJ;Norte;Choque - Outros;0;0;1;0;0;0;0;0;0;0;1;0;0;0;0
06/11/2013;15:55:00;38;com vítima;232,12;BR-393/RJ;Norte;Colisão Transversal;0;0;1;0;1;0;0;0;0;0;30;1;1;0;0
06/11/2013;20:32:00;48;sem vítima;237,5;BR-393/RJ;Norte;Saida de Pista;1;0;0;0;0;0;0;0;0;0;1;0;0;0;0
06/11/2013;01:38:00;1;com vítima;242,55;BR-393/RJ;Sul;Choque - Defensa, barreira ou "submarino";1;0;0;0;0;0;0;0;0;0;0;3;0;0;0
07/11/2013;16:23:00;51;sem vítima;235,93;BR-393/RJ;Sul;Colisão Traseira;2;0;0;0;0;0;0;0;0;0;3;0;0;0;0
08/11/2013;19:26:00;69;sem vítima;258,816;BR-393/RJ;Norte;Choque - Elemento de Drenagem;2;0;0;0;0;0;0;0;0;0;2;0;0;0;0
08/11/2013;17:26:00;64;sem vítima;265;BR-393/RJ;Sul;Colisão Traseira;1;0;1;0;0;0;0;0;0;0;2;0;0;0;0
08/11/2013;09:14:00;24;sem vítima;285;BR-393/RJ;Sul;Abalroamento Mesmo Sentido ;1;0;1;0;0;0;0;0;0;0;2;0;0;0;0
08/11/2013;14:35:00;55;sem vítima;285;BR-393/RJ;Norte;Colisão Lateral;1;0;1;0;0;0;0;0;0;0;2;0;0;0;0
08/11/2013;09:24:00;25;sem vítima;285,27;BR-393/RJ;Sul;Abalroamento Mesmo Sentido ;1;0;1;0;0;0;0;0;0;0;2;0;0;0;0
08/11/2013;09:39:00;27;sem vítima;285,285;BR-393/RJ;Sul;Abalroamento Mesmo Sentido ;1;0;1;0;0;0;0;0;0;0;2;0;0;0;0
08/11/2013;17:12:00;63;com vítima;286,001;BR-393/RJ;Sul;Queda de Moto;0;0;0;1;0;0;0;0;0;0;0;1;0;0;0
10/11/2013;20:26:00;53;com vítima;251,86;BR-393/RJ;Norte;Colisão Transversal;2;0;0;0;0;0;0;0;0;0;1;1;0;0;0
10/11/2013;18:31:00;45;com vítima;278;BR-393/RJ;Norte;Capotamento;1;0;0;0;0;0;0;0;0;0;0;3;0;0;0
10/11/2013;01:30:00;5;sem vítima;285,5;BR-393/RJ;Sul;Tombamento;1;0;0;0;0;0;0;0;0;0;1;0;0;0;0
10/11/2013;20:03:00;50;sem vítima;285,5;BR-393/RJ;Sul;Colisão Lateral;1;0;1;0;0;0;0;0;0;0;2;0;0;0;0
11/11/2013;11:45:00;28;com vítima;198,681;BR-393/RJ;Norte;Capotamento;0;0;0;0;0;0;0;0;0;1;0;3;0;0;0
11/11/2013;16:54:00;39;sem vítima;229,966;BR-393/RJ;Norte;Colisão Traseira;1;0;1;0;0;0;0;0;0;0;2;0;0;0;0
11/11/2013;14:02:00;34;com vítima;231,909;BR-393/RJ;Norte;Outros - Sequência;1;0;0;0;0;0;0;0;0;1;2;1;0;0;0
12/11/2013;15:12:00;49;com vítima;239,418;BR-393/RJ;Norte;Saida de Pista;1;0;0;0;0;0;0;0;0;0;0;1;0;0;0
12/11/2013;20:05:00;71;com vítima;239,912;BR-393/RJ;Sul;Colisão Traseira;0;0;1;0;1;0;0;0;0;0;2;1;0;0;0
12/11/2013;12:39:00;38;sem vítima;269;BR-393/RJ;Norte;Colisão Lateral;0;0;1;0;0;0;0;0;0;1;2;0;0;0;0
12/11/2013;08:47:00;17;sem vítima;285,488;BR-393/RJ;Sul;Colisão Traseira;2;0;0;0;0;0;0;0;0;0;2;0;0;0;0
13/11/2013;20:43:00;70;com vítima;228,07;BR-393/RJ;Norte;Tombamento;2;0;0;0;0;0;0;0;0;0;0;3;0;0;0
13/11/2013;17:46:00;62;sem vítima;285,52;BR-393/RJ;Sul;Abalroamento Mesmo Sentido ;1;0;1;0;0;0;0;0;0;0;2;0;0;0;0
14/11/2013;21:18:00;68;sem vítima;175;BR-393/RJ;Sul;Abalroamento Mesmo Sentido ;2;0;0;0;0;0;0;0;0;0;6;0;0;0;0
14/11/2013;09:44:00;21;sem vítima;200,141;BR-393/RJ;Norte;Capotamento;1;0;0;0;0;0;0;0;0;0;1;0;0;0;0
14/11/2013;05:39:00;11;com vítima;225,3;BR-393/RJ;Norte;Capotamento;1;0;0;0;0;0;0;0;0;0;1;0;1;0;0
14/11/2013;08:36:00;15;sem vítima;285;BR-393/RJ;Sul;Abalroamento Mesmo Sentido ;1;0;1;0;0;0;0;0;0;0;2;0;0;0;0
15/11/2013;09:13:00;18;sem vítima;122,92;BR-393/RJ;Norte;Choque - Arvore;1;0;0;0;0;0;0;0;0;0;1;0;0;0;0
15/11/2013;11:31:00;26;sem vítima;125;BR-393/RJ;Norte;Colisão Traseira;1;0;1;0;0;0;0;0;0;0;6;0;0;0;0
15/11/2013;07:56:00;12;com vítima;149,223;BR-393/RJ;Sul;Outros - Sequência;2;0;1;0;0;0;0;0;0;0;5;5;0;0;0
15/11/2013;12:07:00;30;sem vítima;155,55;BR-393/RJ;Norte;Engavetamento;3;0;0;0;0;0;0;0;0;0;11;0;0;0;0
15/11/2013;12:05:00;29;com vítima;182,5;BR-393/RJ;Norte;Colisão Transversal;2;0;0;0;0;0;0;0;0;0;0;6;0;0;0
15/11/2013;09:39:00;20;com vítima;286,39;BR-393/RJ;Norte;Colisão Traseira;1;0;1;0;0;0;0;0;0;0;1;2;0;0;0
16/11/2013;21:06:00;57;com vítima;229,797;BR-393/RJ;Sul;Outros - Sequência;2;0;0;0;0;0;0;0;0;0;3;1;0;0;0
16/11/2013;19:36:00;51;sem vítima;234,795;BR-393/RJ;Sul;Colisão Lateral;2;0;0;0;0;0;0;0;0;0;3;0;0;0;0
16/11/2013;19:21:00;50;com vítima;235,165;BR-393/RJ;Norte;Choque - Poste;1;0;0;1;0;0;0;0;0;0;1;0;1;0;0
16/11/2013;12:50:00;29;com vítima;274,148;BR-393/RJ;Norte;Outros - Sequência;3;0;1;0;0;0;0;0;0;0;0;8;0;0;0
16/11/2013;20:41:00;56;com vítima;282,297;BR-393/RJ;Norte;Colisão Frontal;2;0;0;0;0;0;0;0;0;0;1;1;0;0;0
17/11/2013;17:50:00;60;sem vítima;105,9;BR-393/RJ;Sul;Colisão Traseira;2;0;0;0;0;0;0;0;0;0;6;0;0;0;0
17/11/2013;18:31:00;62;com vítima;125,6;BR-393/RJ;Sul;Colisão Traseira;2;0;0;0;0;0;0;0;0;0;2;3;0;0;0
17/11/2013;16:55:00;54;com vítima;181,7;BR-393/RJ;Sul;Choque - Talude;1;0;0;0;0;0;0;0;0;0;1;2;0;0;0
17/11/2013;21:31:00;70;sem vítima;221,484;BR-393/RJ;Sul;Choque - Defensa, barreira ou "submarino";1;0;0;0;0;0;0;0;0;0;3;0;0;0;0
17/11/2013;17:16:00;56;sem vítima;235;BR-393/RJ;Sul;Colisão Transversal;2;0;0;0;0;0;0;0;0;0;3;0;0;0;0
18/11/2013;01:51:00;3;com vítima;147;BR-393/RJ;Sul;Saida de Pista;1;0;0;0;0;0;0;0;0;0;0;1;0;0;0
18/11/2013;13:31:00;38;sem vítima;282,304;BR-393/RJ;Sul;Colisão Traseira;1;0;1;0;0;0;0;0;0;0;2;0;0;0;0
19/11/2013;18:18:00;57;com vítima;182,358;BR-393/RJ;Norte;Colisão Traseira;0;0;0;0;1;0;0;0;0;1;5;2;0;0;0
19/11/2013;20:46:00;68;com vítima;201,976;BR-393/RJ;Norte;Colisão Lateral;1;0;1;0;0;0;0;0;0;0;1;2;0;0;0
19/11/2013;12:10:00;25;sem vítima;245;BR-393/RJ;Norte;Colisão Traseira;1;0;0;0;1;0;0;0;0;0;2;0;0;0;0
19/11/2013;17:43:00;53;com vítima;279;BR-393/RJ;Norte;Atropelamento - Ciclista;0;1;1;0;0;0;0;0;0;0;1;1;0;0;0
19/11/2013;08:36:00;11;sem vítima;285,481;BR-393/RJ;Sul;Colisão Traseira;1;0;0;0;1;0;0;0;0;0;2;0;0;0;0
20/11/2013;19:00:00;36;sem vítima;107,476;BR-393/RJ;Sul;Colisão Lateral;1;0;0;0;0;0;0;0;0;1;2;0;0;0;0
20/11/2013;13:40:00;27;sem vítima;177,6;BR-393/RJ;Sul;Colisão Traseira;1;0;1;0;0;0;0;0;0;0;2;0;0;0;0
20/11/2013;02:48:00;11;com vítima;246,169;BR-393/RJ;Sul;Colisão Frontal;0;0;2;0;0;0;0;0;0;0;0;1;1;1;0
20/11/2013;04:04:00;12;com vítima;252,46;BR-393/RJ;Sul;Choque - Defensa, barreira ou "submarino";1;0;0;0;0;0;0;0;0;0;0;1;0;0;0
20/11/2013;16:31:00;33;com vítima;274,076;BR-393/RJ;Norte;Tombamento;0;0;1;0;1;0;0;0;0;0;0;0;10;5;4
20/11/2013;11:44:00;22;sem vítima;284,2;BR-393/RJ;Sul;Colisão Lateral;1;0;0;0;1;0;0;0;0;0;2;0;0;0;0
21/11/2013;20:15:00;67;com vítima;104,1;BR-393/RJ;Sul;Colisão Lateral;1;0;1;0;0;0;0;0;0;0;2;0;0;2;0
21/11/2013;07:59:00;16;sem vítima;282,265;BR-393/RJ;Sul;Engavetamento;3;0;0;0;0;0;0;0;0;0;4;0;0;0;0
21/11/2013;13:21:00;42;com vítima;285;BR-393/RJ;Norte;Colisão Transversal;2;0;0;0;0;0;0;0;0;0;0;5;0;0;0
22/11/2013;18:37:00;63;sem vítima;130;BR-393/RJ;Sul;Saida de Pista;1;0;0;0;0;0;0;0;0;0;2;0;0;0;0
22/11/2013;15:46:00;49;com vítima;132,553;BR-393/RJ;Norte;Colisão Traseira;1;0;0;0;0;0;0;0;0;1;3;1;0;0;0
22/11/2013;19:01:00;65;sem vítima;181,5;BR-393/RJ;Norte;Abalroamento Sentido Oposto;0;0;2;0;0;0;0;0;0;0;2;0;0;0;0
22/11/2013;18:55:00;64;com vítima;201,45;BR-393/RJ;Sul;Capotamento;1;0;0;0;0;0;0;0;0;0;0;1;0;0;0
22/11/2013;16:42:00;57;com vítima;233,839;BR-393/RJ;Sul;Choque - Poste;1;0;0;0;0;0;0;0;0;0;0;0;1;0;0
23/11/2013;07:36:00;13;sem vítima;167,8;BR-393/RJ;Norte;Colisão Traseira;0;0;1;0;0;0;0;0;0;1;2;0;0;0;0
23/11/2013;20:52:00;52;sem vítima;174,534;BR-393/RJ;Sul;Choque - Elemento de Drenagem;1;0;0;0;0;0;0;0;0;0;1;0;0;0;0
23/11/2013;16:18:00;42;com vítima;175,14;BR-393/RJ;Norte;Saida de Pista;0;0;0;0;0;0;0;0;0;1;0;1;0;1;0
23/11/2013;03:25:00;6;com vítima;217,764;BR-393/RJ;Norte;Tombamento;0;0;1;0;0;0;0;0;0;0;0;3;0;0;0
23/11/2013;07:29:00;12;sem vítima;218;BR-393/RJ;Sul;Choque - Defensa, barreira ou "submarino";1;0;0;0;0;0;0;0;0;0;1;0;0;0;0
23/11/2013;18:09:00;45;sem vítima;227,481;BR-393/RJ;Norte;Choque - Talude;0;0;1;0;0;0;0;0;0;0;1;0;0;0;0
23/11/2013;20:01:00;53;sem vítima;253,719;BR-393/RJ;Sul;Saida de Pista;1;0;0;0;0;0;0;0;0;0;1;0;0;0;0
23/11/2013;21:38:00;57;sem vítima;255,327;BR-393/RJ;Sul;Saida de Pista;1;0;0;0;0;0;0;0;0;0;1;0;0;0;0
23/11/2013;23:22:00;58;sem vítima;284,423;BR-393/RJ;Sul;Saida de Pista;1;0;0;0;0;0;0;0;0;0;1;0;0;0;0
24/11/2013;00:35:00;12;com vítima;136,498;BR-393/RJ;Norte;Saida de Pista;1;0;0;0;0;0;0;0;0;0;1;2;0;0;0
24/11/2013;18:30:00;35;com vítima;199,818;BR-393/RJ;Norte;Choque - Elemento de Drenagem;1;0;0;0;0;0;0;0;0;0;0;3;0;0;0
24/11/2013;21:48:00;41;com vítima;235,635;BR-393/RJ;Norte;Colisão Lateral;0;0;0;1;0;0;0;0;0;1;15;1;0;1;1
25/11/2013;14:16:00;48;com vítima;229,765;BR-393/RJ;Norte;Abalroamento Sentido Oposto;1;0;1;0;0;0;0;0;0;0;1;2;0;0;1
26/11/2013;13:56:00;34;com vítima;183;BR-393/RJ;Norte;Colisão Traseira;0;0;2;0;0;0;0;0;0;0;1;1;0;0;0
26/11/2013;20:44:00;53;com vítima;200,75;BR-393/RJ;Sul;Choque - Defensa, barreira ou "submarino";1;0;0;0;0;0;0;0;0;0;0;1;0;0;0
26/11/2013;19:31:00;51;sem vítima;285;BR-393/RJ;Sul;Colisão Transversal;1;0;0;0;1;0;0;0;0;0;2;0;0;0;0
27/11/2013;11:15:00;22;sem vítima;285,514;BR-393/RJ;Sul;Colisão Lateral;1;0;1;0;0;0;0;0;0;0;2;0;0;0;0
27/11/2013;14:32:00;40;sem vítima;286;BR-393/RJ;Norte;Colisão Traseira;1;0;0;0;1;0;0;0;0;0;2;0;0;0;0
28/11/2013;16:02:00;58;com vítima;268,111;BR-393/RJ;Norte;Atropelamento - Ciclista;1;1;0;0;0;0;0;0;0;0;0;1;0;1;0
28/11/2013;17:45:00;70;sem vítima;283;BR-393/RJ;Norte;Engavetamento;2;0;1;0;0;0;0;0;0;0;3;0;0;0;0
28/11/2013;16:48:00;60;sem vítima;284,737;BR-393/RJ;Norte;Colisão Traseira;2;0;0;0;0;0;0;0;0;0;2;0;0;0;0
29/11/2013;19:29:00;88;sem vítima;285;BR-393/RJ;Norte;Colisão Lateral;1;0;1;0;0;0;0;0;0;0;2;0;0;0;0
29/11/2013;09:23:00;33;sem vítima;285,134;BR-393/RJ;Sul;Colisão Traseira;1;0;0;1;0;0;0;0;0;0;2;0;0;0;0
29/11/2013;22:01:00;100;sem vítima;285,5;BR-393/RJ;Sul;Colisão Lateral;1;0;1;0;0;0;0;0;0;0;2;0;0;0;0
29/11/2013;19:06:00;85;sem vítima;286,1;BR-393/RJ;Norte;Colisão Lateral;1;0;1;0;0;0;0;0;0;0;2;0;0;0;0
30/11/2013;15:38:00;44;com vítima;129,062;BR-393/RJ;Norte;Saida de Pista;0;0;1;0;0;0;0;0;0;0;0;2;0;0;0
30/11/2013;15:13:00;42;sem vítima;164,36;BR-393/RJ;Norte;Choque - Outros;0;0;0;0;0;0;0;0;0;1;1;0;0;0;0
30/11/2013;15:30:00;43;sem vítima;286,001;BR-393/RJ;Sul;Colisão Traseira;2;0;0;0;0;0;0;0;0;0;2;0;0;0;0
01/12/2013;18:36:00;33;com vítima;230,489;BR-393/RJ;Sul;Queda de Moto;0;0;0;1;0;0;0;0;0;0;0;1;1;0;0
01/12/2013;04:26:00;9;com vítima;250,9;BR-393/RJ;Norte;Saida de Pista;1;0;0;0;0;0;0;0;0;0;0;2;0;0;0
01/12/2013;21:53:00;45;com vítima;282,239;BR-393/RJ;Norte;Colisão Frontal;0;0;0;1;0;0;0;0;0;1;0;1;0;1;0
01/12/2013;19:58:00;37;com vítima;284,887;BR-393/RJ;Sul;Queda de Moto;0;0;0;1;0;0;0;0;0;0;0;1;0;0;0
02/12/2013;00:40:00;11;com vítima;248,963;BR-393/RJ;Norte;Choque - Poste;1;0;0;0;0;0;0;0;0;0;1;3;0;0;0
02/12/2013;18:31:00;52;sem vítima;260,348;BR-393/RJ;Sul;Saida de Pista;1;0;0;0;0;0;0;0;0;0;1;0;0;0;0
02/12/2013;20:18:00;56;com vítima;280,162;BR-393/RJ;Norte;Atropelamento - Morador;1;0;0;0;0;0;0;0;0;0;0;2;0;0;0
03/12/2013;09:03:00;26;com vítima;182,7;BR-393/RJ;Norte;Abalroamento Mesmo Sentido ;1;0;0;0;0;0;0;0;0;1;1;1;0;0;0
03/12/2013;18:35:00;73;com vítima;201;BR-393/RJ;Norte;Outros - Sequência;0;0;3;0;0;0;0;0;0;0;0;2;0;1;0
03/12/2013;18:02:00;71;sem vítima;285;BR-393/RJ;Sul;Outros - Sequência;1;0;1;0;1;0;0;0;0;0;3;0;0;0;0
04/12/2013;12:20:00;40;com vítima;168;BR-393/RJ;Norte;Colisão Transversal;1;0;0;1;0;0;0;0;0;0;1;1;0;0;0
04/12/2013;16:48:00;64;sem vítima;182;BR-393/RJ;Norte;Colisão Lateral;1;0;1;0;0;0;0;0;0;0;2;0;0;0;0
04/12/2013;10:47:00;34;sem vítima;2,6604;Alça Sul;Sul;Colisão Traseira;1;0;0;0;0;0;0;0;0;1;2;0;0;0;0
04/12/2013;11:35:00;38;com vítima;281,447;BR-393/RJ;Sul;Saida de Pista;1;0;0;0;0;0;0;0;0;0;0;2;0;0;0
05/12/2013;11:08:00;22;sem vítima;102,1;BR-393/RJ;Norte;Colisão Lateral;2;0;0;0;0;0;0;0;0;0;4;0;0;0;0
05/12/2013;15:35:00;46;com vítima;124,561;BR-393/RJ;Norte;Colisão Lateral;0;0;2;0;0;0;0;0;0;0;1;1;0;0;0
05/12/2013;16:32:00;52;sem vítima;229;BR-393/RJ;Norte;Colisão Lateral;1;0;0;0;1;0;0;0;0;0;36;0;0;0;0
06/12/2013;08:18:00;20;com vítima;157,255;BR-393/RJ;Sul;Tombamento;0;0;1;0;0;0;0;0;0;0;0;2;0;0;0
06/12/2013;07:11:00;17;sem vítima;285,453;BR-393/RJ;Sul;Abalroamento Mesmo Sentido ;2;0;0;0;0;0;0;0;0;0;2;0;0;0;0
07/12/2013;09:40:00;31;com vítima;164,215;BR-393/RJ;Norte;Colisão Traseira;0;0;2;0;0;0;0;0;0;0;0;2;0;0;0
07/12/2013;13:05:00;47;com vítima;169;BR-393/RJ;Sul;Colisão Transversal;2;0;0;0;0;0;0;0;0;0;0;2;0;0;0
07/12/2013;01:58:00;14;com vítima;179,067;BR-393/RJ;Sul;Choque - Talude;1;0;0;0;0;0;0;0;0;0;0;1;0;0;0
07/12/2013;13:32:00;48;sem vítima;195;BR-393/RJ;Norte;Engavetamento;2;0;1;0;0;0;0;0;0;0;5;0;0;0;0
07/12/2013;01:05:00;11;com vítima;285,495;BR-393/RJ;Norte;Colisão Transversal;1;0;1;0;0;0;0;0;0;0;2;1;0;0;0
07/12/2013;23:09:00;80;sem vítima;285,5;BR-393/RJ;Sul;Colisão Traseira;2;0;0;0;0;0;0;0;0;0;2;0;0;0;0
08/12/2013;00:40:00;3;com vítima;168,8;BR-393/RJ;Sul;Abalroamento Mesmo Sentido ;1;0;0;0;1;0;0;0;0;0;0;3;0;0;0
09/12/2013;12:25:00;26;sem vítima;258,413;BR-393/RJ;Norte;Colisão Lateral;0;0;1;0;0;0;0;0;0;1;8;0;0;0;0
09/12/2013;16:04:00;41;com vítima;277,65;BR-393/RJ;Sul;Choque - Arvore;1;0;0;0;0;0;0;0;0;0;0;0;0;2;2
09/12/2013;17:56:00;49;com vítima;285,416;BR-393/RJ;Norte;Colisão Lateral;0;0;1;1;0;0;0;0;0;0;0;2;0;0;0
10/12/2013;15:47:00;53;com vítima;177,736;BR-393/RJ;Norte;Outros;1;0;0;0;0;0;0;0;0;0;0;2;0;1;0
10/12/2013;06:56:00;19;com vítima;268,486;BR-393/RJ;Sul;Colisão Transversal;1;0;1;0;0;0;0;0;0;0;2;0;1;0;0
10/12/2013;15:28:00;51;com vítima;285,405;BR-393/RJ;Norte;Colisão Transversal;1;0;0;1;0;0;0;0;0;0;1;1;0;0;0
10/12/2013;09:27:00;28;sem vítima;285,465;BR-393/RJ;Norte;Abalroamento Mesmo Sentido ;1;0;1;0;0;0;0;0;0;0;2;0;0;0;0