data;horario;n_da_ocorrencia;tipo_de_ocorrencia;km;trecho;sentido;tipo_de_acidente;automovel;bicicleta;caminhao;moto;onibus;outros;tracao_animal;transporte_de_cargas_especiais;trator_maquinas;utilitarios;ilesos;levemente_feridos;moderadamente_feridos;gravemente_feridos;mortos
24/04/2014;21:48:00;65;sem vítima;284,364;BR-393/RJ;Sul;Colisão Traseira;2;0;0;0;0;0;0;0;0;0;2;0;0;0;0
25/04/2014;23:47:00;57;com vítima;171,471;BR-393/RJ;Sul;Colisão Transversal;1;0;1;0;0;0;0;0;0;0;1;1;1;1;0
25/04/2014;20:22:00;48;com vítima;182;BR-393/RJ;Norte;Atropelamento - Morador;1;0;0;0;0;0;0;0;0;0;3;0;1;0;0
25/04/2014;22:46:00;51;sem vítima;200,018;BR-393/RJ;Sul;Atropelamento de Animal;0;0;1;0;0;0;0;0;0;0;1;0;0;0;0
26/04/2014;07:13:00;15;sem vítima;161,84;BR-393/RJ;Norte;Tombamento;0;0;1;0;0;0;0;0;0;0;1;0;0;0;0
26/04/2014;15:46:00;37;sem vítima;222,761;BR-393/RJ;Norte;Colisão Transversal;2;0;0;0;0;0;0;0;0;0;2;0;0;0;0
27/04/2014;20:17:00;44;com vítima;232;BR-393/RJ;Norte;Colisão Frontal;2;0;0;0;0;0;0;0;0;0;0;0;2;0;0
27/04/2014;22:11:00;50;sem vítima;266,8;BR-393/RJ;Norte;Capotamento;1;0;0;0;0;0;0;0;0;0;1;0;0;0;0
28/04/2014;00:15:00;2;com vítima;234;BR-393/RJ;Norte;Colisão Frontal;0;0;1;1;0;0;0;0;0;0;0;0;1;0;1
30/04/2014;11:18:00;30;com vítima;105,925;BR-393/RJ;Norte;Colisão Lateral;2;0;0;0;0;0;0;0;0;0;0;1;1;0;0
30/04/2014;22:51:00;61;sem vítima;251;BR-393/RJ;Norte;Choque - Poste;1;0;0;0;0;0;0;0;0;0;1;0;0;0;0
30/04/2014;17:25:00;47;com vítima;283,3;BR-393/RJ;Norte;Abalroamento Mesmo Sentido ;0;0;1;1;0;0;0;0;0;0;2;1;0;0;0
30/04/2014;19:11:00;53;sem vítima;284,4;BR-393/RJ;Norte;Abalroamento Sentido Oposto;1;0;1;0;0;0;0;0;0;0;2;0;0;0;0
01/05/2014;04:38:00;17;com vítima;237,61;BR-393/RJ;Norte;Tombamento;0;0;1;0;0;0;0;0;0;0;0;2;0;0;0
02/05/2014;07:27:00;15;com vítima;187,194;BR-393/RJ;Norte;Colisão Lateral;0;0;2;0;0;0;0;0;0;0;0;2;0;0;0
02/05/2014;18:55:00;45;sem vítima;200;BR-393/RJ;Sul;Atropelamento de Animal;1;0;0;0;0;0;0;0;0;0;1;0;0;0;0
02/05/2014;15:47:00;37;com vítima;252,47;BR-393/RJ;Sul;Colisão Transversal;1;0;1;0;0;0;0;0;0;0;1;0;0;0;3
02/05/2014;18:08:00;41;com vítima;285,641;BR-393/RJ;Sul;Colisão Lateral;2;0;0;0;0;0;0;0;0;0;0;2;0;0;0
03/05/2014;02:54:00;11;com vítima;121,507;BR-393/RJ;Norte;Choque - Defensa, barreira ou "submarino";1;0;0;0;0;0;0;0;0;0;0;1;0;0;0
03/05/2014;18:44:00;47;com vítima;200,5;BR-393/RJ;Sul;Atropelamento - Morador;1;0;0;0;0;0;0;0;0;0;1;1;0;0;0
03/05/2014;13:03:00;31;sem vítima;215;BR-393/RJ;Norte;Tombamento;0;0;1;0;0;0;0;0;0;0;3;0;0;0;0
04/05/2014;15:25:00;36;com vítima;176,967;BR-393/RJ;Norte;Outros - Sequência;0;0;3;0;0;0;0;0;0;0;0;2;1;0;0
04/05/2014;00:14:00;9;sem vítima;182,287;BR-393/RJ;Sul;Saida de Pista;1;0;0;0;0;0;0;0;0;0;1;0;0;0;0
04/05/2014;14:54:00;34;com vítima;238,637;BR-393/RJ;Norte;Colisão Transversal;1;0;0;1;0;0;0;0;0;0;1;1;0;0;0
04/05/2014;19:42:00;56;sem vítima;284;BR-393/RJ;Norte;Colisão Traseira;2;0;0;0;0;0;0;0;0;0;4;0;0;0;0
06/05/2014;17:46:00;56;sem vítima;133,345;BR-393/RJ;Norte;Colisão Traseira;0;0;0;2;0;0;0;0;0;0;2;0;0;0;0
06/05/2014;20:27:00;63;com vítima;235,04;BR-393/RJ;Sul;Queda de Moto;0;0;0;1;0;0;0;0;0;0;0;1;0;0;0
08/05/2014;23:09:00;67;sem vítima;285;BR-393/RJ;Sul;Abalroamento Mesmo Sentido ;1;0;0;0;1;0;0;0;0;0;2;0;0;0;0
09/05/2014;12:16:00;30;sem vítima;175,871;BR-393/RJ;Sul;Colisão Traseira;0;0;2;0;0;0;0;0;0;0;2;0;0;0;0
10/05/2014;09:11:00;17;com vítima;175;BR-393/RJ;Norte;Colisão Lateral;0;0;0;1;0;0;0;0;0;1;1;1;0;0;0
10/05/2014;20:48:00;51;sem vítima;250,65;BR-393/RJ;Norte;Colisão Traseira;2;0;0;0;0;0;0;0;0;0;2;0;0;0;0
10/05/2014;18:15:00;45;sem vítima;2,11;Alça Sul;Norte;Colisão Lateral;2;0;0;0;0;0;0;0;0;0;3;0;0;0;0
10/05/2014;12:31:00;27;sem vítima;286,4;BR-393/RJ;Sul;Engavetamento;3;0;0;0;0;0;0;0;0;0;5;0;0;0;0
11/05/2014;02:24:00;2;com vítima;226;BR-393/RJ;Sul;Outros - Sequência;2;0;0;0;0;0;0;0;0;0;3;1;0;0;0
11/05/2014;07:32:00;17;com vítima;238;BR-393/RJ;Norte;Saida de Pista;1;0;0;0;0;0;0;0;0;0;2;1;0;0;0
11/05/2014;06:28:00;13;sem vítima;269;BR-393/RJ;Sul;Choque - Defensa, barreira ou "submarino";1;0;0;0;0;0;0;0;0;0;1;0;0;0;0
11/05/2014;18:43:00;33;sem vítima;283,3;BR-393/RJ;Norte;Colisão Lateral;1;0;1;0;0;0;0;0;0;0;2;0;0;0;0
12/05/2014;17:02:00;61;com vítima;238,647;BR-393/RJ;Norte;Colisão Transversal;1;0;1;0;0;0;0;0;0;0;1;2;0;0;0
12/05/2014;08:07:00;27;sem vítima;282,14;BR-393/RJ;Sul;Engavetamento;2;0;0;1;0;0;0;0;0;0;3;0;0;0;0
14/05/2014;16:19:00;62;sem vítima;106,1;BR-393/RJ;Sul;Colisão Traseira;2;0;1;0;0;0;0;0;0;0;3;0;0;0;0
14/05/2014;07:00:00;14;sem vítima;146,773;BR-393/RJ;Sul;Colisão Lateral;1;0;1;0;0;0;0;0;0;0;3;0;0;0;0
14/05/2014;14:30:00;55;sem vítima;231,9;BR-393/RJ;Sul;Colisão Traseira;2;0;0;0;0;0;0;0;0;0;4;0;0;0;0
14/05/2014;19:06:00;72;com vítima;274,118;BR-393/RJ;Norte;Choque - Objeto sobre a pista;1;0;1;0;0;0;0;0;0;0;1;0;2;0;0
15/05/2014;10:20:00;28;com vítima;245;BR-393/RJ;Sul;Choque - Arvore;1;0;0;0;0;0;0;0;0;0;0;2;0;0;0
15/05/2014;21:21:00;61;sem vítima;283,696;BR-393/RJ;Norte;Colisão Traseira;2;0;0;0;0;0;0;0;0;0;2;0;0;0;0
15/05/2014;07:43:00;18;sem vítima;285;BR-393/RJ;Norte;Colisão Lateral;2;0;0;0;0;0;0;0;0;0;2;0;0;0;0
16/05/2014;06:47:00;15;com vítima;175,593;BR-393/RJ;Sul;Colisão Traseira;2;0;0;0;0;0;0;0;0;0;0;2;0;0;0
16/05/2014;14:51:00;40;sem vítima;242,829;BR-393/RJ;Norte;Colisão Traseira;1;0;1;0;0;0;0;0;0;0;2;0;0;0;0
17/05/2014;17:29:00;61;com vítima;168,469;BR-393/RJ;Norte;Outros - Sequência;0;0;2;1;0;0;0;0;0;0;1;0;1;0;1
18/05/2014;06:26:00;16;com vítima;161,893;BR-393/RJ;Norte;Capotamento;1;0;0;0;0;0;0;0;0;0;0;2;0;0;0
19/05/2014;08:49:00;25;sem vítima;107;BR-393/RJ;Sul;Colisão Traseira;1;0;1;0;0;0;0;0;0;0;2;0;0;0;0
19/05/2014;17:57:00;51;com vítima;188,212;BR-393/RJ;Norte;Atropelamento de Animal;1;0;0;0;0;0;0;0;0;0;0;1;0;0;0
20/05/2014;05:11:00;12;sem vítima;118,045;BR-393/RJ;Sul;Colisão Traseira;0;0;2;0;0;0;0;0;0;0;3;0;0;0;0
20/05/2014;09:44:00;30;com vítima;178,34;BR-393/RJ;Norte;Tombamento;0;0;1;0;0;0;0;0;0;0;0;1;0;0;0
20/05/2014;10:21:00;33;sem vítima;283,354;BR-393/RJ;Sul;Engavetamento;3;0;0;0;0;0;0;0;0;0;3;0;0;0;0
21/05/2014;12:08:00;31;com vítima;232,732;BR-393/RJ;Sul;Colisão Frontal;2;0;0;0;0;0;0;0;0;0;0;0;2;0;0
21/05/2014;12:30:00;36;sem vítima;282;BR-393/RJ;Norte;Engavetamento;3;0;0;0;0;0;0;0;0;0;3;0;0;0;0
22/05/2014;07:52:00;19;com vítima;103,767;BR-393/RJ;Sul;Colisão Traseira;2;0;0;0;0;0;0;0;0;0;3;2;0;0;0
22/05/2014;18:27:00;57;com vítima;210,394;BR-393/RJ;Sul;Outros - Sequência;1;0;0;0;0;0;0;0;0;0;0;1;0;0;0
23/05/2014;01:56:00;5;com vítima;179,765;BR-393/RJ;Norte;Atropelamento de Animal;1;0;0;0;0;0;0;0;0;0;0;4;0;0;0
23/05/2014;23:47:00;79;com vítima;185;BR-393/RJ;Sul;Engavetamento;1;0;0;0;1;0;0;0;0;1;47;3;2;1;0
23/05/2014;17:07:00;60;com vítima;260,483;BR-393/RJ;Sul;Colisão Lateral;2;0;0;0;0;0;0;0;0;0;3;1;0;0;0
24/05/2014;00:38:00;2;sem vítima;173,6;BR-393/RJ;Norte;Choque - Defensa, barreira ou "submarino";1;0;0;0;0;0;0;0;0;0;1;0;0;0;0
24/05/2014;11:55:00;30;com vítima;266,172;BR-393/RJ;Norte;Capotamento;1;0;0;0;0;0;0;0;0;0;1;1;0;0;0
24/05/2014;14:53:00;40;sem vítima;284,2;BR-393/RJ;Norte;Colisão Traseira;2;0;0;0;0;0;0;0;0;0;2;0;0;0;0
24/05/2014;15:38:00;41;sem vítima;284,8;BR-393/RJ;Norte;Colisão Lateral;1;0;1;0;0;0;0;0;0;0;2;0;0;0;0
24/05/2014;13:01:00;34;sem vítima;285,9;BR-393/RJ;Sul;Colisão Traseira;1;0;1;0;0;0;0;0;0;0;2;0;0;0;0
25/05/2014;15:55:00;41;com vítima;175,528;BR-393/RJ;Sul;Capotamento;1;0;0;0;0;0;0;0;0;0;0;3;0;0;0
25/05/2014;13:07:00;26;sem vítima;235,697;BR-393/RJ;Sul;Queda de Moto;0;0;0;1;0;0;0;0;0;0;1;0;0;0;0
25/05/2014;13:21:00;29;sem vítima;282;BR-393/RJ;Sul;Colisão Traseira;2;0;0;0;0;0;0;0;0;0;2;0;0;0;0
26/05/2014;13:51:00;37;com vítima;111;BR-393/RJ;Norte;Colisão Lateral;2;0;0;0;0;0;0;0;0;0;1;1;0;0;0
27/05/2014;15:03:00;46;com vítima;168,655;BR-393/RJ;Norte;Colisão Transversal;1;0;0;1;0;0;0;0;0;0;1;1;0;0;0
27/05/2014;09:52:00;22;com vítima;235,097;BR-393/RJ;Norte;Colisão Transversal;1;0;0;1;0;0;0;0;0;0;1;1;1;0;0
28/05/2014;14:41:00;45;com vítima;263,087;BR-393/RJ;Sul;Abalroamento Sentido Oposto;1;0;1;0;0;0;0;0;0;0;1;1;0;0;0
28/05/2014;12:52:00;35;sem vítima;285,418;BR-393/RJ;Norte;Colisão Lateral;2;0;0;0;0;0;0;0;0;0;2;0;0;0;0
29/05/2014;08:13:00;15;com vítima;124,423;BR-393/RJ;Norte;Outros - Sequência;0;0;2;0;0;0;0;0;0;0;1;1;0;0;0
29/05/2014;21:49:00;57;sem vítima;143;BR-393/RJ;Norte;Saida de Pista;0;0;1;0;0;0;0;0;0;0;2;0;0;0;0
29/05/2014;08:39:00;18;com vítima;167;BR-393/RJ;Norte;Queda de Moto;0;0;0;1;0;0;0;0;0;0;0;1;0;0;0
29/05/2014;09:52:00;27;sem vítima;167,9;BR-393/RJ;Sul;Colisão Lateral;0;0;2;0;0;0;0;0;0;0;2;0;0;0;0
29/05/2014;12:00:00;29;com vítima;279,279;BR-393/RJ;Norte;Colisão Frontal;1;0;0;1;0;0;0;0;0;0;1;1;0;0;0
30/05/2014;17:30:00;56;com vítima;260;BR-393/RJ;Norte;Queda de Bicicleta;0;1;0;0;0;0;0;0;0;0;0;1;0;0;0
30/05/2014;04:48:00;14;com vítima;262,857;BR-393/RJ;Norte;Abalroamento Sentido Oposto;1;0;1;0;0;0;0;0;0;0;1;0;0;1;0
31/05/2014;06:47:00;18;sem vítima;161,943;BR-393/RJ;Norte;Saida de Pista;1;0;0;0;0;0;0;0;0;0;5;0;0;0;0
31/05/2014;20:17:00;51;sem vítima;220,382;BR-393/RJ;Norte;Saida de Pista;1;0;0;0;0;0;0;0;0;0;1;0;0;0;0
31/05/2014;05:50:00;14;sem vítima;258,993;BR-393/RJ;Norte;Saida de Pista;1;0;0;0;0;0;0;0;0;0;1;0;0;0;0
01/06/2014;13:09:00;31;com vítima;131,386;BR-393/RJ;Sul;Queda de Moto;0;0;0;1;0;0;0;0;0;0;0;0;1;0;0
01/06/2014;20:55:00;58;com vítima;153;BR-393/RJ;Norte;Saida de Pista;1;0;0;0;0;0;0;0;0;0;2;1;0;0;0
01/06/2014;07:51:00;23;com vítima;178;BR-393/RJ;Norte;Colisão Traseira;1;0;1;0;0;0;0;0;0;0;0;5;0;0;0
01/06/2014;19:30:00;51;com vítima;195;BR-393/RJ;Sul;Engavetamento;3;0;0;0;0;0;0;0;0;0;0;4;0;0;0
01/06/2014;22:00:00;62;com vítima;239;BR-393/RJ;Sul;Capotamento;1;0;0;0;0;0;0;0;0;0;0;2;0;0;0
01/06/2014;19:43:00;52;com vítima;2;Alça Sul;Sul;Colisão Traseira;0;0;0;1;0;0;1;0;0;0;1;2;0;0;0
01/06/2014;01:53:00;5;com vítima;285,3;BR-393/RJ;Norte;Capotamento;1;0;0;0;0;0;0;0;0;0;0;4;0;0;0
02/06/2014;07:56:00;7;sem vítima;229,832;BR-393/RJ;Sul;Choque - Talude;1;0;0;0;0;0;0;0;0;0;2;0;0;0;0
03/06/2014;19:47:00;47;com vítima;218,661;BR-393/RJ;Norte;Queda de Moto;0;0;0;1;0;0;0;0;0;0;0;0;1;0;0
03/06/2014;21:32:00;48;sem vítima;235,232;BR-393/RJ;Norte;Colisão Lateral;1;0;0;1;0;0;0;0;0;0;5;0;0;0;0
03/06/2014;16:27:00;37;com vítima;246;BR-393/RJ;Norte;Abalroamento Sentido Oposto;1;0;0;0;0;0;0;0;0;1;1;1;0;0;0
04/06/2014;14:10:00;32;sem vítima;235,234;BR-393/RJ;Norte;Colisão Traseira;2;0;0;0;0;0;0;0;0;0;4;0;0;0;0
04/06/2014;16:25:00;39;com vítima;286,1;BR-393/RJ;Norte;Colisão Traseira;1;0;0;1;0;0;0;0;0;0;1;1;1;0;0
05/06/2014;05:09:00;11;sem vítima;129,153;BR-393/RJ;Sul;Tombamento;0;0;1;0;0;0;0;0;0;0;1;0;0;0;0
05/06/2014;06:35:00;12;sem vítima;263,05;BR-393/RJ;Sul;Colisão Frontal;2;0;0;0;0;0;0;0;0;0;3;0;0;0;0
06/06/2014;21:22:00;65;com vítima;110;BR-393/RJ;Norte;Saida de Pista;1;0;0;0;0;0;0;0;0;0;0;1;1;0;0
06/06/2014;18:44:00;50;com vítima;230,7;BR-393/RJ;Sul;Colisão Lateral;1;0;0;1;0;0;0;0;0;0;4;1;1;0;0
06/06/2014;19:05:00;53;sem vítima;285,5;BR-393/RJ;Sul;Colisão Lateral;1;0;1;0;0;0;0;0;0;0;2;0;0;0;0
06/06/2014;19:32:00;54;sem vítima;285,5;BR-393/RJ;Sul;Colisão Traseira;2;0;0;0;0;0;0;0;0;0;2;0;0;0;0
06/06/2014;18:36:00;46;sem vítima;286,1;BR-393/RJ;Sul;Colisão Traseira;2;0;0;0;0;0;0;0;0;0;2;0;0;0;0
07/06/2014;21:00:00;55;com vítima;102,523;BR-393/RJ;Norte;Colisão Traseira;2;0;0;0;0;0;0;0;0;0;0;2;0;0;0
07/06/2014;11:40:00;25;com vítima;137;BR-393/RJ;Norte;Choque - Talude;1;0;0;0;0;0;0;0;0;0;0;4;0;0;0
07/06/2014;05:03:00;14;com vítima;155,449;BR-393/RJ;Norte;Outros - Sequência;0;0;1;0;1;0;0;0;0;0;36;3;0;0;0
07/06/2014;15:05:00;36;com vítima;173,352;BR-393/RJ;Sul;Outros - Sequência;4;0;0;0;0;0;0;0;0;0;0;4;3;0;1
07/06/2014;01:19:00;10;com vítima;232,4;BR-393/RJ;Sul;Choque - Defensa, barreira ou "submarino";1;0;0;0;0;0;0;0;0;0;0;1;0;0;0
07/06/2014;12:11:00;28;com vítima;280,122;BR-393/RJ;Sul;Colisão Transversal;1;0;0;1;0;0;0;0;0;0;1;1;0;0;0
08/06/2014;01:41:00;2;com vítima;246,18;BR-393/RJ;Norte;Colisão Frontal;2;0;0;0;0;0;0;0;0;0;1;2;0;1;0
08/06/2014;13:32:00;23;com vítima;247;BR-393/RJ;Norte;Saida de Pista;1;0;0;0;0;0;0;0;0;0;0;1;1;0;0
08/06/2014;05:30:00;10;com vítima;280;BR-393/RJ;Norte;Colisão Traseira;1;0;0;0;1;0;0;0;0;0;1;1;0;0;0
08/06/2014;16:03:00;33;sem vítima;281;BR-393/RJ;Norte;Colisão Lateral;1;0;0;1;0;0;0;0;0;0;2;0;0;0;0
08/06/2014;05:06:00;9;sem vítima;285,465;BR-393/RJ;Sul;Choque - Defensa, barreira ou "submarino";1;0;0;0;0;0;0;0;0;0;1;0;0;0;0
10/06/2014;18:30:00;50;sem vítima;196;BR-393/RJ;Sul;Abalroamento Mesmo Sentido ;1;0;0;0;0;0;0;0;0;1;2;0;0;0;0
11/06/2014;04:43:00;13;com vítima;143,433;BR-393/RJ;Norte;Tombamento;0;0;1;0;0;0;0;0;0;0;0;1;0;0;0
12/06/2014;13:09:00;34;sem vítima;279,8;BR-393/RJ;Sul;Engavetamento;3;0;0;0;0;0;0;0;0;0;3;0;0;0;0
12/06/2014;08:52:00;17;sem vítima;286;BR-393/RJ;Norte;Colisão Traseira;2;0;0;0;0;0;0;0;0;0;2;0;0;0;0
12/06/2014;07:24:00;15;com vítima;286,003;BR-393/RJ;Norte;Engavetamento;4;0;0;0;0;0;0;0;0;0;3;1;0;0;0
13/06/2014;09:04:00;22;com vítima;104,339;BR-393/RJ;Norte;Engavetamento;4;0;0;0;0;0;0;0;0;0;1;11;0;0;0
13/06/2014;00:28:00;9;sem vítima;141,969;BR-393/RJ;Norte;Colisão Traseira;2;0;0;0;0;0;0;0;0;0;4;0;0;0;0
13/06/2014;11:49:00;32;sem vítima;233,731;BR-393/RJ;Sul;Colisão Traseira;2;0;0;0;0;0;0;0;0;0;9;0;0;0;0
13/06/2014;19:49:00;59;sem vítima;234;BR-393/RJ;Sul;Colisão Traseira;0;0;2;0;0;0;0;0;0;0;2;0;0;0;0
13/06/2014;22:58:00;67;sem vítima;242,2;BR-393/RJ;Sul;Choque - Defensa, barreira ou "submarino";1;0;0;0;0;0;0;0;0;0;2;0;0;0;0
14/06/2014;02:34:00;11;sem vítima;103;BR-393/RJ;Norte;Outros - Sequência;1;0;1;0;0;0;0;0;0;0;2;0;0;0;0
14/06/2014;13:53:00;40;com vítima;115,626;BR-393/RJ;Norte;Colisão Lateral;0;0;1;0;0;0;0;0;0;1;0;1;1;0;0
14/06/2014;08:14:00;20;com vítima;234,036;BR-393/RJ;Norte;Engavetamento;3;0;0;0;0;0;0;0;0;0;2;2;0;0;0
14/06/2014;22:05:00;66;sem vítima;283,3;BR-393/RJ;Norte;Choque - Poste;1;0;0;0;0;0;0;0;0;0;1;0;0;0;0
14/06/2014;20:47:00;63;com vítima;286;BR-393/RJ;Norte;Colisão Lateral;1;0;0;1;0;0;0;0;0;0;1;1;0;0;0
15/06/2014;06:26:00;16;sem vítima;138,171;BR-393/RJ;Sul;Capotamento;1;0;0;0;0;0;0;0;0;0;1;0;0;0;0
16/06/2014;12:35:00;26;sem vítima;104;BR-393/RJ;Norte;Colisão Traseira;2;0;0;0;0;0;0;0;0;0;2;0;0;0;0
16/06/2014;17:56:00;43;com vítima;283,3;BR-393/RJ;Norte;Engavetamento;3;0;1;0;0;0;0;0;0;0;3;1;0;0;0
17/06/2014;18:25:00;64;com vítima;177,8;BR-393/RJ;Norte;Colisão Traseira;2;0;0;0;0;0;0;0;0;0;1;2;2;0;0
17/06/2014;06:51:00;20;com vítima;273,22;BR-393/RJ;Norte;Tombamento;0;0;1;0;0;0;0;0;0;0;0;0;1;0;0
18/06/2014;23:16:00;57;sem vítima;172,5;BR-393/RJ;Sul;Saida de Pista;1;0;0;0;0;0;0;0;0;0;5;0;0;0;0
18/06/2014;19:18:00;49;sem vítima;175,5;BR-393/RJ;Sul;Saida de Pista;1;0;0;0;0;0;0;0;0;0;2;0;0;0;0
18/06/2014;09:45:00;29;com vítima;220,429;BR-393/RJ;Norte;Colisão Traseira;1;0;1;0;0;0;0;0;0;0;0;3;0;0;0
18/06/2014;18:57:00;47;com vítima;269;BR-393/RJ;Norte;Saida de Pista;0;0;0;0;0;0;0;0;0;1;0;2;0;0;0
20/06/2014;08:13:00;16;sem vítima;155;BR-393/RJ;Norte;Capotamento;1;0;0;0;0;0;0;0;0;0;3;0;0;0;0
21/06/2014;22:03:00;56;com vítima;175;BR-393/RJ;Norte;Colisão Lateral;1;0;1;0;0;0;0;0;0;0;1;2;0;0;0
21/06/2014;05:23:00;16;com vítima;236,067;BR-393/RJ;Norte;Colisão Frontal;1;0;1;0;0;0;0;0;0;0;3;1;1;0;1
21/06/2014;23:16:00;60;com vítima;281,8;BR-393/RJ;Norte;Colisão Transversal;1;0;0;1;0;0;0;0;0;0;1;0;2;0;0
22/06/2014;05:37:00;6;com vítima;215,071;BR-393/RJ;Norte;Queda de Moto;0;0;0;1;0;0;0;0;0;0;0;1;0;0;0
23/06/2014;14:22:00;39;sem vítima;233,6;BR-393/RJ;Sul;Colisão Lateral;1;0;1;0;0;0;0;0;0;0;2;0;0;0;0
23/06/2014;06:44:00;15;sem vítima;285,411;BR-393/RJ;Norte;Colisão Traseira;2;0;0;0;0;0;0;0;0;0;3;0;0;0;0
24/06/2014;08:32:00;17;sem vítima;191,746;BR-393/RJ;Norte;Outros - Sequência;0;0;1;0;0;0;0;0;0;0;1;0;0;0;0
26/06/2014;07:16:00;14;sem vítima;182;BR-393/RJ;Sul;Colisão Traseira;2;0;0;0;0;0;0;0;0;0;2;0;0;0;0
26/06/2014;08:24:00;16;com vítima;235,238;BR-393/RJ;Sul;Abalroamento Mesmo Sentido ;0;0;1;1;0;0;0;0;0;0;2;1;0;0;0
26/06/2014;04:25:00;11;sem vítima;244,96;BR-393/RJ;Sul;Saida de Pista;0;0;1;0;0;0;0;0;0;0;1;0;0;0;0
26/06/2014;18:19:00;47;sem vítima;281,5;BR-393/RJ;Norte;Colisão Transversal;2;0;0;0;0;0;0;0;0;0;2;0;0;0;0
27/06/2014;09:33:00;15;com vítima;279;BR-393/RJ;Norte;Colisão Traseira;1;0;0;1;0;0;0;0;0;0;1;1;0;0;0
27/06/2014;09:52:00;16;com vítima;285;BR-393/RJ;Norte;Colisão Lateral;1;0;1;0;0;0;0;0;0;0;1;1;0;0;0
28/06/2014;08:08:00;15;com vítima;161,206;BR-393/RJ;Norte;Tombamento;0;0;1;0;0;0;0;0;0;0;0;1;0;0;0
28/06/2014;20:02:00;38;sem vítima;252;BR-393/RJ;Sul;Colisão Transversal;2;0;0;0;0;0;0;0;0;0;2;0;0;0;0
28/06/2014;15:59:00;28;com vítima;271;BR-393/RJ;Norte;Choque - Outros;1;0;0;0;0;0;0;0;0;0;0;1;0;0;0
28/06/2014;19:23:00;34;com vítima;280,2;BR-393/RJ;Norte;Colisão Lateral;2;0;0;0;0;0;0;0;0;0;3;1;0;0;0
28/06/2014;07:08:00;14;sem vítima;285,209;BR-393/RJ;Sul;Colisão Lateral;2;0;0;0;0;0;0;0;0;0;2;0;0;0;0
29/06/2014;16:39:00;43;com vítima;284,7;BR-393/RJ;Sul;Engavetamento;4;0;0;0;0;0;0;0;0;0;9;1;0;0;0
30/06/2014;10:56:00;32;com vítima;281,462;BR-393/RJ;Sul;Colisão Transversal;2;0;0;0;0;0;0;0;0;0;0;2;0;0;0
01/07/2014;07:47:00;17;sem vítima;266,712;BR-393/RJ;Norte;Saida de Pista;1;0;0;0;0;0;0;0;0;0;1;0;0;0;0
01/07/2014;18:02:00;46;sem vítima;278,87;BR-393/RJ;Sul;Outros;1;0;1;0;0;0;0;0;0;0;3;0;0;0;0
02/07/2014;22:33:00;68;com vítima;175,56;BR-393/RJ;Sul;Saida de Pista;1;0;0;0;0;0;0;0;0;0;0;1;0;0;0
02/07/2014;16:31:00;54;com vítima;206;BR-393/RJ;Norte;Capotamento;1;0;0;0;0;0;0;0;0;0;0;5;0;0;0
02/07/2014;07:00:00;17;sem vítima;282;BR-393/RJ;Norte;Colisão Traseira;2;0;0;0;0;0;0;0;0;0;2;0;0;0;0
03/07/2014;14:40:00;39;sem vítima;267,171;BR-393/RJ;Sul;Colisão Traseira;2;0;0;0;0;0;0;0;0;0;2;0;0;0;0
03/07/2014;18:08:00;51;com vítima;284;BR-393/RJ;Norte;Engavetamento;1;0;2;0;0;0;0;0;0;0;3;1;0;0;0
03/07/2014;10:34:00;31;sem vítima;285,392;BR-393/RJ;Norte;Colisão Traseira;2;0;0;0;0;0;0;0;0;0;2;0;0;0;0
04/07/2014;15:10:00;40;sem vítima;142,282;BR-393/RJ;Sul;Colisão Lateral;1;0;1;0;0;0;0;0;0;0;2;0;0;0;0
05/07/2014;17:27:00;49;com vítima;114,893;BR-393/RJ;Norte;Tombamento;0;0;1;0;0;0;0;0;0;0;0;1;0;0;0
05/07/2014;10:01:00;26;com vítima;138,407;BR-393/RJ;Sul;Colisão Traseira;0;0;0;0;2;0;0;0;0;0;81;2;0;0;0
05/07/2014;16:11:00;44;sem vítima;168,804;BR-393/RJ;Sul;Colisão Transversal;1;0;0;0;1;0;0;0;0;0;3;0;0;0;0
05/07/2014;05:04:00;14;sem vítima;178,1;BR-393/RJ;Sul;Saida de Pista;1;0;0;0;0;0;0;0;0;0;1;0;0;0;0
05/07/2014;21:56:00;70;com vítima;240,872;BR-393/RJ;Norte;Outros - Sequência;1;0;2;0;0;0;0;0;0;0;2;2;0;0;0
05/07/2014;18:41:00;56;sem vítima;284,5;BR-393/RJ;Norte;Engavetamento;3;0;0;0;0;0;0;0;0;0;3;0;0;0;0
05/07/2014;20:00:00;67;sem vítima;284,6;BR-393/RJ;Sul;Colisão Lateral;1;0;1;0;0;0;0;0;0;0;2;0;0;0;0
05/07/2014;17:59:00;52;sem vítima;284,7;BR-393/RJ;Norte;Colisão Traseira;1;0;1;0;0;0;0;0;0;0;3;0;0;0;0
06/07/2014;08:26:00;11;com vítima;141,425;BR-393/RJ;Norte;Queda de Moto;0;0;0;1;0;0;0;0;0;0;0;1;0;0;0
06/07/2014;17:51:00;37;com vítima;1,55;Alça Sul;Sul;Queda de Bicicleta;0;1;0;0;0;0;0;0;0;0;0;1;0;0;0
06/07/2014;15:22:00;28;sem vítima;285;BR-393/RJ;Sul;Engavetamento;4;0;0;1;0;0;0;0;0;0;5;0;0;0;0
07/07/2014;16:25:00;37;com vítima;251,3;BR-393/RJ;Sul;Queda de Moto;0;0;0;1;0;0;0;0;0;0;0;1;0;0;0
07/07/2014;15:30:00;36;com vítima;281,355;BR-393/RJ;Sul;Colisão Traseira;2;0;0;0;0;0;0;0;0;0;2;1;0;0;0
08/07/2014;06:23:00;17;com vítima;171,72;BR-393/RJ;Sul;Atropelamento de Animal;1;0;0;0;0;0;0;0;0;0;0;1;0;0;0
08/07/2014;03:30:00;15;sem vítima;243,7;BR-393/RJ;Norte;Abalroamento Mesmo Sentido ;1;0;1;0;0;0;0;0;0;0;2;0;0;0;0
08/07/2014;19:05:00;46;sem vítima;274,5;BR-393/RJ;Sul;Saida de Pista;1;0;0;0;0;0;0;0;0;0;1;0;0;0;0
08/07/2014;20:59:00;52;com vítima;2,11;Alça Sul;Norte;Outros - Sequência;2;0;0;1;0;0;0;0;0;0;1;1;0;1;0
08/07/2014;20:38:00;49;sem vítima;285,5;BR-393/RJ;Norte;Colisão Traseira;2;0;0;0;0;0;0;0;0;0;2;0;0;0;0
08/07/2014;23:12:00;56;com vítima;286;BR-393/RJ;Norte;Queda de Moto;0;0;0;1;0;0;0;0;0;0;0;1;0;0;0
09/07/2014;07:07:00;13;sem vítima;245;BR-393/RJ;Sul;Colisão Lateral;2;0;0;0;0;0;0;0;0;0;2;0;0;0;0
09/07/2014;21:27:00;45;com vítima;284,2;BR-393/RJ;Norte;Outros - Sequência;3;0;0;0;0;0;0;0;0;0;0;5;0;0;0
10/07/2014;08:58:00;23;sem vítima;151,817;BR-393/RJ;Sul;Saida de Pista;1;0;0;0;0;0;0;0;0;0;2;0;0;0;0