data;horario;n_da_ocorrencia;tipo_de_ocorrencia;km;trecho;sentido;tipo_de_acidente;automovel;bicicleta;caminhao;moto;onibus;outros;tracao_animal;transporte_de_cargas_especiais;trator_maquinas;utilitarios;ilesos;levemente_feridos;moderadamente_feridos;gravemente_feridos;mortos
25/03/2015;15:27:00;45;com vítima;178,881;BR-393/RJ;Pista Sul;Colisão com veículos (traseira);1;0;0;1;0;0;0;0;0;0;0;3;0;0;0
26/03/2015;13:50:00;58;sem vítima;143;BR-393/RJ;Pista Norte;Saídas de pista;1;0;0;0;0;0;0;0;0;0;1;0;0;0;0
26/03/2015;13:54:00;60;com vítima;155;BR-393/RJ;Pista Norte;Acidentes de outra natureza;0;0;0;1;0;0;0;0;0;0;0;1;0;0;0
26/03/2015;16:09:00;73;sem vítima;265,123;BR-393/RJ;Pista Norte;Colisão lateral no sentido contrário;2;0;0;0;0;0;0;0;0;0;2;0;0;0;0
26/03/2015;10:08:00;37;sem vítima;286,001;BR-393/RJ;Pista Sul;Engavetamento;3;0;0;0;0;0;0;0;0;0;3;0;0;0;0
27/03/2015;13:25:00;52;com vítima;186,6;BR-393/RJ;Pista Norte;Colisão lateral no mesmo sentido;0;0;3;0;0;0;0;0;0;0;1;2;0;0;0
28/03/2015;17:28:00;52;sem vítima;161,3;BR-393/RJ;Pista Norte;Colisão c/ obstáculos;1;0;0;0;0;0;0;0;0;0;2;0;0;0;0
29/03/2015;21:51:00;57;com vítima;161;BR-393/RJ;Pista Sul;Acidentes de outra natureza;0;0;0;1;0;0;0;0;0;0;0;2;0;0;0
29/03/2015;22:48:00;62;sem vítima;164,6;BR-393/RJ;Pista Norte;Colisão c/ obstáculos;0;0;2;0;0;0;0;0;0;0;2;0;0;0;0
29/03/2015;06:11:00;18;sem vítima;251,46;BR-393/RJ;Pista Norte;Colisão c/ obstáculos;1;0;0;0;0;0;0;0;0;0;1;0;0;0;0
30/03/2015;21:35:00;110;sem vítima;164,735;BR-393/RJ;Pista Sul;Acidentes de outra natureza;1;0;0;0;0;0;0;0;0;0;1;0;0;0;0
30/03/2015;12:25:00;67;sem vítima;285,476;BR-393/RJ;Pista Norte;Colisão lateral no mesmo sentido;2;0;0;0;0;0;0;0;0;0;2;0;0;0;0
31/03/2015;00:57:00;3;sem vítima;2,467;Alça Sul;Pista Norte;Atropelamento de animais;0;0;0;0;0;0;0;0;0;1;1;0;0;0;0
31/03/2015;09:55:00;26;sem vítima;285,537;BR-393/RJ;Pista Sul;Colisão lateral no mesmo sentido;1;0;1;0;0;0;0;0;0;0;2;0;0;0;0
31/03/2015;08:57:00;22;sem vítima;285,8;BR-393/RJ;Pista Norte;Engavetamento;2;0;1;0;0;0;0;0;0;0;3;0;0;0;0
31/03/2015;09:32:00;25;com vítima;286,003;BR-393/RJ;Pista Sul;Colisão com veículos (traseira);2;0;0;0;0;0;0;0;0;0;2;1;0;0;0
01/04/2015;16:10:00;48;com vítima;217,659;BR-393/RJ;Pista Norte;Colisão lateral no sentido contrário;1;;1;;;;;;;;1;4;;;
02/04/2015;18:54:00;77;sem vítima;265;BR-393/RJ;Pista Norte;Colisão com veículos (traseira);1;;1;;;;;;;;2;;;;
03/04/2015;09:46:00;59;sem vítima;103,9;BR-393/RJ;Pista Norte;Colisão lateral no mesmo sentido;2;;;;;;;;;;8;;;;
03/04/2015;06:06:00;42;sem vítima;228,946;BR-393/RJ;Pista Norte;Saídas de pista;1;;;;;;;;;;3;;;;
03/04/2015;04:59:00;37;sem vítima;239,4;BR-393/RJ;Pista Norte;Saídas de pista;1;;;;;;;;;;1;;;;
04/04/2015;14:33:00;47;com vítima;181,31;BR-393/RJ;Pista Norte;Colisão lateral no mesmo sentido;;;;2;;;;;;;0;1;;;1
04/04/2015;22:00:00;71;com vítima;258,052;BR-393/RJ;Pista Sul;Colisão c/ obstáculos;;;;;;;;;;1;0;2;;;
05/04/2015;12:38:00;36;com vítima;156,039;BR-393/RJ;Pista Norte;Capotamento;1;;;;;;;;;;0;1;;;
05/04/2015;13:38:00;41;com vítima;168,733;BR-393/RJ;Pista Norte;Colisão lateral no sentido contrário;2;;;;;;;;;;6;2;;;
05/04/2015;18:04:00;67;sem vítima;282;BR-393/RJ;Pista Sul;Colisão com veículos (traseira);2;;;;;;;;;;3;;;;
05/04/2015;18:38:00;71;sem vítima;285,5;BR-393/RJ;Pista Sul;Colisão lateral no mesmo sentido;1;;1;;;;;;;;6;;;;
06/04/2015;13:15:00;58;com vítima;133,354;BR-393/RJ;Pista Sul;Atropelamento de pedestre;1;1;;;;;;;;;0;2;;;
06/04/2015;13:21:00;59;com vítima;233,954;BR-393/RJ;Pista Norte;Colisão com veículos (traseira);1;;;1;;;;;;;1;;1;;
07/04/2015;07:02:00;11;com vítima;175,792;BR-393/RJ;Pista Norte;Tombamento;;;1;;;;;;;;0;1;;;
07/04/2015;13:15:00;42;sem vítima;268,337;BR-393/RJ;Pista Norte;Colisão com veículos (traseira);2;;;;;;;;;;2;;;;
07/04/2015;20:24:00;75;com vítima;285,46;BR-393/RJ;Pista Sul;Colisão lateral no sentido contrário;1;;;1;;;;;;;0;2;;;
09/04/2015;09:22:00;44;sem vítima;132;BR-393/RJ;Pista Norte;Colisão com veículos (traseira);1;;;1;;;;;;;2;;;;
09/04/2015;21:26:00;103;sem vítima;265;BR-393/RJ;Pista Norte;Colisão lateral no mesmo sentido;1;;1;;;;;;;;3;;;;
10/04/2015;12:22:00;51;com vítima;240;BR-393/RJ;Pista Norte;Capotamento;1;;;;;;;;;;0;;1;;
10/04/2015;15:34:00;66;com vítima;279,5;BR-393/RJ;Pista Norte;Colisão lateral no sentido contrário;1;;;1;;;;;;;0;1;1;;
10/04/2015;18:46:00;75;sem vítima;286;BR-393/RJ;Pista Sul;Colisão com veículos (traseira);2;;;;;;;;;;2;;;;
11/04/2015;10:11:00;43;sem vítima;139,94;BR-393/RJ;Pista Norte;Saídas de pista;;;1;;;;;;;;1;;;;
11/04/2015;04:52:00;21;sem vítima;172,7;BR-393/RJ;Pista Norte;Atropelamento de animais;;;;;;1;;;;;1;;;;
11/04/2015;17:22:00;85;com vítima;235,394;BR-393/RJ;Pista Norte;Colisão lateral no sentido contrário;1;;;1;;;;;;;1;1;;;
11/04/2015;10:59:00;50;sem vítima;286;BR-393/RJ;Pista Norte;Colisão com veículos (traseira);2;;;;;;;;;;2;;;;
12/04/2015;07:20:00;16;sem vítima;124,323;BR-393/RJ;Pista Norte;Tombamento;;;1;;;;;;;;1;;;;
12/04/2015;04:16:00;15;com vítima;155,6;BR-393/RJ;Pista Sul;Acidentes de outra natureza;;;;1;;;;;;;0;;1;;
12/04/2015;20:09:00;9;com vítima;188;BR-393/RJ;Pista Sul;Acidentes de outra natureza;;;1;2;;;;;;;1;2;1;;
12/04/2015;19:50:00;8;sem vítima;285;BR-393/RJ;Pista Norte;Colisão com veículos (traseira);2;;;;;;;;;;2;;;;
13/04/2015;20:12:00;62;sem vítima;283,3;BR-393/RJ;Pista Sul;Colisão lateral no sentido contrário;2;;;;;;;;;;4;;;;
14/04/2015;18:17:00;54;com vítima;156;BR-393/RJ;Pista Norte;Saídas de pista;1;;;;;;;;;;0;1;;;
14/04/2015;09:00:00;25;com vítima;278;BR-393/RJ;Pista Sul;Colisão lateral no mesmo sentido;2;;;;;;;;;;1;1;;;
14/04/2015;23:17:00;79;sem vítima;285,7;BR-393/RJ;Pista Norte;Colisão lateral no sentido contrário;1;;1;;;;;;;;2;;;;
16/04/2015;13:10:00;63;com vítima;106;BR-393/RJ;Pista Norte;Colisão lateral no sentido contrário;1;;;1;;;;;;;1;1;;;
16/04/2015;07:20:00;34;com vítima;185,05;BR-393/RJ;Pista Norte;Colisão com veículos (frontal);1;;2;;;;;;;;2;;;1;
16/04/2015;03:20:00;18;com vítima;251,8;BR-393/RJ;Pista Norte;Capotamento;1;;;;;;;;;;0;1;;;
17/04/2015;06:44:00;27;com vítima;136,3;BR-393/RJ;Pista Norte;Tombamento;;;1;;;;;;;;0;1;;;
17/04/2015;22:29:00;93;com vítima;235;BR-393/RJ;Pista Norte;Colisão lateral no mesmo sentido;1;;;1;;;;;;;1;1;;;
17/04/2015;10:43:00;46;sem vítima;252,4;BR-393/RJ;Pista Norte;Colisão lateral no mesmo sentido;2;;;;;;;;;;5;;;;
18/04/2015;02:17:00;5;com vítima;123,504;BR-393/RJ;Pista Sul;Colisão c/ obstáculos;1;;;;;;;;;;0;2;;;
18/04/2015;09:07:00;29;com vítima;201,4;BR-393/RJ;Pista Norte;Tombamento;;;1;;;;;;;;0;;1;;
18/04/2015;07:15:00;26;sem vítima;252;BR-393/RJ;Pista Sul;Colisão lateral no sentido contrário;1;;1;;;;;;;;2;;;;
19/04/2015;09:27:00;32;com vítima;141,25;BR-393/RJ;Pista Sul;Acidentes de outra natureza;;1;;;;;;;;;0;1;;;
19/04/2015;05:05:00;17;sem vítima;249,5;BR-393/RJ;Pista Norte;Colisão com veículos (frontal);1;;;;1;;;;;;45;;;;
21/04/2015;03:47:00;15;sem vítima;286,002;BR-393/RJ;Pista Sul;Colisão com veículos (traseira);1;;;1;;;;;;;2;;;;
22/04/2015;18:15:00;59;com vítima;178,2;BR-393/RJ;Pista Sul;Saídas de pista;1;;;;;;;;;;0;1;;;
22/04/2015;18:33:00;61;sem vítima;182,4;BR-393/RJ;Pista Sul;Colisão c/ obstáculos;;;1;;;;;;;;1;;;;
22/04/2015;18:46:00;63;sem vítima;265;BR-393/RJ;Pista Norte;Colisão com veículos (traseira);2;;;;;;;;;;2;;;;
22/04/2015;07:49:00;22;sem vítima;285;BR-393/RJ;Pista Sul;Colisão lateral no mesmo sentido;1;;1;;;;;;;;2;;;;
22/04/2015;18:28:00;60;sem vítima;286,2;BR-393/RJ;Pista Norte;Colisão com veículos (traseira);1;;1;;;;;;;;2;;;;
23/04/2015;18:23:00;92;com vítima;151,9;BR-393/RJ;Pista Sul;Tombamento;;;1;;;;;;;;1;;1;;
23/04/2015;21:08:00;99;com vítima;283,3;BR-393/RJ;Pista Sul;Colisão com veículos (frontal);1;;;1;;;;;;;1;1;;;
24/04/2015;15:14:00;68;sem vítima;163;BR-393/RJ;Pista Sul;Colisão com veículos (frontal);1;;;1;;;;;;;3;;;;
24/04/2015;12:14:00;61;sem vítima;168,22;BR-393/RJ;Pista Norte;Colisão lateral no mesmo sentido;;;;1;;;;;;1;3;;;;
24/04/2015;18:36:00;96;sem vítima;168,7;BR-393/RJ;Pista Norte;Colisão lateral no mesmo sentido;1;;;;1;;;;;;32;;;;
24/04/2015;19:37:00;101;com vítima;172;BR-393/RJ;Pista Norte;Colisão lateral no sentido contrário;1;;1;;;;;;;;1;2;;;
24/04/2015;15:19:00;71;com vítima;272,7;BR-393/RJ;Pista Sul;Saídas de pista;;;1;;;;;;;;0;1;;;
24/04/2015;09:12:00;35;sem vítima;282,38;BR-393/RJ;Pista Norte;Colisão lateral no sentido contrário;2;;;;;;;;;;2;;;;
25/04/2015;00:15:00;2;sem vítima;284,5;BR-393/RJ;Pista Sul;Colisão lateral no mesmo sentido;1;;1;;;;;;;;2;;;;
26/04/2015;11:21:00;28;com vítima;177,182;BR-393/RJ;Pista Norte;Colisão lateral no sentido contrário;1;;;1;;;;;;;0;4;;;
26/04/2015;19:12:00;64;sem vítima;282,5;BR-393/RJ;Pista Sul;Colisão com veículos (traseira);2;;;;;;;;;;2;;;;
27/04/2015;02:25:00;4;com vítima;216,3;BR-393/RJ;Pista Sul;Saídas de pista;;;1;;;;;;;;0;1;;;
27/04/2015;16:31:00;76;sem vítima;222,1;BR-393/RJ;Pista Norte;Colisão com veículos (frontal);2;;;;;;;;;;2;;;;
27/04/2015;14:04:00;64;sem vítima;280,164;BR-393/RJ;Pista Norte;Colisão com veículos (traseira);1;;1;;;;;;;;3;;;;
28/04/2015;16:02:00;69;sem vítima;214,192;BR-393/RJ;Pista Sul;Colisão c/ obstáculos;1;;;;;;;;;;1;;;;
28/04/2015;08:01:00;31;sem vítima;285,003;BR-393/RJ;Pista Sul;Colisão lateral no mesmo sentido;1;;1;;;;;;;;2;;;;
29/04/2015;12:55:00;65;sem vítima;285,226;BR-393/RJ;Pista Norte;Saídas de pista;2;;;;;;;;;;2;;;;
30/04/2015;13:15:00;43;sem vítima;102;BR-393/RJ;Pista Sul;Colisão com veículos (traseira);1;;1;;;;;;;;3;;;;
30/04/2015;07:42:00;25;com vítima;155,441;BR-393/RJ;Pista Norte;Saídas de pista;;;1;;;;;;;;0;1;;;
30/04/2015;00:55:00;3;sem vítima;253,7;BR-393/RJ;Pista Sul;Colisão com veículos (traseira);2;;;;;;;;;;3;;;;
30/04/2015;21:14:00;68;sem vítima;255,4;BR-393/RJ;Pista Norte;Colisão lateral no sentido contrário;2;;;;;;;;;;2;;;;
30/04/2015;05:01:00;18;com vítima;259,508;BR-393/RJ;Pista Norte;Tombamento;;;1;;;;;;;;0;1;;;
01/05/2015;14:52:00;47;com vítima;282;BR-393/RJ;Pista Sul;Colisão lateral no sentido contrário;1;0;0;1;0;0;0;0;0;0;1;2;0;0;0
02/05/2015;18:17:00;37;com vítima;245,5;BR-393/RJ;Pista Norte;Atropelamento de pedestre;1;1;0;0;0;0;0;0;0;0;1;1;0;0;0
03/05/2015;16:26:00;53;com vítima;131,377;BR-393/RJ;Pista Norte;Acidentes de outra natureza;0;0;0;1;0;0;0;0;0;0;0;2;0;0;0
04/05/2015;21:43:00;65;sem vítima;284;BR-393/RJ;Pista Sul;Colisão com veículos (traseira);2;0;0;0;0;0;0;0;0;0;2;0;0;0;0
05/05/2015;18:30:00;46;sem vítima;133;BR-393/RJ;Pista Norte;Colisão com veículos (traseira);1;0;1;0;0;0;0;0;0;0;3;0;0;0;0
05/05/2015;06:39:00;18;sem vítima;146;BR-393/RJ;Pista Norte;Colisão c/ obstáculos;1;0;0;0;0;0;0;0;0;0;3;0;0;0;0
05/05/2015;07:28:00;19;sem vítima;151,837;BR-393/RJ;Pista Sul;Tombamento;0;0;1;0;0;0;0;0;0;0;1;0;0;0;0
05/05/2015;08:22:00;22;sem vítima;283;BR-393/RJ;Pista Sul;Colisão lateral no mesmo sentido;2;0;0;0;0;0;0;0;0;0;2;0;0;0;0
06/05/2015;17:46:00;78;com vítima;147,5;BR-393/RJ;Pista Norte;Acidentes de outra natureza;0;0;0;1;0;0;0;0;0;0;0;1;0;0;0
06/05/2015;06:50:00;20;com vítima;168,455;BR-393/RJ;Pista Sul;Colisão lateral no mesmo sentido;1;0;0;1;0;0;0;0;0;0;1;0;1;0;0
06/05/2015;08:50:00;26;com vítima;174,506;BR-393/RJ;Pista Norte;Colisão lateral no sentido contrário;1;0;0;1;0;0;0;0;0;0;1;0;1;0;0
07/05/2015;12:04:00;43;sem vítima;252,402;BR-393/RJ;Pista Norte;Colisão lateral no sentido contrário;2;0;0;0;0;0;0;0;0;0;2;0;0;0;0
07/05/2015;07:40:00;28;com vítima;270,947;BR-393/RJ;Pista Norte;Colisão lateral no sentido contrário;2;0;0;0;0;0;0;0;0;0;0;1;1;0;0
08/05/2015;21:46:00;73;com vítima;102;BR-393/RJ;Pista Sul;Colisão com veículos (frontal);2;0;0;0;0;0;0;0;0;0;1;1;0;0;0
08/05/2015;13:30:00;39;sem vítima;133,652;BR-393/RJ;Pista Norte;Colisão com veículos (traseira);0;0;2;0;0;0;0;0;0;0;2;0;0;0;0
08/05/2015;18:35:00;62;com vítima;182;BR-393/RJ;Pista Norte;Atropelamento de pedestre;0;0;0;1;0;0;0;0;0;0;0;1;0;1;0
08/05/2015;07:59:00;25;com vítima;230,393;BR-393/RJ;Pista Sul;Acidentes de outra natureza;0;0;0;1;0;0;0;0;0;0;0;1;0;0;0
08/05/2015;17:59:00;61;com vítima;279,8;BR-393/RJ;Pista Sul;Engavetamento;3;0;0;0;0;0;0;0;0;0;3;2;0;0;0
09/05/2015;17:23:00;60;com vítima;132,8;BR-393/RJ;Pista Sul;Colisão lateral no sentido contrário;1;0;0;1;0;0;0;0;0;0;1;1;0;0;0
09/05/2015;01:17:00;2;sem vítima;282;BR-393/RJ;Pista Norte;Colisão com veículos (traseira);2;0;0;0;0;0;0;0;0;0;3;0;0;0;0
09/05/2015;12:20:00;47;sem vítima;282,376;BR-393/RJ;Pista Sul;Colisão lateral no sentido contrário;2;0;0;0;0;0;0;0;0;0;3;0;0;0;0
10/05/2015;06:20:00;17;com vítima;152,8;BR-393/RJ;Pista Norte;Capotamento;1;0;0;0;0;0;0;0;0;0;0;2;0;0;0
10/05/2015;19:12:00;77;sem vítima;281,843;BR-393/RJ;Pista Sul;Colisão com veículos (traseira);1;0;0;1;0;0;0;0;0;0;2;0;0;0;0
11/05/2015;18:03:00;85;sem vítima;262;BR-393/RJ;Pista Norte;Acidentes de outra natureza;0;0;0;1;0;0;0;0;0;0;2;0;0;0;0
11/05/2015;20:56:00;91;sem vítima;285,5;BR-393/RJ;Pista Norte;Colisão com veículos (traseira);1;0;0;0;1;0;0;0;0;0;2;0;0;0;0
12/05/2015;16:32:00;66;sem vítima;267,302;BR-393/RJ;Pista Norte;Colisão c/ obstáculos;1;0;0;0;0;0;0;0;0;0;1;0;0;0;0
13/05/2015;07:17:00;21;com vítima;242,423;BR-393/RJ;Pista Norte;Colisão c/ obstáculos;1;0;0;0;0;0;0;0;0;0;1;0;1;0;0
14/05/2015;14:13:00;63;com vítima;162;BR-393/RJ;Pista Norte;Colisão com veículos (traseira);2;0;0;0;0;0;0;0;0;0;2;1;0;0;0
14/05/2015;11:01:00;52;sem vítima;195,119;BR-393/RJ;Pista Norte;Colisão com veículos (traseira);0;0;2;0;0;0;0;0;0;0;2;0;0;0;0
14/05/2015;18:02:00;72;com vítima;235,2;BR-393/RJ;Pista Norte;Colisão lateral no sentido contrário;0;0;0;2;0;0;0;0;0;0;1;0;1;0;0
14/05/2015;23:59:00;96;sem vítima;268,4;BR-393/RJ;Pista Sul;Capotamento;1;0;0;0;0;0;0;0;0;0;1;0;0;0;0
14/05/2015;02:44:00;18;sem vítima;283,067;BR-393/RJ;Pista Norte;Colisão c/ obstáculos;1;0;0;0;0;0;0;0;0;0;2;0;0;0;0
15/05/2015;13:59:00;60;com vítima;159,818;BR-393/RJ;Pista Norte;Colisão com veículos (frontal);1;0;2;0;0;0;0;0;0;0;0;1;1;0;1
15/05/2015;19:08:00;74;com vítima;201,55;BR-393/RJ;Pista Norte;Tombamento;0;0;1;0;0;0;0;0;0;0;0;1;0;0;0
15/05/2015;22:00:00;81;com vítima;238,528;BR-393/RJ;Pista Sul;Saídas de pista;1;0;0;0;0;0;0;0;0;0;0;1;1;0;0
15/05/2015;18:25:00;69;com vítima;284,65;BR-393/RJ;Pista Sul;Acidentes de outra natureza;0;0;0;1;0;0;0;0;0;0;0;1;0;0;0
16/05/2015;16:25:00;50;com vítima;123;BR-393/RJ;Pista Norte;Colisão lateral no sentido contrário;1;0;2;0;0;0;0;0;0;0;2;1;0;1;0
16/05/2015;19:12:00;53;sem vítima;220;BR-393/RJ;Pista Norte;Acidentes de outra natureza;0;0;0;1;0;0;0;0;0;0;1;0;0;0;0
18/05/2015;14:36:00;69;sem vítima;284;BR-393/RJ;Pista Norte;Colisão Lateral Mesmo Sentido;2;0;0;0;0;0;0;0;0;0;2;0;0;0;0
19/05/2015;04:15:00;3;sem vítima;155,768;BR-393/RJ;Pista Norte;Tombamento;0;0;1;0;0;0;0;0;0;0;1;0;0;0;0
19/05/2015;09:32:00;27;sem vítima;223,859;BR-393/RJ;Pista Sul;Saídas de pista;2;0;0;0;0;0;0;0;0;0;3;0;0;0;0
19/05/2015;08:12:00;21;com vítima;281,462;BR-393/RJ;Pista Sul;Acidentes de outra natureza;0;0;0;1;0;0;0;0;0;0;0;2;0;0;0
19/05/2015;07:09:00;18;com vítima;286,001;BR-393/RJ;Pista Norte;Atropelamento de pedestre;0;0;0;1;0;0;0;0;0;0;0;2;0;0;0
21/05/2015;08:04:00;29;com vítima;164,653;BR-393/RJ;Pista Norte;Tombamento;0;0;1;0;0;0;0;0;0;0;0;1;0;0;0
21/05/2015;19:42:00;86;com vítima;281,3;BR-393/RJ;Pista Norte;Colisão lateral no sentido contrário;0;0;1;1;0;0;0;0;0;0;1;0;1;0;0
22/05/2015;12:57:00;69;com vítima;104,584;BR-393/RJ;Pista Sul;Colisão lateral no mesmo sentido;1;0;0;1;0;0;0;0;0;0;2;1;0;0;0
22/05/2015;09:36:00;56;sem vítima;281;BR-393/RJ;Pista Sul;Colisão lateral no sentido contrário;1;0;0;1;0;0;0;0;0;0;2;0;0;0;0
23/05/2015;05:52:00;24;sem vítima;156,568;BR-393/RJ;Pista Norte;Tombamento;0;0;1;0;0;0;0;0;0;0;1;0;0;0;0
23/05/2015;03:39:00;21;com vítima;180,1;BR-393/RJ;Pista Sul;Saídas de pista;1;0;0;0;0;0;0;0;0;0;0;0;1;0;0
23/05/2015;11:12:00;37;com vítima;232,197;BR-393/RJ;Pista Sul;Colisão com veículos (frontal);1;0;2;0;0;0;0;0;0;0;3;0;1;0;0
23/05/2015;11:38:00;39;sem vítima;232,197;BR-393/RJ;Pista Sul;Colisão lateral no sentido contrário;0;0;0;0;0;0;0;0;0;2;2;0;0;0;0
23/05/2015;06:28:00;27;sem vítima;258,229;BR-393/RJ;Pista Norte;Colisão c/ obstáculos;2;0;0;0;0;0;0;0;0;0;2;0;0;0;0
23/05/2015;10:50:00;36;sem vítima;285,119;BR-393/RJ;Pista Norte;Colisão c/ obstáculos;1;0;0;0;0;0;0;0;0;0;1;0;0;0;0
23/05/2015;21:22:00;54;sem vítima;285,9;BR-393/RJ;Pista Norte;Colisão com veículos (traseira);1;0;0;1;0;0;0;0;0;0;4;0;0;0;0
24/05/2015;02:23:00;4;com vítima;105,383;BR-393/RJ;Pista Sul;Capotamento;1;0;0;0;0;0;0;0;0;0;0;0;0;1;0
24/05/2015;19:44:00;35;com vítima;158;BR-393/RJ;Pista Norte;Acidentes de outra natureza;0;0;0;1;0;0;0;0;0;0;0;2;0;0;0
24/05/2015;05:43:00;7;com vítima;177,53;BR-393/RJ;Pista Sul;Colisão c/ obstáculos;1;0;0;0;0;0;0;0;0;0;0;1;0;0;0
25/05/2015;19:56:00;86;sem vítima;123,138;BR-393/RJ;Pista Sul;Tombamento;0;0;1;0;0;0;0;0;0;0;1;0;0;0;0
26/05/2015;00:22:00;1;com vítima;254,2;BR-393/RJ;Pista Sul;Acidentes de outra natureza;0;0;0;1;0;0;0;0;0;0;0;1;0;0;0
26/05/2015;20:22:00;95;com vítima;255,5;BR-393/RJ;Pista Sul;Acidentes de outra natureza;0;0;0;1;0;0;0;0;0;0;0;1;0;0;0
26/05/2015;12:36:00;52;sem vítima;265;BR-393/RJ;Pista Sul;Colisão com veículos (traseira);0;0;2;0;0;0;0;0;0;0;2;0;0;0;0
26/05/2015;18:18:00;82;com vítima;280,814;BR-393/RJ;Pista Sul;Colisão lateral no sentido contrário;1;0;0;1;0;0;0;0;0;0;1;1;0;0;0
27/05/2015;08:01:00;32;sem vítima;175,765;BR-393/RJ;Pista Norte;Engavetamento;3;0;0;0;0;0;0;0;0;0;3;0;0;0;0
27/05/2015;18:10:00;73;com vítima;279,1;BR-393/RJ;Pista Norte;Atropelamento de pedestre;1;1;0;0;0;0;0;0;0;0;1;1;0;0;0
27/05/2015;07:57:00;31;sem vítima;285,502;BR-393/RJ;Pista Sul;Colisão lateral no sentido contrário;1;0;1;0;0;0;0;0;0;0;2;0;0;0;0
29/05/2015;05:23:00;15;com vítima;138,626;BR-393/RJ;Pista Norte;Colisão com veículos (frontal);2;0;0;1;0;0;0;0;0;0;0;6;2;0;0
29/05/2015;06:39:00;18;com vítima;177,75;BR-393/RJ;Pista Sul;Colisão com veículos (frontal);1;0;1;0;0;0;0;0;0;0;1;1;0;0;0
29/05/2015;06:43:00;19;com vítima;177,8;BR-393/RJ;Pista Norte;Colisão lateral no mesmo sentido;1;0;0;1;0;0;0;0;0;0;1;0;0;1;0
29/05/2015;07:30:00;21;com vítima;181;BR-393/RJ;Pista Norte;Colisão com veículos (frontal);2;0;0;0;0;0;0;0;0;0;0;4;1;0;0
29/05/2015;07:25:00;20;com vítima;238,6;BR-393/RJ;Pista Norte;Colisão lateral no sentido contrário;1;0;1;0;0;0;0;0;0;0;1;0;0;1;0
30/05/2015;10:39:00;39;sem vítima;140,513;BR-393/RJ;Pista Norte;Atropelamento de animais;0;0;0;0;1;0;0;0;0;0;14;0;0;0;0
30/05/2015;07:52:00;22;sem vítima;195;BR-393/RJ;Pista Norte;Colisão com veículos (traseira);2;0;0;0;0;0;0;0;0;0;2;0;0;0;0
31/05/2015;07:08:00;29;com vítima;182,234;BR-393/RJ;Pista Norte;Colisão c/ obstáculos;0;0;1;0;0;0;0;0;0;0;0;1;0;0;0
31/05/2015;18:09:00;55;com vítima;223,165;BR-393/RJ;Pista Norte;Acidentes de outra natureza;0;0;0;1;0;0;0;0;0;0;0;1;1;0;0
31/05/2015;17:58:00;54;sem vítima;256;BR-393/RJ;Pista Sul;Saídas de pista;1;0;0;0;0;0;0;0;0;0;1;0;0;0;0
31/05/2015;17:54:00;53;sem vítima;265;BR-393/RJ;Pista Sul;Engavetamento;2;0;0;1;0;0;0;0;0;0;3;0;0;0;0
31/05/2015;16:16:00;45;com vítima;268,366;BR-393/RJ;Pista Sul;Colisão lateral no sentido contrário;2;0;0;0;0;0;0;0;0;0;1;4;0;0;0
01/06/2015;15:14:00;44;com vítima;182,396;BR-393/RJ;Pista Norte;Colisão lateral no mesmo sentido;2;;;;;;;;;;0;3;;;
01/06/2015;01:39:00;2;sem vítima;282,919;BR-393/RJ;Pista Norte;Saídas de pista;1;;;;;;;;;;1;;;;
02/06/2015;09:11:00;30;com vítima;239;BR-393/RJ;Pista Sul;Colisão com veículos (traseira);2;;;;;;;;;;2;1;;;
02/06/2015;09:02:00;28;sem vítima;286,4;BR-393/RJ;Pista Norte;Colisão com veículos (traseira);1;;;;1;;;;;;3;;;;
03/06/2015;07:22:00;42;com vítima;238;BR-393/RJ;Pista Norte;Colisão lateral no sentido contrário;2;;;;;;;;;;0;4;;;
03/06/2015;15:54:00;90;sem vítima;283,2;BR-393/RJ;Pista Sul;Colisão lateral no sentido contrário;2;;;;;;;;;;2;;;;
04/06/2015;19:14:00;76;com vítima;285,9;BR-393/RJ;Pista Norte;Colisão lateral no sentido contrário;1;;;1;;;;;;;1;1;;;
05/06/2015;17:47:00;51;com vítima;215,9;BR-393/RJ;Pista Norte;Saídas de pista;1;;;;;;;;;;0;;1;;
06/06/2015;21:23:00;89;sem vítima;102,8;BR-393/RJ;Pista Sul;Colisão lateral no mesmo sentido;2;;;;;;;;;;3;;;;
06/06/2015;05:23:00;24;sem vítima;135,9;BR-393/RJ;Pista Norte;Colisão com veículos (traseira);1;;;;;;;;;1;2;;;;