data;horario;n_da_ocorrencia;tipo_de_ocorrencia;km;trecho;sentido;tipo_de_acidente;automovel;bicicleta;caminhao;moto;onibus;outros;tracao_animal;transporte_de_cargas_especiais;trator_maquinas;utilitarios;ilesos;levemente_feridos;moderadamente_feridos;gravemente_feridos;mortos
13/11/2019;09:01:00;22;com vítima;123;BR-393/RJ;RJ;Norte;;;1;;;;;;;;0;1;;;
13/11/2019;10:34:00;28;com vítima;151,9;BR-393/RJ;RJ;Sul;;;1;;;;;;;;0;1;;;
14/11/2019;09:53:00;33;com vítima;159,599;BR-393/RJ;RJ;Sul;1;;1;;;;;;;;1;2;;;
14/11/2019;14:42:00;47;sem vítima;238,699;BR-393/RJ;RJ;Norte;1;;;;;;;;;;4;;;;
14/11/2019;16:15:00;49;sem vítima;142;BR-393/RJ;RJ;Sul;1;;;;1;;;;;;3;;;;
14/11/2019;21:50:00;61;com vítima;110,2;BR-393/RJ;RJ;Norte;1;;;;;;;;;;0;2;1;;
15/11/2019;02:06:00;13;com vítima;284,399;BR-393/RJ;RJ;Norte;2;;;1;;;;;;;2;1;1;;
15/11/2019;02:39:00;14;sem vítima;215;BR-393/RJ;RJ;Norte;;;;;1;;;;;;1;;;;
17/11/2019;17:36:00;47;com vítima;177,8;BR-393/RJ;RJ;Sul;2;;;;;;;;;;6;1;;;
18/11/2019;14:46:00;58;com vítima;131,3;BR-393/RJ;RJ;Norte;1;;1;;;;;;;;1;4;;;
19/11/2019;20:08:00;50;sem vítima;177;BR-393/RJ;RJ;Norte;2;;;;;;;;;;2;;;;
20/11/2019;18:09:00;55;com vítima;169,4;BR-393/RJ;RJ;Norte;1;;;;;;;;;;0;2;;;
22/11/2019;14:35:00;64;com vítima;104,4;BR-393/RJ;RJ;Sul;1;;;1;;;;;;;2;2;;;
22/11/2019;19:34:00;80;sem vítima;286,3;BR-393/RJ;RJ;Norte;2;;;;;;;;;;2;;;;
23/11/2019;15:36:00;50;com vítima;280,87;BR-393/RJ;RJ;Norte;;;1;1;;;;;;;1;1;;;
23/11/2019;23:18:00;77;com vítima;284,289;BR-393/RJ;RJ;Norte;2;;;;;;;;;;2;1;;;
24/11/2019;17:45:00;48;com vítima;181,3;BR-393/RJ;RJ;Sul;;2;;;;;;;;;0;1;;1;
26/11/2019;04:01:00;10;sem vítima;237,481;BR-393/RJ;RJ;Norte;;;1;;;;;;;;1;;;;
27/11/2019;02:28:00;12;sem vítima;266,5;BR-393/RJ;RJ;Sul;;;1;;1;;;;;;2;;;;
27/11/2019;18:51:00;69;sem vítima;243;BR-393/RJ;RJ;Norte;1;;;;;;;;;;1;;;;
28/11/2019;09:05:00;24;com vítima;233,8;BR-393/RJ;RJ;Norte;2;;;;;;;;;;2;1;;;
28/11/2019;15:30:00;50;sem vítima;131,199;BR-393/RJ;RJ;Norte;;;2;;;;;;;;2;;;;
28/11/2019;19:13:00;64;sem vítima;282,199;BR-393/RJ;RJ;Norte;;;;;;;;;;2;2;;;;
28/11/2019;19:43:00;66;sem vítima;282,1;BR-393/RJ;RJ;Norte;2;;;;;;;;;;2;;;;
29/11/2019;07:40:00;23;com vítima;247,508;BR-393/RJ;RJ;Norte;1;;;1;;;;;;;1;;1;;
29/11/2019;09:50:00;30;com vítima;155,895;BR-393/RJ;RJ;Sul;;;;1;;;;;;;0;1;;;
29/11/2019;15:30:00;61;sem vítima;265;BR-393/RJ;RJ;Sul;2;;;;;;;;;;2;;;;
29/11/2019;19:40:00;76;sem vítima;200;BR-393/RJ;RJ;Sul;1;;;;;;;;;;1;;;;
29/11/2019;23:15:00;87;sem vítima;284,2;BR-393/RJ;RJ;Norte;2;;;;;;;;;;2;;;;
30/11/2019;09:54:00;32;com vítima;280,02;BR-393/RJ;RJ;Norte;;;;;1;;;;;;1;;;;1
30/11/2019;11:50:00;35;sem vítima;178,281;BR-393/RJ;RJ;Norte;2;;;;;;;;;;5;;;;
01/12/2019;15:08:00;36;sem vítima;139;BR-393/RJ;Norte;Colisão lateral no sentido contrário;;;2;;;;;;;;2;;;;
04/12/2019;17:20:00;53;sem vítima;253,9;BR-393/RJ;Sul;Colisão c/ obstáculos;1;;;;;;;;;;1;;;;
04/12/2019;19:02:00;58;com vítima;285,876;BR-393/RJ;Norte;Colisão com veículos (traseira);1;;;1;;;;;;;1;;1;;
05/12/2019;10:50:00;41;sem vítima;177;BR-393/RJ;Norte;Colisão com veículos (traseira);2;;;;;;;;;;2;;;;
05/12/2019;14:30:00;50;sem vítima;146;BR-393/RJ;Norte;Colisão lateral no mesmo sentido;1;;1;;;;;;;;2;;;;
05/12/2019;21:22:00;64;com vítima;280,108;BR-393/RJ;Sul;Acidentes de outra natureza;;;;1;;;;;;;0;;1;;
06/12/2019;14:38:00;50;com vítima;175,699;BR-393/RJ;Norte;Colisão com veículos (traseira);2;;;;;;;;;;1;3;;;
06/12/2019;17:13:00;63;sem vítima;157,4;BR-393/RJ;Norte;Saida de Pista;;;1;;;;;;;;1;;;;
06/12/2019;21:59:00;78;com vítima;134,118;BR-393/RJ;Norte;Colisão com veículos (frontal);1;;;;;;;;;1;2;1;;;
07/12/2019;12:01:00;37;sem vítima;2;Alça Sul;Norte;Acidentes de outra natureza;;;;1;;;;;;;1;;;;
07/12/2019;20:04:00;68;com vítima;284,315;BR-393/RJ;Sul;Colisão com veículos (traseira);;;;;;;;;;2;4;1;;;
07/12/2019;23:43:00;75;com vítima;285,3;BR-393/RJ;Norte;Colisão Transversal;1;;;1;;;;;;;1;1;;1;
09/12/2019;06:26:00;13;com vítima;281;BR-393/RJ;Sul;Colisão lateral no mesmo sentido;;;1;;;;;;;1;0;2;;;
09/12/2019;09:20:00;20;com vítima;106;BR-393/RJ;Norte;Colisão com veículos (frontal);1;;;1;;;;;;;1;;1;;
09/12/2019;19:07:00;56;com vítima;284,228;BR-393/RJ;Norte;Colisão com veículos (traseira);1;;;1;;;;;;;2;1;;;
09/12/2019;21:34:00;63;sem vítima;265;BR-393/RJ;Norte;Colisão com veículos (traseira);1;;1;;;;;;;;3;;;;
10/12/2019;02:26:00;2;sem vítima;237,425;BR-393/RJ;Norte;Colisão c/ obstáculos;1;;;;;;;;;;1;;;;
10/12/2019;02:57:00;3;sem vítima;280,5;BR-393/RJ;Sul;Saida de Pista;1;;;;;;;;;;1;;;;
10/12/2019;22:06:00;71;com vítima;242,199;BR-393/RJ;Sul;Saida de Pista;1;;;;;;;;;;1;1;;;
10/12/2019;23:04:00;73;com vítima;148,8;BR-393/RJ;Norte;Saida de Pista;1;;;;;;;;;;2;2;;;
11/12/2019;19:23:00;75;com vítima;261,2;BR-393/RJ;Sul;Atropelamento de pedestre;;;1;;;;;;;;3;;;;1
11/12/2019;19:49:00;76;com vítima;213,9;BR-393/RJ;Sul;Colisão com veículos (frontal);1;;1;;;;;;;;1;;;;2
12/12/2019;00:16:00;1;sem vítima;213,9;BR-393/RJ;Norte;Colisão com veículos (traseira);;;2;;;;;;;;3;;;;
12/12/2019;00:47:00;6;sem vítima;172,199;BR-393/RJ;Sul;Colisão c/ obstáculos;1;;;;;;;;;;1;;;;
12/12/2019;04:53:00;9;sem vítima;132,521;BR-393/RJ;Sul;Colisão c/ obstáculos;;;;;;;;;;1;1;;;;
12/12/2019;07:36:00;13;sem vítima;281,5;BR-393/RJ;Norte;Colisão com veículos (traseira);1;;;;;;;;;1;3;;;;
12/12/2019;07:37:00;14;com vítima;237;BR-393/RJ;Norte;Colisão lateral no mesmo sentido;1;;1;;;;;;;;0;2;;;
12/12/2019;20:49:00;69;sem vítima;217;BR-393/RJ;Sul;Colisão c/ obstáculos;;;1;;;;;;;;1;;;;
12/12/2019;20:58:00;70;sem vítima;281;BR-393/RJ;Sul;Colisão Transversal;2;;;;;;;;;;2;;;;
13/12/2019;11:56:00;66;sem vítima;239;BR-393/RJ;Sul;Saida de Pista;1;;;;;;;;;;4;;;;
13/12/2019;19:52:00;98;sem vítima;262;BR-393/RJ;Norte;Colisão lateral no sentido contrário;;;2;;;;;;;;2;;;;
14/12/2019;00:35:00;2;com vítima;110;BR-393/RJ;Norte;Colisão c/ obstáculos;;;1;;;;;;;;0;1;;;
14/12/2019;11:49:00;30;sem vítima;138;BR-393/RJ;Sul;Colisão c/ obstáculos;1;;;;;;;;;;1;;;;
14/12/2019;15:57:00;34;sem vítima;239,139;BR-393/RJ;Sul;Colisão com veículos (traseira);1;;1;;;;;;;;3;;;;
14/12/2019;17:42:00;36;sem vítima;229;BR-393/RJ;Norte;Colisão lateral no mesmo sentido;1;;1;;;;;;;;4;;;;
15/12/2019;14:00:00;51;com vítima;157;BR-393/RJ;Sul;Acidentes de outra natureza;;;;1;;;;;;;0;2;;;
16/12/2019;06:48:00;20;com vítima;279;BR-393/RJ;Sul;Colisão lateral no mesmo sentido;1;;;1;;;;;;;0;2;;;
17/12/2019;10:35:00;38;com vítima;207;BR-393/RJ;Sul;Saida de Pista;1;;;;;;;;;;0;;1;;
17/12/2019;19:56:00;80;com vítima;106;BR-393/RJ;Norte;Atropelamento de pedestre;;;;1;;;;;;;1;;;1;
18/12/2019;12:09:00;36;com vítima;102;BR-393/RJ;Norte;Colisão lateral no mesmo sentido;1;;;;1;;;;;;1;1;;;
18/12/2019;12:54:00;38;com vítima;234,8;BR-393/RJ;Sul;Colisão Transversal;2;;;;;;;;;;3;1;;;
18/12/2019;15:13:00;44;sem vítima;253;BR-393/RJ;Norte;Saida de Pista;;;1;;;;;;;;1;;;;
18/12/2019;23:46:00;64;sem vítima;130,199;BR-393/RJ;Norte;Saida de Pista;1;;;;;;;;;;3;;;;
19/12/2019;21:02:00;73;sem vítima;284,309;BR-393/RJ;Norte;Colisão com veículos (traseira);2;;;;;;;;;;7;;;;
20/12/2019;18:06:00;63;com vítima;250,137;BR-393/RJ;Norte;Colisão lateral no mesmo sentido;1;;1;1;;;;;;;4;1;;;
20/12/2019;19:19:00;66;sem vítima;256,094;BR-393/RJ;Norte;Saida de Pista;1;;;;;;;;;;1;;;;
20/12/2019;22:40:00;75;sem vítima;233;BR-393/RJ;Sul;Colisão lateral no sentido contrário;1;;1;;;;;;;;3;;;;
21/12/2019;00:26:00;1;com vítima;280,072;BR-393/RJ;Sul;Colisão Transversal;1;;;1;;;;;;;1;1;;;
21/12/2019;11:44:00;44;com vítima;283,6;BR-393/RJ;Sul;Colisão lateral no mesmo sentido;2;;;;;;;;;;0;2;;;
21/12/2019;19:23:00;79;sem vítima;255;BR-393/RJ;Norte;Colisão com veículos (traseira);1;;;;1;;;;;;5;;;;
22/12/2019;16:51:00;54;com vítima;102,5;BR-393/RJ;Norte;Colisão Transversal;1;;1;;;;;;;;1;1;;;
23/12/2019;00:21:00;1;com vítima;123;BR-393/RJ;Sul;Saida de Pista;;;1;;;;;;;;0;1;;;
23/12/2019;11:28:00;30;com vítima;281,199;BR-393/RJ;Sul;Colisão Transversal;1;;;1;;;;;;;1;1;;;
23/12/2019;14:33:00;40;sem vítima;161;BR-393/RJ;Sul;Saida de Pista;1;;;;;;;;;;1;;;;
23/12/2019;16:46:00;45;com vítima;281;BR-393/RJ;Sul;Colisão lateral no sentido contrário;1;;;1;;;;;;;1;1;;;
23/12/2019;19:54:00;57;sem vítima;283,399;BR-393/RJ;Norte;Colisão com veículos (traseira);2;;;;;;;;;;2;;;;
23/12/2019;20:28:00;59;sem vítima;142,3;BR-393/RJ;Norte;Colisão lateral no mesmo sentido;1;;1;;;;;;;;2;;;;
24/12/2019;08:01:00;24;sem vítima;145;BR-393/RJ;Norte;Saida de Pista;1;;;;;;;;;;1;;;;
25/12/2019;14:18:00;41;com vítima;124;BR-393/RJ;Norte;Tombamento;;;1;;;;;;;;0;1;;;
25/12/2019;21:31:00;57;com vítima;135,599;BR-393/RJ;Norte;Colisão com veículos (traseira);1;;;1;;;;;;;1;1;;;
26/12/2019;10:17:00;22;com vítima;102;BR-393/RJ;Norte;Colisão c/ obstáculos;1;;;;;;;;;;0;1;;;
26/12/2019;10:37:00;23;sem vítima;106,9;BR-393/RJ;Norte;Engavetamento;4;;;;;;;;;;9;;;;
27/12/2019;10:23:00;32;sem vítima;177,8;BR-393/RJ;Norte;Colisão com veículos (traseira);2;;;;;;;;;;7;;;;
27/12/2019;16:38:00;50;sem vítima;175;BR-393/RJ;Sul;Colisão lateral no mesmo sentido;1;;;1;;;;;;;4;;;;
27/12/2019;18:42:00;60;com vítima;284,704;BR-393/RJ;Norte;Colisão com veículos (traseira);1;;;1;;;;;;;1;1;;;
28/12/2019;06:45:00;18;com vítima;127;BR-393/RJ;Norte;Capotamento;1;;;;;;;;;;0;4;;;
28/12/2019;10:50:00;45;sem vítima;255;BR-393/RJ;Norte;Colisão lateral no mesmo sentido;2;;;;;;;;;;7;;;;
28/12/2019;19:52:00;85;com vítima;278,475;BR-393/RJ;Sul;Colisão lateral no sentido contrário;2;;;;;;;;;;0;1;;1;
29/12/2019;23:47:00;72;sem vítima;139,599;BR-393/RJ;Sul;Colisão lateral no mesmo sentido;1;;1;;;;;;;;3;;;;
30/12/2019;06:54:00;21;com vítima;281,1;BR-393/RJ;Sul;Colisão com veículos (traseira);1;;1;;;;;;;;2;1;;1;
30/12/2019;09:05:00;26;com vítima;278;BR-393/RJ;Norte;Acidentes de outra natureza;;1;;;;;;;;;0;1;;;
30/12/2019;18:44:00;45;com vítima;164,7;BR-393/RJ;Norte;Capotamento;;;1;;;;;;;;0;;;;1
30/12/2019;19:06:00;47;com vítima;250,294;BR-393/RJ;Sul;Colisão Transversal;1;;;1;;;;;;;0;3;;;
31/12/2019;06:51:00;14;com vítima;218;BR-393/RJ;Sul;Colisão c/ obstáculos;1;;;;;;;;;;0;1;;;
01/01/2020;04:34:00;7;sem vítima;201,491;BR-393/RJ;Norte;Capotamento;1;;;;;;;;;;5;;;;
01/01/2020;11:05:00;40;sem vítima;264,8;BR-393/RJ;Norte;Colisão lateral no mesmo sentido;;;;;;;;;;2;3;;;;
01/01/2020;16:20:00;62;com vítima;243,599;BR-393/RJ;Sul;Colisão Transversal;2;;;;;;;;;;0;1;1;;
02/01/2020;12:57:00;38;com vítima;172,1;BR-393/RJ;Sul;Capotamento;1;;;;;;;;;;0;1;;;
02/01/2020;15:30:00;45;com vítima;161,95;BR-393/RJ;Sul;Saídas de pista;1;;;;;;;;;;2;1;;;
02/01/2020;16:37:00;47;sem vítima;239,5;BR-393/RJ;Norte;Saídas de pista;1;;;;;;;;;;2;;;;
02/01/2020;20:35:00;63;sem vítima;255;BR-393/RJ;Norte;Colisão Transversal;2;;;;;;;;;;2;;;;
03/01/2020;08:44:00;28;sem vítima;224,75;BR-393/RJ;Sul;Colisão lateral no mesmo sentido;1;;1;;;;;;;;5;;;;
04/01/2020;08:31:00;29;sem vítima;182;BR-393/RJ;Sul;Colisão Transversal;2;;;;;;;;;;4;;;;
04/01/2020;20:41:00;60;com vítima;235,4;BR-393/RJ;Norte;Colisão com veículos (traseira);;;;1;;;;;;;0;;1;;
05/01/2020;10:14:00;32;sem vítima;281,4;BR-393/RJ;Sul;Colisão com veículos (traseira);3;;;;;;;;;;3;;;;
05/01/2020;16:25:00;56;sem vítima;178;BR-393/RJ;Norte;Saídas de pista;1;;;;;;;;;;1;;;;
06/01/2020;11:59:00;35;com vítima;123;BR-393/RJ;Sul;Colisão lateral no sentido contrário;1;;;;;;;;;1;4;2;;;
09/01/2020;14:46:00;44;sem vítima;280,869;BR-393/RJ;Norte;Colisão lateral no mesmo sentido;2;;;;;;;;;;2;;;;
11/01/2020;19:09:00;48;sem vítima;218,099;BR-393/RJ;Sul;Saídas de pista;1;;;;;;;;;;2;;;;
13/01/2020;15:35:00;39;sem vítima;133,797;BR-393/RJ;Norte;Colisão com veículos (traseira);1;;1;;;;;;;;3;;;;
13/01/2020;19:31:00;53;com vítima;147,544;BR-393/RJ;Sul;Saídas de pista;1;;;;;;;;;;0;1;;;
14/01/2020;09:35:00;21;sem vítima;265,013;BR-393/RJ;Norte;Colisão lateral no mesmo sentido;1;;1;;;;;;;;3;;;;
14/01/2020;09:41:00;22;com vítima;147,636;BR-393/RJ;Sul;Tombamento;;;1;;;;;;;;0;2;;;
15/01/2020;09:19:00;24;sem vítima;282,294;BR-393/RJ;Sul;Colisão com veículos (frontal);;;3;;;;;;;;3;;;;
16/01/2020;17:44:00;60;sem vítima;147,8;BR-393/RJ;Sul;Colisão c/ obstáculos;1;;;;;;;;;;4;;;;
18/01/2020;04:50:00;15;sem vítima;256,399;BR-393/RJ;Norte;Colisão lateral no mesmo sentido;1;;1;;;;;;;;2;;;;
18/01/2020;05:54:00;18;sem vítima;177,452;BR-393/RJ;Norte;Colisão c/ obstáculos;1;;;;;;;;;;1;;;;
18/01/2020;10:20:00;33;sem vítima;109,599;BR-393/RJ;Norte;Saídas de pista;1;;;;;;;;;;3;;;;
18/01/2020;22:07:00;58;com vítima;231,935;BR-393/RJ;Norte;Colisão com veículos (frontal);;;;2;;;;;;;0;;1;1;
18/01/2020;22:30:00;59;com vítima;253,599;BR-393/RJ;Norte;Tombamento;;;1;;;;;;;;0;1;;;
19/01/2020;04:44:00;1;com vítima;170,1;BR-393/RJ;Sul;Saídas de pista;1;;;;;;;;;;0;1;;;
20/01/2020;08:36:00;23;sem vítima;217,599;BR-393/RJ;Sul;Colisão lateral no mesmo sentido;1;;1;;;;;;;;2;;;;
21/01/2020;07:19:00;23;com vítima;238,514;BR-393/RJ;Norte;Colisão Transversal;2;;;;;;;;;;0;3;;;
22/01/2020;11:02:00;31;sem vítima;264,99;BR-393/RJ;Norte;Colisão com veículos (traseira);1;;1;;;;;;;;3;;;;
22/01/2020;23:14:00;73;com vítima;285,8;BR-393/RJ;Norte;Atropelamento de pedestre;1;;;;;;;;;;2;;;1;
23/01/2020;06:54:00;18;com vítima;285,7;BR-393/RJ;Norte;Colisão lateral no mesmo sentido;1;;;;1;;;;;;2;3;;;
24/01/2020;11:17:00;38;sem vítima;172,4;BR-393/RJ;Norte;Saídas de pista;;;1;;;;;;;;1;;;;
24/01/2020;13:34:00;45;sem vítima;283;BR-393/RJ;Sul;Colisão lateral no sentido contrário;1;;1;;;;;;;;2;;;;
25/01/2020;05:37:00;17;sem vítima;226,2;BR-393/RJ;Norte;Colisão c/ obstáculos;1;;;;;;;;;;4;;;;
28/01/2020;08:42:00;27;com vítima;273,8;BR-393/RJ;Sul;Tombamento;;;1;;;;;;;1;1;1;;;
30/01/2020;22:28:00;84;com vítima;245;BR-393/RJ;Norte;Colisão lateral no sentido contrário;2;;;;;;;;;;1;1;;;
31/01/2020;17:41:00;47;sem vítima;282,447;BR-393/RJ;Sul;Engavetamento;3;;;;;;;;;;4;;;;
01/02/2020;11:26:00;28;sem vítima;279,8;BR-393/RJ;Sul;Colisão com veículos (traseira);2;;;;;;;;;;2;;;;
01/02/2020;15:46:00;48;com vítima;109,4;BR-393/RJ;Norte;Saídas de pista;1;;;;;;;;;;1;3;;;
01/02/2020;15:55:00;50;com vítima;175;BR-393/RJ;Sul;Atropelamento de pedestre;1;;;;;;;;;;1;;1;;
02/02/2020;11:37:00;35;com vítima;155;BR-393/RJ;Norte;Colisão com veículos (traseira);2;;;;;;;;;;3;1;;;
03/02/2020;15:13:00;52;sem vítima;263,399;BR-393/RJ;Sul;Saídas de pista;1;;;;;;;;;;4;;;;
03/02/2020;19:14:00;63;sem vítima;285,699;BR-393/RJ;Sul;Engavetamento;3;;;;;;;;;;5;;;;
04/02/2020;20:30:00;70;com vítima;102,904;BR-393/RJ;Norte;Colisão Transversal;;;1;1;;;;;;;1;1;;;
05/02/2020;02:44:00;8;sem vítima;219,246;BR-393/RJ;Sul;Colisão lateral no mesmo sentido;;;2;;;;;;;;2;;;;
05/02/2020;16:50:00;51;com vítima;273,8;BR-393/RJ;Sul;Colisão c/ obstáculos;1;;;;;;;;;;1;2;;;
05/02/2020;17:30:00;54;sem vítima;274,901;BR-393/RJ;Sul;Atropelamento de pedestre;1;1;;;;;;;;;2;;;;
07/02/2020;21:38:00;66;sem vítima;202,752;BR-393/RJ;Norte;Colisão lateral no mesmo sentido;1;;;;1;;;;;;2;;;;
08/02/2020;10:36:00;34;com vítima;178,483;BR-393/RJ;Norte;Colisão com veículos (traseira);2;;;;;;;;;;0;2;;;
09/02/2020;02:57:00;5;com vítima;147,4;BR-393/RJ;Sul;Colisão c/ obstáculos;1;;;;;;;;;;0;1;;;
09/02/2020;05:02:00;7;com vítima;136,4;BR-393/RJ;Sul;Colisão c/ obstáculos;1;;;;;;;;;;0;1;;;
09/02/2020;08:40:00;19;com vítima;270;BR-393/RJ;Sul;Saídas de pista;1;;;;;;;;;;0;1;;;
09/02/2020;14:03:00;42;com vítima;282;BR-393/RJ;Sul;Engavetamento;4;;;;;;;;;;12;1;;;
09/02/2020;15:22:00;48;sem vítima;195;BR-393/RJ;Sul;Colisão com veículos (traseira);2;;;;;;;;;;4;;;;
10/02/2020;18:39:00;57;com vítima;133,254;BR-393/RJ;Norte;Colisão lateral no mesmo sentido;1;;;1;;;;;;;2;1;;;
11/02/2020;11:15:00;27;sem vítima;142,9;BR-393/RJ;Sul;Capotamento;1;;;;;;;;;;2;;;;
13/02/2020;12:42:00;46;sem vítima;126;BR-393/RJ;Sul;Colisão lateral no mesmo sentido;;;1;;1;;;;;;42;;;;
13/02/2020;18:39:00;65;com vítima;178,699;BR-393/RJ;Sul;Colisão com veículos (frontal);1;;;1;;;;;;;1;;;;1
13/02/2020;20:35:00;71;sem vítima;262,199;BR-393/RJ;Norte;Saídas de pista;1;;;;;;;;;;1;;;;
14/02/2020;09:55:00;27;com vítima;178,358;BR-393/RJ;Sul;Colisão com veículos (traseira);1;;1;;;;;;;;0;2;;;
15/02/2020;07:28:00;22;com vítima;235;BR-393/RJ;Sul;Colisão Transversal;2;;;;;;;;;;4;1;;;
16/02/2020;21:34:00;56;sem vítima;284,692;BR-393/RJ;Sul;Saídas de pista;1;;;;;;;;;;2;;;;
17/02/2020;12:19:00;45;com vítima;285;BR-393/RJ;Norte;Colisão com veículos (traseira);2;;;;;;;;;;2;1;;;
17/02/2020;17:12:00;60;com vítima;3;Alça Sul;Sul;Colisão com veículos (frontal);2;;;1;;;;;;;1;1;1;;
17/02/2020;18:01:00;63;com vítima;268,112;BR-393/RJ;Sul;Colisão Transversal;1;;1;;;;;;;;1;2;;;
20/02/2020;07:32:00;21;com vítima;265;BR-393/RJ;Norte;Colisão com veículos (traseira);1;;;;1;;;;;;1;4;;;
20/02/2020;17:46:00;82;com vítima;241;BR-393/RJ;Norte;Colisão com veículos (frontal);1;;1;;;;;;;;0;1;2;;
20/02/2020;20:56:00;93;com vítima;1,1;Alça Sul;Norte;Capotamento;1;;;;;;;;;;0;1;;;
21/02/2020;01:27:00;4;com vítima;188,8;BR-393/RJ;Sul;Atropelamento de animais;;;1;;;;;;;;0;1;;;
22/02/2020;01:32:00;5;sem vítima;284,096;BR-393/RJ;Sul;Saídas de pista;1;;;;;;;;;;1;;;;
22/02/2020;05:50:00;26;com vítima;208,777;BR-393/RJ;Sul;Colisão com veículos (traseira);2;;;;;;;;;;0;6;;;
22/02/2020;08:50:00;33;com vítima;238,9;BR-393/RJ;Norte;Colisão Transversal;1;;1;;;;;;;;3;3;;;
23/02/2020;00:42:00;2;com vítima;161,8;BR-393/RJ;Sul;Capotamento;1;;;;;;;;;;0;4;;;
23/02/2020;06:02:00;19;com vítima;118,4;BR-393/RJ;Norte;Saídas de pista;1;;;;;;;;;;0;4;;;
23/02/2020;12:58:00;42;sem vítima;109,599;BR-393/RJ;Norte;Colisão c/ obstáculos;1;;;;;;;;;;1;;;;
24/02/2020;23:42:00;47;sem vítima;172,4;BR-393/RJ;Sul;Colisão c/ obstáculos;1;;;;;;;;;;1;;;;
26/02/2020;02:02:00;6;sem vítima;233,6;BR-393/RJ;Norte;Acidentes de outra natureza;;;;1;;;;;;;1;;;;
26/02/2020;10:07:00;31;com vítima;103,618;BR-393/RJ;Norte;Colisão com veículos (frontal);1;;1;;;;;;;;1;;1;;
26/02/2020;20:19:00;73;sem vítima;178;BR-393/RJ;Norte;Colisão com veículos (traseira);2;;;;;;;;;;4;;;;
27/02/2020;03:14:00;12;sem vítima;243;BR-393/RJ;Sul;Saídas de pista;1;;;;;;;;;;3;;;;
28/02/2020;06:02:00;10;com vítima;242,3;BR-393/RJ;Sul;Capotamento;1;;;;;;;;;;0;1;;;
28/02/2020;15:31:00;45;sem vítima;237,49;BR-393/RJ;Sul;Acidentes de outra natureza;;;;1;;;;;;;1;;;;
28/02/2020;16:07:00;46;sem vítima;234,4;BR-393/RJ;Norte;Colisão lateral no mesmo sentido;1;;1;;;;;;;;2;;;;
29/02/2020;16:49:00;50;sem vítima;239,4;BR-393/RJ;Norte;Saídas de pista;1;;;;;;;;;;1;;;;
01/03/2020;09:07:00;28;com vítima;105,12;BR-393/RJ;Sul;Saida de Pista;1;;;;;;;;;;0;1;;;
01/03/2020;12:15:00;45;com vítima;105,435;BR-393/RJ;Norte;Colisão Traseira;1;;;1;;;;;;;4;1;;;
02/03/2020;00:08:00;1;com vítima;177,8;BR-393/RJ;Sul;Colisão Traseira;1;;1;;;;;;;;1;1;;;
03/03/2020;08:27:00;24;sem vítima;104;BR-393/RJ;Sul;Colisão Lateral Mesmo Sentido;1;;1;;;;;;;;2;;;;
03/03/2020;12:42:00;47;com vítima;285;BR-393/RJ;Norte;Colisão Transversal;1;;;1;;;;;;;0;2;;;
03/03/2020;18:15:00;59;com vítima;258,6;BR-393/RJ;Sul;Colisão Transversal;1;;;;1;;;;;;1;1;1;;
03/03/2020;20:49:00;72;com vítima;189,199;BR-393/RJ;Norte;Tombamento;;;1;;;;;;;;0;1;;;
04/03/2020;12:11:00;56;com vítima;281,1;BR-393/RJ;Sul;Colisão Transversal;1;;;1;;;;;;;1;1;;;
04/03/2020;18:53:00;74;sem vítima;284,399;BR-393/RJ;Norte;Colisão Traseira;2;;;;;;;;;;5;;;;
05/03/2020;12:21:00;70;com vítima;268,126;BR-393/RJ;Norte;Colisão Transversal;1;;;1;;;;;;;2;;;1;
05/03/2020;18:37:00;90;sem vítima;258,5;BR-393/RJ;Sul;Colisão Lateral Mesmo Sentido;;;2;;;;;;;;3;;;;
06/03/2020;18:09:00;59;com vítima;255,9;BR-393/RJ;Norte;Colisão Transversal;2;;;;;;;;;;1;3;;;
06/03/2020;20:11:00;66;com vítima;140;BR-393/RJ;Norte;Colisão Frontal;;;1;1;;;;;;;1;;;;1
07/03/2020;13:28:00;56;sem vítima;286,3;BR-393/RJ;Sul;Colisão Traseira;2;;;;;;;;;;3;;;;
07/03/2020;14:32:00;59;sem vítima;286,3;BR-393/RJ;Sul;Engavetamento;3;;;;;;;;;;3;;;;
07/03/2020;19:34:00;77;com vítima;285,699;BR-393/RJ;Norte;Queda de Moto;;;;1;;;;;;;0;1;;;
10/03/2020;10:01:00;27;com vítima;178,8;BR-393/RJ;Sul;Colisão Transversal;1;;;1;;;;;;;0;1;1;;
10/03/2020;14:01:00;42;com vítima;231,924;BR-393/RJ;Sul;Colisão Transversal;1;;;1;;;;;;;1;1;;;
11/03/2020;06:41:00;15;com vítima;131,4;BR-393/RJ;Sul;Tombamento;;;1;;;;;;;;0;1;;;
11/03/2020;07:23:00;17;com vítima;144,099;BR-393/RJ;Norte;Saida de Pista;;;;;1;;;;;;6;1;;;
12/03/2020;16:38:00;59;com vítima;265;BR-393/RJ;Sul;Choque - Outros;;;;;;;;;;1;2;1;;;