data;horario;n_da_ocorrencia;tipo_de_ocorrencia;km;trecho;sentido;tipo_de_acidente;automovel;bicicleta;caminhao;moto;onibus;outros;tracao_animal;transporte_de_cargas_especiais;trator_maquinas;utilitarios;ilesos;levemente_feridos;moderadamente_feridos;gravemente_feridos;mortos
13/03/2020;13:42:00;45;sem vítima;255,6;BR-393/RJ;Sul;Colisão Traseira;1;;1;;;;;;;;2;;;;
14/03/2020;05:14:00;13;sem vítima;196;BR-393/RJ;Norte;Tombamento;;;1;;;;;;;;1;;;;
15/03/2020;10:38:00;22;com vítima;235,691;BR-393/RJ;Norte;Atropelamento - Ciclista;;1;1;;;;;;;;1;;;;1
15/03/2020;11:36:00;24;com vítima;155;BR-393/RJ;Norte;Queda de Moto;;;;1;;;;;;;0;1;;;
16/03/2020;14:00:00;50;sem vítima;174;BR-393/RJ;Sul;Saida de Pista;;;2;;;;;;;;3;;;;
16/03/2020;15:57:00;61;com vítima;104,17;BR-393/RJ;Norte;Engavetamento;2;;;;;;;;;1;3;1;;;
17/03/2020;11:49:00;45;com vítima;108,054;BR-393/RJ;Norte;Capotamento;1;;;;;;;;;;2;1;;;
18/03/2020;15:30:00;43;sem vítima;253,199;BR-393/RJ;Norte;Colisão Lateral Sentido Oposto;1;;1;;;;;;;;3;;;;
19/03/2020;17:52:00;60;sem vítima;279,87;BR-393/RJ;Sul;Engavetamento;3;;1;;;;;;;;4;;;;
20/03/2020;07:41:00;24;com vítima;138,15;BR-393/RJ;Sul;Tombamento;;;1;;;;;;;;0;1;;;
20/03/2020;12:29:00;41;com vítima;267,8;BR-393/RJ;Norte;Queda de Moto;;;1;1;;;;;;;2;1;;;
20/03/2020;17:22:00;60;com vítima;285,6;BR-393/RJ;Norte;Colisão Transversal;2;;;;;;;;;;1;;1;;
20/03/2020;19:13:00;66;com vítima;168,04;BR-393/RJ;Norte;Atropelamento - Ciclista;1;1;;;;;;;;;1;1;;;
20/03/2020;20:57:00;68;sem vítima;285,6;BR-393/RJ;Norte;Abalroamento Mesmo Sentido ;1;;1;;;;;;;;2;;;;
20/03/2020;22:03:00;71;sem vítima;123;BR-393/RJ;Sul;Saida de Pista;;;1;;;;;;;;1;;;;
22/03/2020;17:41:00;45;com vítima;175;BR-393/RJ;Sul;Queda de Moto;;;;1;;;;;;;1;1;;;
22/03/2020;23:15:00;59;sem vítima;283;BR-393/RJ;Sul;Saida de Pista;1;;;;;;;;;;1;;;;
25/03/2020;04:27:00;15;sem vítima;253,4;BR-393/RJ;Norte;Saida de Pista;1;;;;;;;;;;2;;;;
25/03/2020;13:43:00;30;com vítima;124;BR-393/RJ;Norte;Tombamento;;;1;;;;;;;;0;1;;;
26/03/2020;07:30:00;13;com vítima;0,1;Alça Sul;Norte;Saida de Pista;1;;;;;;;;;;0;2;;;
27/03/2020;17:05:00;37;com vítima;169;BR-393/RJ;Sul;Colisão Transversal;1;;;1;;;;;;;4;1;;;
28/03/2020;05:56:00;11;com vítima;137,618;BR-393/RJ;Norte;Tombamento;;;1;;;;;;;;0;;1;;
28/03/2020;13:50:00;17;sem vítima;255,6;BR-393/RJ;Sul;Colisão Transversal;2;;;;;;;;;;2;;;;
30/03/2020;08:22:00;18;com vítima;177,099;BR-393/RJ;Norte;Atropelamento de Animal;;;;1;;;;;;;0;;2;;
30/03/2020;18:22:00;33;com vítima;282,1;BR-393/RJ;Norte;Colisão Transversal;1;;;1;;;;;;;0;2;;;
30/03/2020;20:05:00;35;com vítima;111,099;BR-393/RJ;Norte;Saida de Pista;1;;;;;;;;;;0;1;;;
31/03/2020;11:30:00;26;com vítima;235;BR-393/RJ;Norte;Colisão Lateral Sentido Oposto;1;;;1;;;;;;;1;;1;;
02/04/2020;22:17:00;47;com vítima;249;BR-393/RJ;Norte;Saida de Pista;1;;;;;;;;;;0;2;;;
03/04/2020;17:02:00;47;sem vítima;281,3;BR-393/RJ;Norte;Colisão Lateral Sentido Oposto;1;;;;1;;;;;;5;;;;
04/04/2020;10:05:00;23;com vítima;175,699;BR-393/RJ;Sul;Tombamento;;;1;;;;;;;;0;1;;;
04/04/2020;21:16:00;38;sem vítima;265;BR-393/RJ;Sul;Colisão Traseira;2;;;;;;;;;;3;;;;
05/04/2020;23:11:00;34;com vítima;154,4;BR-393/RJ;Sul;Saida de Pista;1;;;;;;;;;;3;1;;;
06/04/2020;18:17:00;44;com vítima;171,563;BR-393/RJ;Norte;Colisão Frontal;;;1;1;;;;;;;1;;1;;
08/04/2020;14:25:00;33;com vítima;190,8;BR-393/RJ;Sul;Capotamento;1;;;;;;;;;;0;1;;;
09/04/2020;18:45:00;38;com vítima;175,699;BR-393/RJ;Sul;Queda de Moto;;;;1;;;;;;;1;1;;;
10/04/2020;04:56:00;7;sem vítima;173,152;BR-393/RJ;Sul;Atropelamento de Animal;;;1;;;;;;;;1;;;;
12/04/2020;02:15:00;5;com vítima;243;BR-393/RJ;Sul;Saida de Pista;1;;;;;;;;;;0;1;;;
12/04/2020;19:12:00;47;sem vítima;282;BR-393/RJ;Norte;Queda de Bicicleta;;1;;;;;;;;;1;;;;
16/04/2020;14:39:00;35;com vítima;211;BR-393/RJ;Norte;Colisão Lateral Sentido Oposto;;;2;;;;;;;;1;1;;;
18/04/2020;18:44:00;42;sem vítima;218,931;BR-393/RJ;Sul;Saida de Pista;1;;;;;;;;;;1;;;;
20/04/2020;12:52:00;18;sem vítima;271;BR-393/RJ;Sul;Colisão Lateral Mesmo Sentido;1;;1;;;;;;;;5;;;;
22/04/2020;06:46:00;15;com vítima;114,299;BR-393/RJ;Norte;Tombamento;;;1;;;;;;;;0;1;;;
22/04/2020;17:49:00;39;com vítima;168,984;BR-393/RJ;Sul;Colisão Transversal;2;;;;;;;;;;2;3;;;
23/04/2020;19:45:00;39;com vítima;168,044;BR-393/RJ;Sul;Colisão Lateral Mesmo Sentido;2;;;;;;;;;;1;2;;;
24/04/2020;09:42:00;23;com vítima;107;BR-393/RJ;Sul;Colisão Traseira;1;;;1;;;;;;;1;;1;;
24/04/2020;09:51:00;24;sem vítima;283,699;BR-393/RJ;Norte;Colisão Traseira;2;;;;;;;;;;3;;;;
27/04/2020;16:11:00;33;com vítima;283,699;BR-393/RJ;Norte;Engavetamento;3;;;;;;;;;;0;3;;;
29/04/2020;05:30:00;12;com vítima;200,199;BR-393/RJ;Norte;Colisão Transversal;;;1;;;;;;;1;12;3;;;
29/04/2020;06:02:00;14;com vítima;242,3;BR-393/RJ;Sul;Saida de Pista;1;;;;;;;;;;0;1;;;
30/04/2020;07:22:00;18;com vítima;178,199;BR-393/RJ;Sul;Colisão Frontal;1;;1;;;;;;;;1;;1;;
30/04/2020;14:50:00;40;com vítima;216,9;BR-393/RJ;Norte;Colisão Transversal;;;1;1;;;;;;;1;;1;;
30/04/2020;15:34:00;41;sem vítima;285,9;BR-393/RJ;Sul;Engavetamento;3;;1;;;;;;;;4;;;;
01/05/2020;04:16:00;3;sem vítima;190,732;BR-393/RJ;Sul;Atropelamento de animais;;;1;;;;;;;;1;;;;
02/05/2020;20:38:00;32;com vítima;283,6;BR-393/RJ;Sul;Acidentes de outra natureza;1;;;1;;;;;;;1;1;;;
03/05/2020;13:40:00;23;com vítima;286;BR-393/RJ;Norte;Colisão c/ obstáculos;1;;;;;;;;;;0;2;;;
03/05/2020;18:16:00;35;sem vítima;228;BR-393/RJ;Sul;Saídas de pista;1;;;;;;;;;;1;;;;
05/05/2020;01:31:00;3;sem vítima;280;BR-393/RJ;Norte;Atropelamento de animais;;;1;;;;;;;;1;;;;
05/05/2020;14:55:00;40;sem vítima;195,3;BR-393/RJ;Sul;Colisão lateral no mesmo sentido;1;;1;;;;;;;;2;;;;
05/05/2020;19:17:00;54;com vítima;278,899;BR-393/RJ;Sul;Atropelamento de pedestre;;1;1;;;;;;;;1;;1;;
06/05/2020;01:26:00;5;com vítima;280,6;BR-393/RJ;Norte;Colisão c/ obstáculos;1;;;;;;;;;;1;;1;;
06/05/2020;12:21:00;27;com vítima;106;BR-393/RJ;Norte;Atropelamento de pedestre;1;1;;;;;;;;;2;;1;;
06/05/2020;14:43:00;36;sem vítima;285,98;BR-393/RJ;Sul;Engavetamento;4;;;;;;;;;;5;;;;
06/05/2020;23:13:00;47;com vítima;284,399;BR-393/RJ;Sul;Acidentes de outra natureza;2;;;;;;;;;;0;5;;;
08/05/2020;19:50:00;60;sem vítima;255,5;BR-393/RJ;Sul;Colisão lateral no mesmo sentido;2;;;;;;;;;;2;;;;
08/05/2020;20:57:00;64;sem vítima;219;BR-393/RJ;Sul;Acidentes de outra natureza;1;;;1;;;;;;;2;;;;
09/05/2020;11:43:00;30;sem vítima;286;BR-393/RJ;Sul;Colisão com veículos (traseira);1;;1;;;;;;;;2;;;;
10/05/2020;14:59:00;20;sem vítima;283,399;BR-393/RJ;Sul;Colisão com veículos (traseira);2;;;;;;;;;;2;;;;
10/05/2020;15:39:00;21;sem vítima;286,3;BR-393/RJ;Sul;Colisão com veículos (traseira);2;;;;;;;;;;2;;;;
10/05/2020;16:15:00;23;sem vítima;179,8;BR-393/RJ;Norte;Capotamento;1;;;;;;;;;;1;;;;
10/05/2020;18:10:00;29;com vítima;266,969;BR-393/RJ;Sul;Acidentes de outra natureza;;;1;;;;;;;1;2;;;1;
12/05/2020;07:52:00;20;sem vítima;285;BR-393/RJ;Sul;Acidentes de outra natureza;1;;1;;;;;;;;2;;;;
12/05/2020;17:55:00;52;com vítima;238,414;BR-393/RJ;Norte;Acidentes de outra natureza;1;;1;;;;;;;;1;1;1;;
14/05/2020;17:17:00;42;com vítima;168,039;BR-393/RJ;Sul;Acidentes de outra natureza;;;1;1;;;;;;;1;1;;;
14/05/2020;17:29:00;43;sem vítima;1;Alça Sul;Sul;Saídas de pista;1;;;;;;;;;;2;;;;
15/05/2020;07:46:00;22;sem vítima;216,5;BR-393/RJ;Norte;Saídas de pista;1;;;;;;;;;;2;;;;
15/05/2020;10:45:00;28;com vítima;257,8;BR-393/RJ;Norte;Colisão com veículos (frontal);1;;;1;;;;;;;1;;;;1
15/05/2020;15:42:00;42;com vítima;144,699;BR-393/RJ;Norte;Colisão c/ obstáculos;1;;;;;;;;;;0;1;;;
16/05/2020;06:10:00;12;sem vítima;2,399;Alça Sul;Sul;Atropelamento de animais;1;;;;;;;;;;1;;;;
16/05/2020;11:21:00;24;com vítima;170;BR-393/RJ;Norte;Capotamento;1;;;;;;;;;;0;1;;;
16/05/2020;17:30:00;39;com vítima;220,299;BR-393/RJ;Sul;Acidentes de outra natureza;;;;1;;;;;;;0;1;;;
16/05/2020;19:24:00;43;com vítima;251;BR-393/RJ;Sul;Acidentes de outra natureza;;;;1;;;;;;;0;1;;;
17/05/2020;22:20:00;38;sem vítima;284,723;BR-393/RJ;Sul;Colisão com veículos (traseira);2;;;;;;;;;;5;;;;
20/05/2020;13:04:00;40;sem vítima;286;BR-393/RJ;Norte;Colisão com veículos (frontal);2;;;;;;;;;;2;;;;
20/05/2020;19:03:00;55;com vítima;281;BR-393/RJ;Norte;Acidentes de outra natureza;1;;;1;;;;;;;1;;1;;
21/05/2020;08:14:00;17;sem vítima;145;BR-393/RJ;Norte;Colisão c/ obstáculos;1;;;;;;;;;;1;;;;
22/05/2020;12:32:00;31;com vítima;286,399;BR-393/RJ;Sul;Engavetamento;4;;;;;;;;;;4;1;;;
23/05/2020;08:32:00;25;sem vítima;195;BR-393/RJ;Norte;Colisão com veículos (traseira);;;2;;;;;;;;3;;;;
23/05/2020;18:47:00;50;sem vítima;285,699;BR-393/RJ;Norte;Acidentes de outra natureza;1;;;1;;;;;;;3;;;;
24/05/2020;19:38:00;34;sem vítima;265;BR-393/RJ;Sul;Colisão lateral no mesmo sentido;2;;;;;;;;;;2;;;;
25/05/2020;16:49:00;40;com vítima;195;BR-393/RJ;Norte;Colisão com veículos (traseira);;;2;;;;;;;;0;2;;;
25/05/2020;20:18:00;51;com vítima;176,1;BR-393/RJ;Norte;Acidentes de outra natureza;1;;;1;;;;;;;1;1;;;
25/05/2020;20:39:00;53;sem vítima;136;BR-393/RJ;Norte;Colisão com veículos (traseira);1;;;1;;;;;;;5;;;;
26/05/2020;07:02:00;16;com vítima;182;BR-393/RJ;Norte;Colisão com veículos (traseira);1;;;1;;;;;;;1;1;;;
26/05/2020;15:16:00;41;com vítima;175;BR-393/RJ;Sul;Acidentes de outra natureza;;;;1;;;;;;;0;1;;;
26/05/2020;18:37:00;49;sem vítima;122;BR-393/RJ;Sul;Acidentes de outra natureza;;;1;;;;;;;;1;;;;
28/05/2020;23:25:00;53;com vítima;167,5;BR-393/RJ;Norte;Atropelamento de pedestre;;;;1;;;;;;;0;1;1;;
29/05/2020;03:26:00;13;sem vítima;204;BR-393/RJ;Norte;Atropelamento de animais;;;1;;;;;;;;1;;;;
30/05/2020;03:39:00;10;sem vítima;263,5;BR-393/RJ;Sul;Capotamento;1;;;;;;;;;;1;;;;
30/05/2020;18:29:00;25;com vítima;147,5;BR-393/RJ;Norte;Capotamento;1;;;;;;;;;;0;1;;;
30/05/2020;22:01:00;29;sem vítima;283,699;BR-393/RJ;Norte;Colisão c/ obstáculos;2;;1;;;;;;;;3;;;;
31/05/2020;12:46:00;26;com vítima;103;BR-393/RJ;Sul;Colisão com veículos (traseira);2;;;;;;;;;;1;2;;;
31/05/2020;20:47:00;40;com vítima;257,171;BR-393/RJ;Sul;Saídas de pista;1;;;;;;;;;;1;1;;;
05/06/2020;16:07:00;40;sem vítima;286;BR-393/RJ;Sul;Colisão com veículos (traseira);3;;;;;;;;;;3;;;;
05/06/2020;22:21:00;50;com vítima;153,599;BR-393/RJ;Norte;Colisão com veículos (frontal);1;;;1;;;;;;;2;;;;1
06/06/2020;10:55:00;23;com vítima;106,5;BR-393/RJ;Norte;Atropelamento de pedestre;1;;;;;;;;;;1;2;;;
06/06/2020;21:40:00;46;sem vítima;228,8;BR-393/RJ;Norte;Capotamento;1;;;;;;;;;;2;;;;
07/06/2020;14:10:00;23;com vítima;178;BR-393/RJ;Sul;Colisão c/ obstáculos;1;;;;;;;;;;1;1;;;
07/06/2020;20:23:00;36;sem vítima;225,5;BR-393/RJ;Sul;Colisão c/ obstáculos;1;;;;;;;;;;2;;;;
08/06/2020;18:17:00;44;sem vítima;231,641;BR-393/RJ;Sul;Colisão lateral no sentido contrário;1;;;;;;;;;1;4;;;;
09/06/2020;18:26:00;43;com vítima;283,399;BR-393/RJ;Norte;Colisão lateral no mesmo sentido;;;;2;;;;;;;1;1;;;
10/06/2020;23:29:00;68;sem vítima;282,199;BR-393/RJ;Sul;Colisão c/ obstáculos;3;;;;;;;;;;4;;;;
11/06/2020;18:11:00;46;com vítima;159,9;BR-393/RJ;Norte;Colisão com veículos (traseira);1;;1;;;;;;;;2;;1;;
12/06/2020;16:29:00;35;sem vítima;284,194;BR-393/RJ;Norte;Engavetamento;3;;;;;;;;;;4;;;;
15/06/2020;05:53:00;13;com vítima;181;BR-393/RJ;Norte;Acidentes de outra natureza;;;;1;;;;;;;0;1;;;
16/06/2020;13:43:00;34;com vítima;238,5;BR-393/RJ;Norte;Acidentes de outra natureza;2;;;;;;;;;;1;1;1;;
18/06/2020;13:27:00;42;com vítima;238,521;BR-393/RJ;Norte;Acidentes de outra natureza;1;;1;;;;;;;;2;1;1;;
19/06/2020;08:25:00;21;sem vítima;238,448;BR-393/RJ;Norte;Acidentes de outra natureza;2;;;;;;;;;;4;;;;
21/06/2020;02:18:00;3;com vítima;182,4;BR-393/RJ;Norte;Acidentes de outra natureza;;;;1;;;;;;;0;1;;;
21/06/2020;18:56:00;57;com vítima;241,099;BR-393/RJ;Norte;Acidentes de outra natureza;;;;1;;;1;;;;1;;1;;
21/06/2020;22:07:00;63;com vítima;1,399;Alça Sul;Norte;Colisão c/ obstáculos;1;;;;;;;;;;0;1;;;
25/06/2020;06:33:00;8;sem vítima;284,751;BR-393/RJ;Sul;Acidentes de outra natureza;1;;;1;;;;;;;2;;;;
26/06/2020;16:18:00;54;com vítima;285,699;BR-393/RJ;Norte;Acidentes de outra natureza;1;;;1;;;;;;;1;1;;;
26/06/2020;17:13:00;61;com vítima;286,3;BR-393/RJ;Norte;Acidentes de outra natureza;2;;;;;;;;;;2;1;;;
27/06/2020;13:47:00;36;com vítima;161,599;BR-393/RJ;Norte;Tombamento;;;1;;;;;;;;0;1;;;
27/06/2020;19:00:00;46;com vítima;242,3;BR-393/RJ;Sul;Saídas de pista;1;;;;;;;;;;0;;1;;
27/06/2020;19:48:00;48;sem vítima;281,1;BR-393/RJ;Sul;Colisão lateral no mesmo sentido;1;;1;;;;;;;;2;;;;
28/06/2020;10:56:00;32;sem vítima;282;BR-393/RJ;Sul;Engavetamento;5;;;;;;;;;;10;;;;
28/06/2020;12:17:00;34;com vítima;266,5;BR-393/RJ;Sul;Acidentes de outra natureza;;;;;;;;;;1;1;1;;;
28/06/2020;17:53:00;46;com vítima;285,913;BR-393/RJ;Sul;Saídas de pista;2;;;;;;;;;;2;1;;;
28/06/2020;17:55:00;47;sem vítima;170,999;BR-393/RJ;Sul;Saídas de pista;1;;;;;;;;;;1;;;;
28/06/2020;18:25:00;48;com vítima;286;BR-393/RJ;Sul;Saídas de pista;2;;;;;;;;;;2;3;;;
29/06/2020;12:38:00;39;com vítima;168,029;BR-393/RJ;Sul;Acidentes de outra natureza;;;1;1;;;;;;;1;1;;;
30/06/2020;15:53:00;55;sem vítima;195,019;BR-393/RJ;Sul;Colisão com veículos (traseira);1;;1;;;;;;;;2;;;;
03/07/2020;10:42:00;37;com vítima;217,64;BR-393/RJ;Pista Sul;Acidentes de outra natureza;;;;1;;;;;;;0;1;;;
03/07/2020;12:29:00;46;com vítima;200;BR-393/RJ;Pista Norte;Acidentes de outra natureza;;;1;;;;;;;1;0;;3;;
05/07/2020;03:14:00;10;sem vítima;168,8;BR-393/RJ;Pista Sul;Atropelamento de animais;;;1;;;;;;;;1;;;;
05/07/2020;09:37:00;21;sem vítima;139,4;BR-393/RJ;Pista Norte;Tombamento;;;1;;;;;;;;1;;;;
05/07/2020;14:58:00;31;com vítima;187,255;BR-393/RJ;Pista Sul;Tombamento;;;1;;;;;;;;0;1;;;
06/07/2020;00:52:00;3;com vítima;251,199;BR-393/RJ;Pista Norte;Acidentes de outra natureza;;;;1;;;;;;;0;1;;;
06/07/2020;04:48:00;5;sem vítima;273,899;BR-393/RJ;Pista Norte;Colisão c/ obstáculos;1;;;;;;;;;;1;;;;
07/07/2020;16:26:00;48;sem vítima;243,049;BR-393/RJ;Pista Norte;Colisão lateral no mesmo sentido;1;;1;;;;;;;;3;;;;
08/07/2020;07:46:00;24;com vítima;285,399;BR-393/RJ;Pista Norte;Atropelamento de pedestre;1;;;;;;;;;;1;;1;;
08/07/2020;08:17:00;27;com vítima;286,2;BR-393/RJ;Pista Sul;Colisão com veículos (traseira);2;;;;;;;;;;2;1;;;
10/07/2020;23:44:00;82;sem vítima;253;BR-393/RJ;Pista Sul;Saídas de pista;;;1;;;;;;;;1;;;;
11/07/2020;23:53:00;66;com vítima;251,5;BR-393/RJ;Pista Sul;Atropelamento de pedestre;1;;;;;;;;;;1;1;;;
12/07/2020;11:46:00;22;sem vítima;245,3;BR-393/RJ;Pista Sul;Colisão com veículos (traseira);2;;;;;;;;;;4;;;;
12/07/2020;15:53:00;35;com vítima;1,6;Alça Sul;Pista Norte;Colisão c/ obstáculos;2;;;;;;;;;;0;3;;;
12/07/2020;23:00:00;54;com vítima;168,018;BR-393/RJ;Pista Norte;Acidentes de outra natureza;1;;;1;;;;;;;1;1;;;
13/07/2020;06:36:00;16;sem vítima;223,296;BR-393/RJ;Pista Sul;Acidentes de outra natureza;;;2;;;;;;;;2;;;;
13/07/2020;07:53:00;17;sem vítima;125,7;BR-393/RJ;Pista Norte;Colisão com veículos (traseira);2;;;;;;;;;;3;;;;
13/07/2020;10:26:00;22;com vítima;282,259;BR-393/RJ;Pista Sul;Acidentes de outra natureza;2;;;;;;;;;;1;1;;;
13/07/2020;22:55:00;63;sem vítima;280,888;BR-393/RJ;Pista Sul;Colisão com veículos (traseira);1;;;;;;;;;1;2;;;;
14/07/2020;02:49:00;7;sem vítima;265,399;BR-393/RJ;Pista Sul;Colisão c/ obstáculos;;;1;;;;;;;;1;;;;
14/07/2020;07:51:00;24;com vítima;105,9;BR-393/RJ;Pista Norte;Acidentes de outra natureza;1;;;1;;;;;;;1;1;;;
15/07/2020;10:07:00;25;com vítima;168,4;BR-393/RJ;Pista Sul;Atropelamento de animais;1;;;1;;;;;;;1;;1;;
15/07/2020;13:50:00;48;sem vítima;255,5;BR-393/RJ;Pista Norte;Colisão lateral no mesmo sentido;1;;1;;;;;;;;2;;;;
15/07/2020;20:12:00;64;sem vítima;256,6;BR-393/RJ;Pista Sul;Colisão c/ obstáculos;1;;;;;;;;;;1;;;;
16/07/2020;07:17:00;16;com vítima;123;BR-393/RJ;Pista Sul;Saídas de pista;1;;;;;;;;;;0;;1;;
17/07/2020;15:09:00;45;com vítima;282,15;BR-393/RJ;Pista Norte;Colisão com veículos (frontal);1;;;1;;;;;;;1;;2;;
18/07/2020;03:08:00;6;sem vítima;270,6;BR-393/RJ;Pista Sul;Saídas de pista;1;;;;;;;;;;1;;;;
18/07/2020;11:39:00;30;com vítima;137,501;BR-393/RJ;Pista Norte;Acidentes de outra natureza;;1;;;;;;;;;0;1;;;
18/07/2020;18:30:00;51;sem vítima;157,5;BR-393/RJ;Pista Sul;Acidentes de outra natureza;;;;1;;;;;;;1;;;;
19/07/2020;08:11:00;19;com vítima;103;BR-393/RJ;Pista Norte;Acidentes de outra natureza;;;;1;;;;;;;0;1;;;
19/07/2020;20:31:00;45;com vítima;133,289;BR-393/RJ;Pista Norte;Colisão com veículos (frontal);1;;;1;;;;;;;1;1;;;
20/07/2020;03:38:00;10;sem vítima;248,4;BR-393/RJ;Pista Norte;Saídas de pista;1;;;;;;;;;;1;;;;
20/07/2020;15:07:00;50;com vítima;2,299;Alça Sul;Pista Norte;Acidentes de outra natureza;;1;1;;;;;;;;0;1;;;1
22/07/2020;16:01:00;51;com vítima;169;BR-393/RJ;Pista Norte;Colisão c/ obstáculos;2;;;;;;;;;1;1;3;;;
22/07/2020;19:32:00;58;com vítima;179,1;BR-393/RJ;Pista Sul;Colisão lateral no mesmo sentido;;;;2;;;;;;;0;2;;;
23/07/2020;10:14:00;32;sem vítima;281,1;BR-393/RJ;Pista Norte;Colisão com veículos (traseira);2;;;;;;;;;;2;;;;
24/07/2020;04:35:00;14;sem vítima;284,225;BR-393/RJ;Pista Norte;Capotamento;1;;;;;;;;;;1;;;;
24/07/2020;13:45:00;33;sem vítima;241,742;BR-393/RJ;Pista Norte;Colisão com veículos (frontal);1;;1;;;;;;;;2;;;;
24/07/2020;19:44:00;57;sem vítima;110,2;BR-393/RJ;Pista Norte;Saídas de pista;1;;;;;;;;;;1;;;;
26/07/2020;05:29:00;17;sem vítima;175,5;BR-393/RJ;Pista Sul;Colisão c/ obstáculos;1;;;;;;;;;;1;;;;
26/07/2020;21:20:00;56;com vítima;222,392;BR-393/RJ;Pista Sul;Tombamento;;;2;;;;;;;;1;2;1;;
27/07/2020;00:59:00;4;com vítima;121,7;BR-393/RJ;Pista Norte;Capotamento;1;;;;;;;;;;0;2;;;
29/07/2020;07:49:00;31;com vítima;285;BR-393/RJ;Pista Sul;Acidentes de outra natureza;;1;;1;;;;;;;1;2;;;
29/07/2020;08:14:00;32;sem vítima;285,5;BR-393/RJ;Pista Norte;Engavetamento;3;;;;;;;;;;3;;;;
29/07/2020;23:46:00;71;sem vítima;274,6;BR-393/RJ;Pista Norte;Saídas de pista;1;;;;;;;;;;1;;;;
30/07/2020;17:58:00;65;com vítima;257,8;BR-393/RJ;Pista Norte;Colisão c/ obstáculos;1;;;;;;;;;;1;;2;;
31/07/2020;09:53:00;30;sem vítima;285,399;BR-393/RJ;Pista Sul;Colisão lateral no mesmo sentido;1;;1;;;;;;;;3;;;;
31/07/2020;20:45:00;59;com vítima;282;BR-393/RJ;Pista Norte;Colisão com veículos (frontal);1;;;1;;;;;;;0;;2;;
01/08/2020;15:04:00;42;Acidente com vítima;286,048;BR-393/RJ;Sul;Colisão com veículos (traseira);1;;;1;;;;;;;1;1;;;
01/08/2020;20:01:00;59;Acidente com vítima;168,4;BR-393/RJ;Sul;Atropelamento de pedestre;;1;;1;;;;;;;0;;2;;
02/08/2020;15:31:00;41;Acidente com vítima;151,9;BR-393/RJ;Sul;Tombamento;;;1;;;;;;;;0;1;;;
03/08/2020;17:26:00;59;Acidente sem vítima;165;BR-393/RJ;Sul;Acidentes de outra natureza;;;;1;;;;;;;1;;;;
03/08/2020;18:30:00;63;Acidente com vítima;285,199;BR-393/RJ;Norte;Acidentes de outra natureza;1;;;1;;;;;;;1;1;;;
03/08/2020;19:20:00;71;Acidente sem vítima;280,1;BR-393/RJ;Sul;Engavetamento;3;;;;;;;;;;5;;;;
04/08/2020;19:48:00;55;Acidente com vítima;185,25;BR-393/RJ;Norte;Acidentes de outra natureza;2;;;;;;;;;;0;1;2;;
05/08/2020;10:23:00;31;Acidente com vítima;105,9;BR-393/RJ;Norte;Colisão lateral no mesmo sentido;1;;;1;;;;;;;1;1;;;
06/08/2020;00:38:00;4;Acidente com vítima;147,148;BR-393/RJ;Sul;Tombamento;;;1;;;;;;;;0;1;;;
08/08/2020;19:01:00;47;Acidente com vítima;255,599;BR-393/RJ;Sul;Atropelamento de pedestre;1;;;;;;;;;;2;1;;;
09/08/2020;00:53:00;6;Acidente com vítima;203,244;BR-393/RJ;Sul;Acidentes de outra natureza;;;;1;;;;;;;0;;;1;
09/08/2020;01:46:00;7;Acidente sem vítima;172,065;BR-393/RJ;Norte;Colisão lateral no sentido contrário;2;;;;;;;;;;4;;;;
09/08/2020;13:01:00;36;Acidente sem vítima;285,699;BR-393/RJ;Sul;Colisão com veículos (traseira);1;;;;1;;;;;;2;;;;
10/08/2020;19:11:00;70;Acidente com vítima;239,4;BR-393/RJ;Sul;Colisão lateral no mesmo sentido;1;;1;;;;;;;;1;4;;;
10/08/2020;19:49:00;71;Acidente sem vítima;286,3;BR-393/RJ;Sul;Colisão com veículos (traseira);2;;;;;;;;;;2;;;;
12/08/2020;12:02:00;42;Acidente sem vítima;138,5;BR-393/RJ;Norte;Colisão lateral no mesmo sentido;2;;;;;;;;;;2;;;;
12/08/2020;13:09:00;46;Acidente sem vítima;265,057;BR-393/RJ;Sul;Colisão com veículos (traseira);1;;1;;;;;;;;2;;;;
12/08/2020;20:37:00;67;Acidente com vítima;280,199;BR-393/RJ;Sul;Colisão lateral no sentido contrário;1;;1;;;;;;;;1;1;;;
13/08/2020;11:34:00;39;Acidente sem vítima;285,2;BR-393/RJ;Norte;Colisão com veículos (traseira);3;;;;;;;;;;4;;;;