data;horario;n_da_ocorrencia;tipo_de_ocorrencia;km;trecho;sentido;tipo_de_acidente;automovel;bicicleta;caminhao;moto;onibus;outros;tracao_animal;transporte_de_cargas_especiais;trator_maquinas;utilitarios;ilesos;levemente_feridos;moderadamente_feridos;gravemente_feridos;mortos
05/09/2021;00:55:00;1;Acidente com vítima;285,6;BR-393/RJ;Decrescente;Colisão lateral no mesmo sentido;2;;;;;;;;;;2;;1;;
05/09/2021;14:02:00;30;Acidente com vítima;286;BR-393/RJ;Decrescente;Acidentes de outra natureza;1;;;1;;;;;;;0;2;;;
05/09/2021;17:13:00;38;Acidente com vítima;285,899;BR-393/RJ;Decrescente;Colisão com veículos (traseira);2;;;;;;;;;;3;1;;;
06/09/2021;09:51:00;21;Acidente com vítima;236;BR-393/RJ;Decrescente;Colisão lateral no mesmo sentido;1;;1;;;;;;;;0;4;;;
06/09/2021;16:03:00;36;Acidente sem vítima;125;BR-393/RJ;Decrescente;Colisão com veículos (traseira);2;;;;;;;;;;3;;;;
06/09/2021;22:03:00;51;Acidente com vítima;273,899;BR-393/RJ;Crescente;Colisão com veículos (frontal);2;;;;;;;;;;1;2;;1;
06/09/2021;22:38:00;53;Acidente sem vítima;255,7;BR-393/RJ;Crescente;Acidentes de outra natureza;2;;;;;;;;;;1;1;;;
06/09/2021;22:55:00;54;Acidente sem vítima;284;BR-393/RJ;Decrescente;Tombamento;1;;;;;;;;;;2;;;;
07/09/2021;21:55:00;65;Acidente com vítima;169,599;BR-393/RJ;Crescente;Capotamento;1;;;;;;;;;;0;2;;;
08/09/2021;10:42:00;36;Acidente com vítima;286,1;BR-393/RJ;Crescente;Colisão c/ obstáculos;1;;;;;;;;;;0;1;;;
09/09/2021;14:33:00;43;Acidente sem vítima;282;BR-393/RJ;Crescente;Engavetamento;3;;;;;;;;;;3;;;;
10/09/2021;06:47:00;16;Acidente com vítima;258;BR-393/RJ;Crescente;Colisão c/ obstáculos;1;;;;;;;;;;0;;1;;
11/09/2021;16:00:00;31;Acidente com vítima;257,8;BR-393/RJ;Decrescente;Colisão lateral no sentido contrário;2;;;;;;;;;;0;3;4;;
11/09/2021;20:15:00;36;Acidente com vítima;283,8;BR-393/RJ;Crescente;Acidentes de outra natureza;1;;;1;;;;;;;2;1;;;
12/09/2021;06:15:00;13;Acidente com vítima;242,2;BR-393/RJ;Decrescente;Capotamento;1;;;;;;;;;;0;1;;;
13/09/2021;01:20:00;3;Acidente com vítima;283,399;BR-393/RJ;Crescente;Capotamento;1;;;;;;;;;;4;1;;;
14/09/2021;17:42:00;62;Acidente sem vítima;285,699;BR-393/RJ;Decrescente;Engavetamento;3;;;;;;;;;;3;;;;
14/09/2021;21:30:00;69;Acidente com vítima;103,799;BR-393/RJ;Decrescente;Colisão lateral no mesmo sentido;;;1;1;;;;;;;1;;1;;
15/09/2021;07:52:00;27;Acidente sem vítima;134,9;BR-393/RJ;Decrescente;Colisão com veículos (frontal);1;;1;;;;;;;;1;;1;;
15/09/2021;11:58:00;52;Acidente sem vítima;187,001;BR-393/RJ;Crescente;Colisão lateral no mesmo sentido;1;;1;;;;;;;;2;;;;
15/09/2021;17:53:00;74;Acidente sem vítima;283,399;BR-393/RJ;Crescente;Acidentes de outra natureza;2;;;;;;;;;;2;;;;
16/09/2021;02:30:00;7;Acidente com vítima;235,4;BR-393/RJ;Crescente;Acidentes de outra natureza;1;;1;;;;;;;;1;2;1;;
16/09/2021;09:07:00;33;Acidente com vítima;167,599;BR-393/RJ;Decrescente;Acidentes de outra natureza;1;;;1;;;;;;;0;2;;;
16/09/2021;14:58:00;51;Acidente com vítima;274;BR-393/RJ;Crescente;Tombamento;;;3;;;;;;;;1;;2;;
17/09/2021;05:45:00;14;Acidente com vítima;184,4;BR-393/RJ;Crescente;Saídas de pista;1;;;;;;;;;;0;1;;;
17/09/2021;14:05:00;38;Acidente sem vítima;236,699;BR-393/RJ;Decrescente;Colisão c/ obstáculos;;;1;;;;;;;;1;;;;
17/09/2021;15:56:00;45;Atropelamento sem morte;274,6;BR-393/RJ;Crescente;Atropelamento de pedestre;1;1;;;;;;;;;1;1;;;
17/09/2021;17:46:00;49;Acidente com vítima;282;BR-393/RJ;Crescente;Acidentes de outra natureza;;;;1;;;;;;;0;;1;;
18/09/2021;23:50:00;49;Acidente com vítima;104,4;BR-393/RJ;Crescente;Acidentes de outra natureza;2;;;;;;;;;;1;;1;;
19/09/2021;01:39:00;4;Acidente com vítima;240;BR-393/RJ;Decrescente;Saídas de pista;1;;;;;;;;;;0;1;;;
19/09/2021;12:03:00;29;Acidente com vítima;203;BR-393/RJ;Decrescente;Acidentes de outra natureza;;;;1;;;;;;;0;;1;;
19/09/2021;21:15:00;56;Acidente com vítima;285,199;BR-393/RJ;Crescente;Saídas de pista;;;;1;;;;;;1;0;1;1;;
20/09/2021;07:37:00;16;Acidente com vítima;266,3;BR-393/RJ;Decrescente;Capotamento;1;;;;;;;;;;0;1;;;
20/09/2021;10:13:00;29;Acidente com vítima;254,5;BR-393/RJ;Decrescente;Colisão com veículos (traseira);1;;;1;;;;;;;1;;1;;
20/09/2021;19:26:00;52;Acidente com vítima;283;BR-393/RJ;Crescente;Engavetamento;3;;;;;;;;;;2;1;1;;
21/09/2021;08:48:00;21;Acidente com vítima;167,599;BR-393/RJ;Crescente;Acidentes de outra natureza;1;;;1;;;;;;;0;1;1;;
22/09/2021;12:23:00;31;Acidente com vítima;255,599;BR-393/RJ;Decrescente;Colisão lateral no mesmo sentido;1;;;1;;;;;;;1;1;1;;
24/09/2021;18:24:00;62;Acidente com vítima;282,8;BR-393/RJ;Crescente;Atropelamento de pedestre;1;;;;;;;;;;1;;1;;
24/09/2021;19:29:00;65;Acidente com vítima;145,8;BR-393/RJ;Decrescente;Tombamento;;;2;;;;;;;;1;1;;;
24/09/2021;22:43:00;69;Acidente com vítima;229,8;BR-393/RJ;Decrescente;Saídas de pista;1;;;;;;;;;;0;1;;;
24/09/2021;23:00:00;70;Acidente com vítima;182;BR-393/RJ;Decrescente;Acidentes de outra natureza;;;;1;;;;;;;0;1;;;
25/09/2021;00:18:00;2;Acidente com vítima;237,1;BR-393/RJ;Crescente;Colisão lateral no mesmo sentido;2;;;;;;;;;;5;1;;;
25/09/2021;06:05:00;22;Acidente com vítima;176,7;BR-393/RJ;Crescente;Saídas de pista;1;;;;;;;;;;0;1;;;
25/09/2021;16:32:00;52;Acidente com vítima;177,6;BR-393/RJ;Decrescente;Colisão com veículos (traseira);2;;;;;;;;;;5;5;;;
25/09/2021;22:52:00;62;Acidente com vítima;131;BR-393/RJ;Crescente;Saídas de pista;1;;;;;;;;;;0;1;;;
26/09/2021;10:00:00;23;Acidente com vítima;122;BR-393/RJ;Crescente;Acidentes de outra natureza;;;;1;;;;;;;0;1;1;;
26/09/2021;14:17:00;41;Acidente com vítima;266;BR-393/RJ;Crescente;Colisão lateral no mesmo sentido;2;;;1;;;;;;;8;;1;;
26/09/2021;16:41:00;46;Acidente com vítima;255;BR-393/RJ;Crescente;Acidentes de outra natureza;2;;;;;;;;;;4;1;;;
27/09/2021;08:23:00;30;Acidente com vítima;176;BR-393/RJ;Decrescente;Colisão com veículos (traseira);1;;;1;;;;;;;2;;1;;
27/09/2021;12:14:00;53;Acidente com vítima;169,9;BR-393/RJ;Crescente;Tombamento;;;;;;;;;;1;0;1;;;
28/09/2021;18:31:00;57;Acidente com vítima;111;BR-393/RJ;Decrescente;Colisão lateral no mesmo sentido;1;;1;;;;;;;;4;;1;;
29/09/2021;07:19:00;11;Atropelamento sem morte;281,7;BR-393/RJ;Decrescente;Atropelamento de pedestre;1;;;;;;;;;;1;;1;;
29/09/2021;15:45:00;40;Acidente com vítima;171,9;BR-393/RJ;Decrescente;Colisão c/ obstáculos;1;;;;;;;;;;0;2;;;
29/09/2021;16:51:00;46;Acidente sem vítima;107,2;BR-393/RJ;Crescente;Colisão com veículos (traseira);;;2;;;;;;;;2;;;;
30/09/2021;01:41:00;7;Acidente sem vítima;168,5;BR-393/RJ;Crescente;Colisão c/ obstáculos;;;1;;;;;;;;1;;;;
01/10/2021;14:53:00;53;Acidente com vítima;175,699;BR-393/RJ;Decrescente;Colisão com veículos (traseira);1;;1;;;;;;;;2;1;;;
01/10/2021;18:54:00;67;Acidente com vítima;242,3;BR-393/RJ;Crescente;Colisão com veículos (frontal);2;;1;;;;;;;;0;4;1;2;
01/10/2021;19:15:00;68;Acidente com vítima;238;BR-393/RJ;Crescente;Acidentes de outra natureza;2;;;;;;;;;;0;7;;;
01/10/2021;23:15:00;76;Acidente com morte;273,1;BR-393/RJ;Crescente;Colisão com veículos (frontal);1;;1;;;;;;;;0;1;;;1
02/10/2021;01:02:00;4;Acidente sem vítima;246;BR-393/RJ;Crescente;Saídas de pista;;;1;;;;;;;;3;;;;
02/10/2021;21:23:00;64;Acidente com vítima;172,8;BR-393/RJ;Crescente;Colisão com veículos (traseira);2;;;;;;;;;;6;2;;;
02/10/2021;21:42:00;65;Acidente com vítima;105,2;BR-393/RJ;Crescente;Colisão com veículos (traseira);3;;;1;;;;;;;0;4;;1;
03/10/2021;21:42:00;63;Acidente sem vítima;265;BR-393/RJ;Decrescente;Colisão lateral no mesmo sentido;1;;1;;;;;;;;3;;;;
04/10/2021;16:08:00;52;Acidente com vítima;103;BR-393/RJ;Crescente;Engavetamento;1;;2;;;;;;;;0;3;1;;
05/10/2021;16:42:00;59;Acidente sem vítima;125,7;BR-393/RJ;Decrescente;Colisão com veículos (traseira);1;;1;;;;;;;;2;;;;
07/10/2021;07:29:00;18;Acidente sem vítima;175,646;BR-393/RJ;Crescente;Saídas de pista;1;;;;;;;;;;1;;;;
07/10/2021;15:30:00;50;Acidente com vítima;123,099;BR-393/RJ;Crescente;Acidentes de outra natureza;;;;1;;;;;;;0;1;;;
08/10/2021;05:53:00;16;Acidente sem vítima;190;BR-393/RJ;Crescente;Atropelamento de animais;;;;1;;;;;;;1;;;;
08/10/2021;06:08:00;18;Acidente com vítima;259,199;BR-393/RJ;Crescente;Colisão com veículos (frontal);1;;;;;;;;;1;0;;2;;
08/10/2021;21:41:00;64;Acidente sem vítima;247,5;BR-393/RJ;Crescente;Atropelamento de animais;1;;;;;;;;;;0;1;;;
09/10/2021;09:23:00;22;Acidente sem vítima;230,799;BR-393/RJ;Decrescente;Colisão lateral no mesmo sentido;2;;;;;;;;;;2;;;;
09/10/2021;09:36:00;24;Acidente sem vítima;131;BR-393/RJ;Crescente;Acidentes de outra natureza;1;;;1;;;;;;;4;;;;
09/10/2021;09:41:00;27;Acidente sem vítima;131;BR-393/RJ;Crescente;Acidentes de outra natureza;;;;1;;;;;;;1;;;;
09/10/2021;09:41:00;28;Acidente com vítima;131;BR-393/RJ;Crescente;Acidentes de outra natureza;;;;1;;;;;;;0;1;;;
09/10/2021;14:04:00;41;Acidente sem vítima;274,5;BR-393/RJ;Crescente;Saídas de pista;1;;;;;;;;;;3;;;;
10/10/2021;02:58:00;4;Acidente sem vítima;239,5;BR-393/RJ;Decrescente;Saídas de pista;1;;;;;;;;;;2;;;;
10/10/2021;04:08:00;7;Acidente sem vítima;253,9;BR-393/RJ;Decrescente;Saídas de pista;1;;;;;;;;;;6;;;;
10/10/2021;06:23:00;20;Acidente com vítima;257,8;BR-393/RJ;Decrescente;Colisão c/ obstáculos;1;;;;;;;;;;0;2;;;
10/10/2021;17:43:00;39;Acidente com vítima;283,199;BR-393/RJ;Crescente;Acidentes de outra natureza;;;;1;;;;;;;1;;1;;
10/10/2021;18:29:00;41;Acidente sem vítima;177;BR-393/RJ;Crescente;Colisão com veículos (traseira);2;;;;;;;;;;2;;;;
11/10/2021;09:23:00;24;Acidente com vítima;251;BR-393/RJ;Crescente;Colisão com veículos (traseira);2;;;;;;;;;;1;1;;;
11/10/2021;10:48:00;32;Acidente com vítima;257,8;BR-393/RJ;Crescente;Colisão c/ obstáculos;1;;;;;;;;;;0;1;;;
11/10/2021;11:20:00;34;Acidente com vítima;218,6;BR-393/RJ;Crescente;Saídas de pista;1;;;;;;;;;;0;1;;;
11/10/2021;14:32:00;43;Acidente com vítima;257,899;BR-393/RJ;Crescente;Colisão c/ obstáculos;1;;;;;;;;;;0;1;;;
13/10/2021;14:55:00;43;Acidente sem vítima;232,199;BR-393/RJ;Crescente;Colisão com veículos (traseira);1;;;;;;;;;1;7;;;;
16/10/2021;22:29:00;55;Acidente com vítima;213;BR-393/RJ;Crescente;Saídas de pista;;;1;;;;;;;;0;1;;;
17/10/2021;11:29:00;29;Acidente com vítima;212,301;BR-393/RJ;Crescente;Acidentes de outra natureza;;;;1;;;;;;;0;1;;;
17/10/2021;18:57:00;54;Acidente sem vítima;266;BR-393/RJ;Decrescente;Colisão lateral no mesmo sentido;1;;;;;;;;;1;4;;;;
18/10/2021;14:43:00;53;Acidente com vítima;226;BR-393/RJ;Crescente;Tombamento;;;1;;;;;;;;0;1;;;
18/10/2021;17:09:00;56;Acidente sem vítima;181;BR-393/RJ;Crescente;Saídas de pista;1;;;;;;;;;;1;;;;
18/10/2021;17:22:00;57;Acidente com vítima;284,3;BR-393/RJ;Crescente;Colisão com veículos (traseira);2;;;;;;;;;;0;2;;;
18/10/2021;17:44:00;58;Acidente com vítima;198;BR-393/RJ;Crescente;Capotamento;1;;;;;;;;;;0;;2;;
19/10/2021;02:48:00;13;Acidente sem vítima;263,4;BR-393/RJ;Crescente;Atropelamento de animais;;;1;;;;;;;;1;;;;
19/10/2021;18:22:00;63;Acidente sem vítima;285,3;BR-393/RJ;Decrescente;Colisão com veículos (traseira);2;;;;;;;;;;3;;;;
20/10/2021;03:34:00;11;Acidente com vítima;197,5;BR-393/RJ;Crescente;Colisão c/ obstáculos;;;1;;;;;;;;0;1;;;
20/10/2021;12:04:00;32;Acidente com vítima;281;BR-393/RJ;Decrescente;Acidentes de outra natureza;1;;;1;;;;;;;1;;1;;
21/10/2021;05:27:00;16;Acidente sem vítima;249,1;BR-393/RJ;Crescente;Colisão lateral no sentido contrário;1;;1;;;;;;;;3;;;;
24/10/2021;11:46:00;35;Acidente sem vítima;274;BR-393/RJ;Crescente;Saídas de pista;1;;;;;;;;;;5;;;;
24/10/2021;12:18:00;36;Acidente com vítima;136,5;BR-393/RJ;Crescente;Colisão com veículos (frontal);1;;1;;;;;;;;0;1;1;1;
26/10/2021;07:54:00;24;Acidente com vítima;282;BR-393/RJ;Crescente;Engavetamento;1;;1;;;;;;;1;1;4;;;
26/10/2021;17:15:00;70;Acidente sem vítima;162,099;BR-393/RJ;Decrescente;Saídas de pista;1;;;;;;;;;;1;;;;
27/10/2021;14:54:00;50;Atropelamento sem morte;218,6;BR-393/RJ;Crescente;Atropelamento de pedestre;;;1;;;;;;;;0;1;;1;
29/10/2021;06:14:00;15;Acidente sem vítima;239,3;BR-393/RJ;Decrescente;Saídas de pista;1;;;;;;;;;;2;;;;
29/10/2021;13:46:00;41;Acidente sem vítima;124;BR-393/RJ;Crescente;Colisão com veículos (traseira);1;;1;;;;;;;;5;;;;
29/10/2021;21:00:00;62;Acidente com vítima;283,8;BR-393/RJ;Crescente;Colisão com veículos (traseira);2;;;1;;;;;;;3;;;1;
29/10/2021;21:56:00;63;Acidente com vítima;283,5;BR-393/RJ;Crescente;Colisão com veículos (traseira);1;;;1;;;;;;;1;1;;;
30/10/2021;13:02:00;38;Acidente sem vítima;250,9;BR-393/RJ;Decrescente;Colisão com veículos (traseira);1;;1;;;;;;;;3;;;;
31/10/2021;02:16:00;8;Acidente com morte;172,2;BR-393/RJ;Crescente;Colisão c/ obstáculos;;;1;;;;;;;;0;1;;;1
31/10/2021;19:01:00;41;Acidente sem vítima;284;BR-393/RJ;Crescente;Saídas de pista;1;;;;;;;;;;2;;;;
01/11/2021;08:16:00;18;Acidente com vítima;151,8;BR-393/RJ;Crescente;Tombamento;;;1;;;;;;;;0;1;;;
01/11/2021;12:06:00;25;Acidente com vítima;161,9;BR-393/RJ;Decrescente;Colisão c/ obstáculos;1;;;;;;;;;;0;2;;;
01/11/2021;19:33:00;67;Acidente sem vítima;179,8;BR-393/RJ;Crescente;Saídas de pista;1;;;;;;;;;;1;;;;
02/11/2021;06:38:00;37;Acidente com vítima;168,2;BR-393/RJ;Decrescente;Colisão lateral no mesmo sentido;;;;1;;;;;;1;1;1;;;
02/11/2021;16:25:00;69;Acidente com vítima;200,199;BR-393/RJ;Decrescente;Acidentes de outra natureza;1;;1;;;;;;;;2;1;;;
02/11/2021;18:31:00;80;Acidente com vítima;279;BR-393/RJ;Crescente;Acidentes de outra natureza;;;;1;;;;;;;0;;1;;
03/11/2021;20:45:00;62;Acidente sem vítima;281,3;BR-393/RJ;Crescente;Colisão lateral no mesmo sentido;3;;;;;;;;;;6;;;;
05/11/2021;12:15:00;38;Acidente com vítima;261,901;BR-393/RJ;Crescente;Capotamento;1;;;;;;;;;;0;2;;;
05/11/2021;21:51:00;63;Acidente com vítima;239,6;BR-393/RJ;Crescente;Colisão lateral no sentido contrário;1;;1;;;;;;;;1;2;;;
06/11/2021;00:04:00;1;Atropelamento com morte;141,5;BR-393/RJ;Decrescente;Atropelamento de pedestre;;1;1;;;;;;;;1;;;;1
06/11/2021;10:08:00;26;Acidente com vítima;147,599;BR-393/RJ;Decrescente;Colisão c/ obstáculos;;;1;;;;;;;;0;1;;;
06/11/2021;12:30:00;31;Atropelamento sem morte;265,899;BR-393/RJ;Decrescente;Atropelamento de pedestre;1;1;;;;;;;;;1;;1;;
07/11/2021;11:59:00;30;Acidente com vítima;223,5;BR-393/RJ;Decrescente;Colisão com veículos (frontal);1;;1;;;;;;;;0;;2;1;
07/11/2021;11:59:00;33;Acidente sem vítima;222,5;BR-393/RJ;Decrescente;Colisão com veículos (traseira);1;;1;;;;;;;;2;;;;
07/11/2021;19:47:00;42;Acidente com vítima;134,4;BR-393/RJ;Crescente;Colisão lateral no sentido contrário;1;;1;;;;;;;;1;;2;;
08/11/2021;02:48:00;7;Acidente sem vítima;217;BR-393/RJ;Decrescente;Colisão c/ obstáculos;1;;;;;;;;;;3;;;;
09/11/2021;21:28:00;66;Acidente sem vítima;145,099;BR-393/RJ;Decrescente;Saídas de pista;;;1;;;;;;;;0;1;;;
11/11/2021;11:51:00;43;Acidente sem vítima;2,5;Alça Sul;Decrescente;Acidentes de outra natureza;;;1;;;;;;;1;3;;;;
11/11/2021;22:03:00;70;Acidente sem vítima;226,3;BR-393/RJ;Decrescente;Saídas de pista;;;1;;;;;;;;2;;;;
12/11/2021;11:44:00;42;Acidente sem vítima;266;BR-393/RJ;Crescente;Acidentes de outra natureza;;1;;;;;;;;;0;1;;;
13/11/2021;07:02:00;17;Acidente sem vítima;195,5;BR-393/RJ;Decrescente;Saídas de pista;;;1;;;;;;;;1;;;;
13/11/2021;11:52:00;39;Acidente com vítima;259;BR-393/RJ;Decrescente;Colisão com veículos (traseira);;;2;;;;;;;;1;1;;;
13/11/2021;19:55:00;66;Acidente com vítima;104,299;BR-393/RJ;Crescente;Colisão com veículos (traseira);1;;;;;;;;;1;1;2;;;
14/11/2021;00:33:00;2;Acidente com vítima;281,3;BR-393/RJ;Crescente;Acidentes de outra natureza;1;;;1;;;;;;;1;1;;;
14/11/2021;11:34:00;45;Acidente com vítima;281,199;BR-393/RJ;Crescente;Colisão lateral no mesmo sentido;1;;;1;;;;;;;2;1;;;
14/11/2021;20:08:00;65;Acidente com vítima;280,1;BR-393/RJ;Decrescente;Colisão com veículos (frontal);2;;;;;;;;;;4;1;;;
14/11/2021;23:37:00;70;Acidente com vítima;181,599;BR-393/RJ;Crescente;Capotamento;1;;;;;;;;;;0;;1;;
15/11/2021;10:48:00;33;Acidente com vítima;267,1;BR-393/RJ;Crescente;Acidentes de outra natureza;2;;;;;;;;;;0;5;1;;
15/11/2021;12:29:00;37;Acidente sem vítima;103,099;BR-393/RJ;Crescente;Colisão com veículos (traseira);2;;;;;;;;;;4;;;;
16/11/2021;14:14:00;52;Acidente com vítima;106,4;BR-393/RJ;Crescente;Colisão lateral no mesmo sentido;3;;;1;;;;;;;3;;;1;
16/11/2021;19:54:00;64;Acidente com vítima;280,1;BR-393/RJ;Crescente;Atropelamento de pedestre;;;;1;;;;;;;0;;1;1;
18/11/2021;08:41:00;26;Acidente com vítima;177,099;BR-393/RJ;Crescente;Atropelamento de pedestre;1;1;;;;;;;;;1;1;1;;
18/11/2021;15:18:00;59;Acidente com vítima;181,4;BR-393/RJ;Crescente;Acidentes de outra natureza;;;1;;;;;;;;0;1;;;
18/11/2021;21:40:00;71;Acidente sem vítima;252,199;BR-393/RJ;Crescente;Saídas de pista;1;;;;;;;;;;1;;;;
19/11/2021;08:01:00;14;Acidente com vítima;145,8;BR-393/RJ;Crescente;Colisão lateral no sentido contrário;1;;1;;;;;;;;1;1;;1;
19/11/2021;08:04:00;15;Acidente sem vítima;268,399;BR-393/RJ;Crescente;Colisão lateral no mesmo sentido;1;;1;;;;;;;;5;;;;
19/11/2021;19:30:00;52;Acidente sem vítima;283;BR-393/RJ;Crescente;Acidentes de outra natureza;;;;1;;;;;;;1;;;;
20/11/2021;19:23:00;88;Acidente com vítima;256,7;BR-393/RJ;Decrescente;Acidentes de outra natureza;1;;;1;;;;;;;1;1;;;
21/11/2021;13:59:00;47;Acidente com vítima;273,899;BR-393/RJ;Crescente;Tombamento;;;1;;;;;;;;0;;;1;
21/11/2021;21:48:00;61;Acidente com vítima;282,399;BR-393/RJ;Decrescente;Colisão com veículos (traseira);1;;;1;;;;;;;1;;1;;
22/11/2021;14:17:00;51;Acidente sem vítima;222,8;BR-393/RJ;Decrescente;Colisão c/ obstáculos;1;;;;;;;;;;5;;;;
23/11/2021;11:27:00;43;Acidente com vítima;110,2;BR-393/RJ;Decrescente;Tombamento;;;1;;;;;;;;0;1;;;
23/11/2021;14:47:00;55;Acidente com vítima;285,8;BR-393/RJ;Decrescente;Colisão lateral no mesmo sentido;1;;;1;;;;;;;1;1;;;
25/11/2021;19:05:00;49;Acidente com vítima;201;BR-393/RJ;Crescente;Saídas de pista;1;;;;;;;;;;0;1;;;
25/11/2021;19:35:00;51;Acidente com vítima;176,099;BR-393/RJ;Decrescente;Engavetamento;3;;;;;;;;;;0;6;;;
25/11/2021;19:45:00;53;Acidente com vítima;286,199;BR-393/RJ;Decrescente;Engavetamento;4;;;;;;;;;;5;1;;;
26/11/2021;09:38:00;32;Acidente sem vítima;283,399;BR-393/RJ;Crescente;Acidentes de outra natureza;2;;;;;;;;;;3;;;;
27/11/2021;06:46:00;20;Acidente com vítima;214,8;BR-393/RJ;Decrescente;Tombamento;1;;1;;;;;;;;0;6;1;;
27/11/2021;14:26:00;51;Acidente com vítima;238,4;BR-393/RJ;Decrescente;Acidentes de outra natureza;3;;;;;;;;;;2;5;1;;
28/11/2021;08:48:00;30;Acidente com vítima;265;BR-393/RJ;Decrescente;Colisão com veículos (traseira);2;;;;;;;;;;0;5;1;;
28/11/2021;11:40:00;42;Acidente com vítima;280;BR-393/RJ;Decrescente;Colisão com veículos (traseira);2;;;;;;;;;;1;1;;;
29/11/2021;08:00:00;23;Acidente com vítima;168,3;BR-393/RJ;Crescente;Colisão com veículos (traseira);2;;;;;;;;;;1;2;;;
29/11/2021;11:38:00;38;Acidente com vítima;131;BR-393/RJ;Decrescente;Colisão c/ obstáculos;1;;;;;;;;;;0;1;;;
29/11/2021;19:13:00;69;Atropelamento sem morte;176,6;BR-393/RJ;Crescente;Atropelamento de pedestre;;1;;1;;;;;;;0;1;1;;
30/11/2021;07:03:00;25;Acidente com vítima;249,099;BR-393/RJ;Crescente;Acidentes de outra natureza;2;;;;;;;;;;1;2;1;;
30/11/2021;16:48:00;66;Acidente sem vítima;133;BR-393/RJ;Decrescente;Colisão com veículos (frontal);;;1;;;;;;;1;4;;;;
30/11/2021;19:16:00;76;Acidente com vítima;266,699;BR-393/RJ;Decrescente;Acidentes de outra natureza;;;;1;;;;;;;0;1;;;
30/11/2021;20:02:00;79;Acidente sem vítima;254;BR-393/RJ;Decrescente;Colisão lateral no sentido contrário;1;;1;;;;;;;;4;;;;
01/12/2021;11:01:00;50;Acidente com vítima;121,7;BR-393/RJ;Crescente;Tombamento;;;1;;;;;;;;0;1;;;
02/12/2021;19:20:00;61;Acidente com vítima;167,6;BR-393/RJ;Crescente;Colisão com veículos (traseira);1;;1;;;;;;;;2;1;;;
03/12/2021;02:39:00;11;Acidente com vítima;281,3;BR-393/RJ;Decrescente;Acidentes de outra natureza;1;;;1;;;;;;;1;;;1;
03/12/2021;13:42:00;58;Acidente com vítima;140,9;BR-393/RJ;Crescente;Acidentes de outra natureza;;;1;1;;;;;;;1;;;1;
03/12/2021;16:42:00;63;Acidente com vítima;182,299;BR-393/RJ;Crescente;Acidentes de outra natureza;;;;1;;;;;;;0;;1;;
03/12/2021;17:32:00;68;Acidente com vítima;268,1;BR-393/RJ;Crescente;Acidentes de outra natureza;2;;;;;;;;;;1;;2;;
04/12/2021;07:47:00;15;Acidente com vítima;131,4;BR-393/RJ;Decrescente;Tombamento;;;1;;;;;;;;0;;1;;
05/12/2021;03:18:00;6;Acidente sem vítima;243,5;BR-393/RJ;Decrescente;Saídas de pista;1;;;;;;;;;;4;;;;