data;horario;n_da_ocorrencia;tipo_de_ocorrencia;km;trecho;sentido;tipo_de_acidente;automovel;bicicleta;caminhao;moto;onibus;outros;tracao_animal;transporte_de_cargas_especiais;trator_maquinas;utilitarios;ilesos;levemente_feridos;moderadamente_feridos;gravemente_feridos;mortos
18/03/2022;15:27:00;43;Acidente com vítima;182;BR-393/RJ;Crescente;Acidentes de outra natureza;1;;;1;;;;;;;0;2;1;;
19/03/2022;15:21:00;39;Acidente sem vítima;122;BR-393/RJ;Crescente;Colisão com veículos (traseira);;;2;;;;;;;;2;;;;
19/03/2022;20:21:00;50;Acidente sem vítima;103,299;BR-393/RJ;Crescente;Saídas de pista;1;;;;;;;;;;2;;;;
24/03/2022;05:40:00;12;Acidente com vítima;243,599;BR-393/RJ;Decrescente;Saídas de pista;1;;;;;;;;;;0;1;;;
25/03/2022;11:44:00;46;Acidente com vítima;119,9;BR-393/RJ;Decrescente;Capotamento;1;;;;;;;;;;0;1;;;
25/03/2022;20:30:00;65;Acidente com vítima;257,5;BR-393/RJ;Decrescente;Colisão com veículos (frontal);2;;;;;;;;;;1;;;1;
26/03/2022;09:08:00;19;Acidente com vítima;132,9;BR-393/RJ;Decrescente;Colisão com veículos (traseira);1;;1;;;;;;;;2;;1;;
26/03/2022;18:53:00;39;Acidente sem vítima;187,6;BR-393/RJ;Crescente;Saídas de pista;;;1;;;;;;;;1;;;;
30/03/2022;10:10:00;29;Acidente com vítima;256;BR-393/RJ;Decrescente;Capotamento;2;;;;;;;;;;3;2;;;
30/03/2022;18:40:00;51;Acidente sem vítima;285,5;BR-393/RJ;Crescente;Colisão com veículos (traseira);2;;;;;;;;;;3;;;;
01/04/2022;05:52:00;15;Acidente com vítima;254,699;BR-393/RJ;Crescente;Colisão c/ obstáculos;1;;1;;;;;;;;1;;1;;
02/04/2022;11:23:00;23;Acidente com vítima;259,6;BR-393/RJ;Decrescente;Acidentes de outra natureza;3;;;;;;;;;;2;;1;;
03/04/2022;02:25:00;3;Acidente sem vítima;242,4;BR-393/RJ;Crescente;Colisão c/ obstáculos;1;;;;;;;;;;4;;;;
03/04/2022;14:50:00;31;Acidente sem vítima;181,8;BR-393/RJ;Crescente;Colisão c/ obstáculos;1;;;;;;;;;;1;;;;
04/04/2022;08:44:00;18;Acidente sem vítima;168,4;BR-393/RJ;Crescente;Colisão com veículos (traseira);2;;;;;;;;;;2;;;;
05/04/2022;18:10:00;53;Acidente com vítima;106,799;BR-393/RJ;Decrescente;Colisão lateral no mesmo sentido;1;;;1;;;;;;;1;2;;;
06/04/2022;08:34:00;20;Acidente com vítima;114;BR-393/RJ;Decrescente;Tombamento;;;1;;;;;;;;0;;1;;
06/04/2022;08:46:00;22;Atropelamento sem morte;133,199;BR-393/RJ;Crescente;Atropelamento de pedestre;1;;;;;;;;;;0;2;;;
06/04/2022;10:31:00;27;Acidente sem vítima;282;BR-393/RJ;Decrescente;Engavetamento;;;3;;;;;;;;3;;;;
08/04/2022;20:11:00;58;Acidente sem vítima;238;BR-393/RJ;Crescente;Acidentes de outra natureza;1;;1;;;;;;;;5;;;;
09/04/2022;01:19:00;10;Acidente sem vítima;247;BR-393/RJ;Decrescente;Saídas de pista;1;;;;;;;;;;1;;;;
09/04/2022;05:38:00;16;Acidente sem vítima;160;BR-393/RJ;Crescente;Colisão c/ obstáculos;1;;;;;;;;;;1;;;;
09/04/2022;06:00:00;19;Acidente sem vítima;213,6;BR-393/RJ;Decrescente;Acidentes de outra natureza;;;;1;;;;;;;1;;;;
09/04/2022;08:35:00;22;Acidente com vítima;144;BR-393/RJ;Decrescente;Acidentes de outra natureza;;;;1;;;;;;;0;1;;;
09/04/2022;10:34:00;32;Acidente com vítima;114,099;BR-393/RJ;Crescente;Acidentes de outra natureza;;;;1;;;;;;;0;1;;;
09/04/2022;14:30:00;42;Acidente sem vítima;152,099;BR-393/RJ;Crescente;Saídas de pista;1;;;;;;;;;;1;;;;
10/04/2022;11:47:00;21;Acidente com vítima;114;BR-393/RJ;Decrescente;Tombamento;;;1;;;;;;;;0;1;;;
11/04/2022;00:57:00;3;Acidente sem vítima;162,099;BR-393/RJ;Decrescente;Tombamento;;;1;;;;;;;;2;;;;
11/04/2022;08:42:00;25;Acidente com vítima;133,8;BR-393/RJ;Crescente;Engavetamento;2;;1;;;;;;;;8;1;;;
11/04/2022;20:40:00;62;Acidente com vítima;252,5;BR-393/RJ;Crescente;Acidentes de outra natureza;2;;;;;;;;;;1;;2;;
13/04/2022;12:19:00;32;Acidente sem vítima;255,599;BR-393/RJ;Crescente;Engavetamento;3;;;;;;;;;;6;;;;
14/04/2022;08:12:00;18;Acidente sem vítima;239,199;BR-393/RJ;Crescente;Colisão c/ obstáculos;1;;;;;;;;;;1;;;;
14/04/2022;10:05:00;25;Acidente sem vítima;264;BR-393/RJ;Decrescente;Colisão lateral no sentido contrário;2;;;;;;;;;;2;;;;
16/04/2022;16:47:00;43;Acidente com vítima;146,6;BR-393/RJ;Crescente;Capotamento;1;;;;;;;;;;0;2;;;
17/04/2022;04:54:00;15;Acidente com vítima;286;BR-393/RJ;Crescente;Colisão c/ obstáculos;1;;;;;;;;;;1;;1;;
17/04/2022;13:29:00;33;Acidente com vítima;281,2;BR-393/RJ;Crescente;Acidentes de outra natureza;1;;;1;;;;;;;1;;1;;
17/04/2022;14:48:00;38;Acidente com vítima;252,2;BR-393/RJ;Decrescente;Acidentes de outra natureza;2;;;;;;;;;;4;5;;;
17/04/2022;16:57:00;46;Acidente com vítima;219,6;BR-393/RJ;Decrescente;Capotamento;1;;;;;;;;;;0;3;;;
17/04/2022;18:34:00;50;Acidente com vítima;220,8;BR-393/RJ;Decrescente;Acidentes de outra natureza;;;;1;;;;;;;0;1;;1;
19/04/2022;21:25:00;48;Acidente com vítima;175,599;BR-393/RJ;Decrescente;Saídas de pista;1;;;;;;;;;;0;1;;;
20/04/2022;00:32:00;1;Acidente sem vítima;129,199;BR-393/RJ;Crescente;Colisão c/ obstáculos;1;;;;;;;;;;1;;;;
20/04/2022;19:48:00;58;Acidente sem vítima;169,4;BR-393/RJ;Crescente;Atropelamento de animais;1;;;;;;;;;;2;;;;
22/04/2022;18:31:00;38;Acidente com vítima;279,599;BR-393/RJ;Decrescente;Acidentes de outra natureza;1;;;1;;;;;;;1;;2;;
23/04/2022;14:16:00;42;Acidente com vítima;140,8;BR-393/RJ;Crescente;Acidentes de outra natureza;;;1;1;;;;;;;1;;;1;
24/04/2022;06:18:00;17;Acidente com vítima;120,2;BR-393/RJ;Crescente;Saídas de pista;1;;;;;;;;;;0;1;;;
24/04/2022;06:39:00;18;Acidente com morte;122,2;BR-393/RJ;Decrescente;Saídas de pista;;;1;;;;;;;;0;;;;1
24/04/2022;10:37:00;24;Acidente sem vítima;118,4;BR-393/RJ;Crescente;Capotamento;1;;;;;;;;;;1;;;;
24/04/2022;18:51:00;44;Acidente com morte;171,5;BR-393/RJ;Decrescente;Acidentes de outra natureza;2;;;;;;;;;;1;1;;3;1
26/04/2022;10:03:00;22;Acidente com vítima;286;BR-393/RJ;Crescente;Colisão com veículos (traseira);2;;;;;;;;;;0;2;;;
27/04/2022;01:49:00;2;Acidente com vítima;176,4;BR-393/RJ;Crescente;Atropelamento de animais;;;;;;;;;;1;0;;1;;
29/04/2022;09:38:00;34;Acidente sem vítima;284,899;BR-393/RJ;Crescente;Engavetamento;3;;;;;;;;;;4;;;;
29/04/2022;14:40:00;51;Acidente sem vítima;153,7;BR-393/RJ;Crescente;Engavetamento;4;;;;;;;;;;3;1;;;
29/04/2022;18:34:00;65;Acidente com vítima;285,3;BR-393/RJ;Decrescente;Colisão com veículos (traseira);;;1;;1;;;;;;2;1;;;
30/04/2022;14:23:00;30;Acidente com vítima;276,4;BR-393/RJ;Crescente;Acidentes de outra natureza;1;;1;;;;;;;;4;1;;;
30/04/2022;15:28:00;32;Acidente com vítima;238,5;BR-393/RJ;Crescente;Acidentes de outra natureza;1;;;1;;;;;;;5;1;;;
02/05/2022;07:56:00;17;Acidente com vítima;239,3;BR-393/RJ;Crescente;Colisão com veículos (frontal);1;;1;;;;;;;;1;;1;;
02/05/2022;12:31:00;38;Acidente com vítima;121;BR-393/RJ;Crescente;Colisão c/ obstáculos;1;;;;;;;;;;0;2;2;;
03/05/2022;07:37:00;17;Acidente com vítima;171,599;BR-393/RJ;Decrescente;Acidentes de outra natureza;2;;;;;;;;;;1;1;;;
03/05/2022;20:49:00;58;Acidente com vítima;281,199;BR-393/RJ;Decrescente;Acidentes de outra natureza;1;;;1;;;;;;;1;;1;;
04/05/2022;17:25:00;57;Acidente com vítima;279;BR-393/RJ;Crescente;Colisão com veículos (traseira);1;;1;;;;;;;;1;2;;;
06/05/2022;22:14:00;52;Acidente sem vítima;279,699;BR-393/RJ;Decrescente;Colisão com veículos (traseira);;;;1;;;;;;1;3;;;;
07/05/2022;04:53:00;13;Acidente com vítima;285,1;BR-393/RJ;Decrescente;Colisão c/ obstáculos;1;;;;;;;;;;0;;1;;
08/05/2022;09:35:00;15;Acidente sem vítima;254,4;BR-393/RJ;Decrescente;Saídas de pista;1;;;;;;;;;;3;;;;
08/05/2022;15:44:00;31;Acidente com vítima;232;BR-393/RJ;Crescente;Acidentes de outra natureza;1;;;1;;;;;;;0;2;;;
08/05/2022;17:39:00;40;Acidente sem vítima;139,199;BR-393/RJ;Decrescente;Saídas de pista;1;;;;;;;;;;0;1;;;
09/05/2022;06:52:00;16;Acidente com vítima;238,4;BR-393/RJ;Decrescente;Acidentes de outra natureza;1;;1;;;;;;;;2;2;1;;
09/05/2022;11:42:00;36;Acidente sem vítima;122,599;BR-393/RJ;Crescente;Tombamento;;;1;;;;;;;;1;;;;
09/05/2022;17:03:00;48;Acidente com vítima;155;BR-393/RJ;Decrescente;Acidentes de outra natureza;;;;1;;;;;;;0;2;;;
09/05/2022;17:52:00;54;Acidente com vítima;182,4;BR-393/RJ;Decrescente;Colisão lateral no mesmo sentido;1;;;1;;;;;;;5;1;;;
10/05/2022;10:47:00;32;Acidente sem vítima;196,6;BR-393/RJ;Crescente;Colisão lateral no sentido contrário;2;;;;;;;;;;2;1;;;
11/05/2022;16:03:00;43;Acidente com vítima;151,8;BR-393/RJ;Crescente;Tombamento;;;1;;;;;;;;0;1;;;
11/05/2022;17:55:00;48;Acidente sem vítima;282,399;BR-393/RJ;Decrescente;Colisão com veículos (traseira);1;;1;;;;;;;;3;;;;
12/05/2022;12:31:00;39;Acidente sem vítima;170,199;BR-393/RJ;Decrescente;Engavetamento;3;;;;;;;;;;6;;;;
12/05/2022;12:41:00;43;Acidente com vítima;168,599;BR-393/RJ;Decrescente;Colisão com veículos (traseira);1;;1;;;;;;;;0;4;;;
13/05/2022;09:57:00;29;Acidente sem vítima;185,199;BR-393/RJ;Decrescente;Colisão c/ obstáculos;1;;;;;;;;;;1;;;;
13/05/2022;17:12:00;55;Acidente com vítima;187;BR-393/RJ;Decrescente;Atropelamento de animais;;;;1;;;;;;;0;1;1;;
13/05/2022;17:46:00;56;Acidente com vítima;178,3;BR-393/RJ;Crescente;Atropelamento de animais;;;;1;;;;;;1;1;2;;;
14/05/2022;06:57:00;14;Acidente com vítima;284,7;BR-393/RJ;Crescente;Colisão c/ obstáculos;1;;;;;;;;;;0;1;;;
14/05/2022;08:45:00;16;Acidente com vítima;251;BR-393/RJ;Crescente;Colisão lateral no mesmo sentido;2;;;;;;;;;;1;1;1;;
14/05/2022;16:30:00;35;Acidente com vítima;109,7;BR-393/RJ;Decrescente;Acidentes de outra natureza;;;;1;;;;;;;0;;1;;
14/05/2022;19:46:00;43;Acidente com vítima;182,4;BR-393/RJ;Crescente;Colisão c/ obstáculos;1;;;;;;;;;1;1;;1;;
15/05/2022;22:37:00;44;Acidente com vítima;280,1;BR-393/RJ;Decrescente;Colisão com veículos (traseira);;;;2;;;;;;;0;2;1;;
16/05/2022;21:23:00;52;Acidente sem vítima;284,199;BR-393/RJ;Decrescente;Colisão lateral no mesmo sentido;1;;;;;;;;;1;2;;;;
16/05/2022;22:57:00;55;Acidente com morte;0,399;BR-393/RJ;Crescente;Colisão com veículos (frontal);;;;2;;;;;;;0;;;;2
18/05/2022;08:43:00;19;Acidente sem vítima;124,4;BR-393/RJ;Decrescente;Tombamento;;;1;;;;;;;;1;;;;
18/05/2022;09:48:00;24;Acidente com vítima;286;BR-393/RJ;Decrescente;Colisão c/ obstáculos;;;1;1;;;;;;;2;;1;;
18/05/2022;12:25:00;30;Acidente sem vítima;178,4;BR-393/RJ;Decrescente;Engavetamento;3;;;;;;;;;;3;;;;
19/05/2022;09:49:00;30;Acidente com vítima;238,4;BR-393/RJ;Decrescente;Acidentes de outra natureza;1;;;1;;;;;;;2;1;;;
20/05/2022;07:35:00;15;Acidente com vítima;133;BR-393/RJ;Decrescente;Acidentes de outra natureza;2;;1;;;;;;;;3;1;;;
20/05/2022;12:38:00;30;Acidente sem vítima;238,501;BR-393/RJ;Decrescente;Acidentes de outra natureza;1;;1;;;;;;;;6;;;;
20/05/2022;17:50:00;48;Acidente com vítima;103;BR-393/RJ;Decrescente;Acidentes de outra natureza;1;;;;1;;;;;;0;5;;1;
21/05/2022;19:31:00;33;Acidente sem vítima;280,1;BR-393/RJ;Crescente;Colisão com veículos (traseira);1;;;;;;;;;1;8;;;;
22/05/2022;19:52:00;37;Acidente sem vítima;284;BR-393/RJ;Crescente;Colisão com veículos (frontal);2;;;;;;;;;;5;;;;
23/05/2022;08:08:00;21;Acidente com vítima;209,9;BR-393/RJ;Decrescente;Colisão com veículos (traseira);;;2;;;;;;;;1;2;;;
24/05/2022;14:53:00;37;Atropelamento sem morte;235,9;BR-393/RJ;Crescente;Atropelamento de pedestre;;1;;1;;;;;;;0;;1;1;
25/05/2022;08:16:00;18;Acidente sem vítima;155;BR-393/RJ;Crescente;Colisão c/ obstáculos;1;;;;;;;;;;1;;;;
25/05/2022;14:48:00;31;Acidente com vítima;114;BR-393/RJ;Decrescente;Tombamento;;;1;;;;;;;;0;1;;;
25/05/2022;18:40:00;44;Acidente sem vítima;282,199;BR-393/RJ;Crescente;Acidentes de outra natureza;1;;;1;;;;;;;4;;;;
26/05/2022;04:12:00;11;Acidente com vítima;218,4;BR-393/RJ;Decrescente;Colisão com veículos (frontal);1;;1;;;;;;;;0;1;;2;
26/05/2022;06:54:00;13;Acidente sem vítima;280,899;BR-393/RJ;Crescente;Colisão lateral no mesmo sentido;2;;;;;;;;;;2;;;;
26/05/2022;09:06:00;15;Acidente com vítima;240,4;BR-393/RJ;Crescente;Acidentes de outra natureza;;;;1;;;;;;;0;1;;;
27/05/2022;10:46:00;28;Acidente sem vítima;243,4;BR-393/RJ;Crescente;Colisão com veículos (traseira);;;3;;;;;;;;3;;;;
27/05/2022;20:14:00;62;Acidente com vítima;147,57;BR-393/RJ;Crescente;Capotamento;1;;;;;;;;;;0;2;;;
28/05/2022;07:06:00;18;Acidente com vítima;121,5;BR-393/RJ;Decrescente;Tombamento;;;1;;;;;;;;0;;1;;
28/05/2022;11:10:00;31;Acidente com vítima;238,4;BR-393/RJ;Decrescente;Capotamento;1;;;;;;;;;;3;;;1;
30/05/2022;07:44:00;15;Acidente sem vítima;283;BR-393/RJ;Crescente;Colisão com veículos (traseira);2;;;;;;;;;;3;;;;
30/05/2022;08:00:00;16;Acidente sem vítima;281;BR-393/RJ;Crescente;Colisão com veículos (traseira);2;;;;;;;;;;2;;;;
30/05/2022;19:46:00;46;Acidente com vítima;283,399;BR-393/RJ;Decrescente;Colisão lateral no mesmo sentido;1;;;1;;;;;;;2;1;;;
01/06/2022;03:58:00;13;Acidente sem vítima;170,9;BR-393/RJ;Decrescente;Saídas de pista;;;1;;;;;;;;1;;;;
01/06/2022;08:25:00;21;Acidente com vítima;234,5;BR-393/RJ;Decrescente;Acidentes de outra natureza;1;;;1;;;;;;;1;1;;;
01/06/2022;11:49:00;39;Acidente com vítima;121,5;BR-393/RJ;Crescente;Colisão c/ obstáculos;1;;;;;;;;;;0;2;;;
01/06/2022;13:52:00;41;Acidente com vítima;285,6;BR-393/RJ;Decrescente;Colisão com veículos (traseira);1;;;1;;;;;;;1;;1;;
03/06/2022;20:52:00;63;Acidente com vítima;280,899;BR-393/RJ;Decrescente;Acidentes de outra natureza;1;;;1;;;;;;;1;;1;;
04/06/2022;20:43:00;60;Acidente sem vítima;3;BR-393/RJ;Crescente;Atropelamento de animais;1;;;;;;;;;;3;;;;
04/06/2022;21:57:00;61;Acidente com vítima;280;BR-393/RJ;Crescente;Acidentes de outra natureza;1;;;1;;;;;;;2;;1;;
05/06/2022;07:01:00;13;Acidente com vítima;142,6;BR-393/RJ;Decrescente;Colisão lateral no sentido contrário;1;;1;1;;;;;;;2;2;;;
05/06/2022;17:56:00;31;Acidente sem vítima;285,399;BR-393/RJ;Crescente;Colisão lateral no mesmo sentido;1;;;1;;;;;;;6;;;;
06/06/2022;06:16:00;18;Acidente com morte;256,6;BR-393/RJ;Crescente;Colisão com veículos (frontal);1;;1;;;;;;;;0;1;;;1
06/06/2022;08:35:00;22;Acidente sem vítima;180,599;BR-393/RJ;Crescente;Colisão lateral no mesmo sentido;2;;;;;;;;;;2;;;;
06/06/2022;08:56:00;23;Acidente com vítima;243;BR-393/RJ;Decrescente;Saídas de pista;1;;;;;;;;;;1;1;;;
08/06/2022;07:47:00;17;Acidente sem vítima;284;BR-393/RJ;Decrescente;Colisão com veículos (traseira);2;;;;;;;;;;2;;;;
08/06/2022;13:46:00;36;Acidente sem vítima;236,199;BR-393/RJ;Crescente;Colisão c/ obstáculos;1;;;;;;;;;;2;;;;
09/06/2022;18:42:00;45;Acidente com vítima;3;BR-393/RJ;Crescente;Colisão com veículos (traseira);1;;;1;;;;;;;0;2;;;
10/06/2022;15:09:00;33;Atropelamento sem morte;132;BR-393/RJ;Decrescente;Atropelamento de pedestre;;;;1;;;;;;;0;2;;;
10/06/2022;18:35:00;41;Acidente com vítima;1,199;BR-393/RJ;Crescente;Atropelamento de animais;1;;;1;;;;;;;0;5;;;
10/06/2022;19:25:00;44;Acidente com vítima;280,1;BR-393/RJ;Crescente;Acidentes de outra natureza;1;;;1;;;;;;;1;;1;;
10/06/2022;20:37:00;48;Acidente sem vítima;286;BR-393/RJ;Decrescente;Engavetamento;4;;;;;;;;;;4;;;;
12/06/2022;05:46:00;19;Acidente com vítima;282,9;BR-393/RJ;Decrescente;Colisão com veículos (frontal);1;;;1;;;;;;;0;3;1;;
12/06/2022;11:00:00;30;Acidente com vítima;258,1;BR-393/RJ;Crescente;Colisão lateral no mesmo sentido;2;;;;;;;;;;3;;1;;
12/06/2022;13:16:00;37;Acidente com vítima;168,2;BR-393/RJ;Decrescente;Colisão com veículos (traseira);;;1;1;;;;;;;1;;1;;
12/06/2022;23:20:00;61;Acidente com vítima;103,7;BR-393/RJ;Decrescente;Acidentes de outra natureza;;;;1;;;;;;;0;1;1;;
13/06/2022;00:55:00;7;Acidente com vítima;143,599;BR-393/RJ;Decrescente;Saídas de pista;1;;;;;;;;;;0;1;;;
13/06/2022;13:05:00;36;Acidente com vítima;162,099;BR-393/RJ;Decrescente;Tombamento;;;1;;;;;;;;0;1;;;
14/06/2022;14:16:00;38;Acidente sem vítima;233,8;BR-393/RJ;Decrescente;Acidentes de outra natureza;2;;;;;;;;;;3;;;;
15/06/2022;06:38:00;19;Acidente com vítima;221,099;BR-393/RJ;Decrescente;Tombamento;;;1;;;;;;;;0;1;;;
15/06/2022;13:42:00;40;Acidente com vítima;281,199;BR-393/RJ;Crescente;Colisão com veículos (traseira);1;;1;;;;;;;;1;2;;;
17/06/2022;06:19:00;13;Acidente com vítima;182;BR-393/RJ;Crescente;Colisão lateral no mesmo sentido;1;;1;;;;;;;;2;1;;;
17/06/2022;09:40:00;21;Acidente sem vítima;174,199;BR-393/RJ;Decrescente;Colisão c/ obstáculos;1;;;;;;;;;;1;;;;
17/06/2022;11:11:00;24;Acidente com vítima;279,699;BR-393/RJ;Crescente;Colisão com veículos (traseira);2;;;;;;;;;;1;4;;;
17/06/2022;14:52:00;32;Acidente com vítima;286,001;BR-393/RJ;Decrescente;Acidentes de outra natureza;;;1;1;;;;;;;1;1;;;
17/06/2022;17:33:00;37;Acidente sem vítima;284,899;BR-393/RJ;Decrescente;Colisão lateral no mesmo sentido;1;;1;;;;;;;;3;;;;
17/06/2022;18:18:00;38;Acidente com vítima;168,3;BR-393/RJ;Crescente;Acidentes de outra natureza;;;;1;;;;;;1;3;;1;;
18/06/2022;09:05:00;23;Acidente sem vítima;157;BR-393/RJ;Decrescente;Colisão com veículos (traseira);1;;;1;;;;;;;3;;;;
19/06/2022;10:17:00;20;Acidente com vítima;171,6;BR-393/RJ;Decrescente;Colisão lateral no mesmo sentido;1;;;1;;;;;;;1;2;;;
20/06/2022;18:30:00;58;Acidente com vítima;102,9;BR-393/RJ;Crescente;Acidentes de outra natureza;1;;;1;;;;;;;1;;2;;
21/06/2022;18:29:00;52;Acidente sem vítima;268,1;BR-393/RJ;Decrescente;Colisão lateral no mesmo sentido;1;;1;;;;;;;;2;;;;
21/06/2022;20:43:00;58;Acidente com vítima;172,599;BR-393/RJ;Crescente;Atropelamento de pedestre;;;;1;;;;;;;1;;1;2;
23/06/2022;08:53:00;26;Acidente sem vítima;286;BR-393/RJ;Crescente;Engavetamento;3;;;;;;;;;;3;;;;
23/06/2022;13:06:00;41;Acidente com vítima;2,1;BR-393/RJ;Crescente;Acidentes de outra natureza;;;1;1;;;;;;;1;1;;;
23/06/2022;16:58:00;47;Acidente sem vítima;282,6;BR-393/RJ;Crescente;Colisão com veículos (traseira);1;;1;;;;;;;;2;;;;
23/06/2022;17:03:00;48;Acidente sem vítima;282,5;BR-393/RJ;Crescente;Colisão com veículos (traseira);2;;;;;;;;;;2;;;;
24/06/2022;07:34:00;19;Acidente sem vítima;168,6;BR-393/RJ;Decrescente;Tombamento;;;1;;;;;;;;1;;;;
25/06/2022;05:13:00;13;Acidente sem vítima;103,6;BR-393/RJ;Crescente;Tombamento;;;1;;;;;;;;1;;;;
25/06/2022;06:16:00;16;Acidente com vítima;246;BR-393/RJ;Decrescente;Colisão c/ obstáculos;1;;;;;;;;;;5;1;;;
25/06/2022;07:04:00;17;Acidente sem vítima;252,099;BR-393/RJ;Decrescente;Engavetamento;3;;1;;;;;;;;4;;;;
25/06/2022;10:21:00;25;Acidente com vítima;162,099;BR-393/RJ;Decrescente;Tombamento;;;1;;;;;;;;0;;;1;
25/06/2022;21:10:00;52;Acidente com vítima;106,4;BR-393/RJ;Decrescente;Colisão com veículos (traseira);1;;;1;1;;;;;;39;;1;;
26/06/2022;07:25:00;15;Acidente sem vítima;244,5;BR-393/RJ;Crescente;Saídas de pista;1;;;;;;;;;;1;;;;
26/06/2022;22:07:00;43;Acidente sem vítima;129,199;BR-393/RJ;Crescente;Atropelamento de animais;;;1;;;;;;;;1;;;;
27/06/2022;13:48:00;41;Acidente sem vítima;284,199;BR-393/RJ;Decrescente;Colisão com veículos (traseira);1;;1;;;;;;;;2;;;;
28/06/2022;08:04:00;20;Acidente sem vítima;106,022;BR-393/RJ;Decrescente;Colisão lateral no sentido contrário;2;;;;;;;;;;2;;;;
28/06/2022;14:51:00;47;Acidente com vítima;132;BR-393/RJ;Decrescente;Colisão lateral no sentido contrário;1;;;1;;;;;;;1;;1;;
29/06/2022;04:07:00;10;Acidente sem vítima;120,599;BR-393/RJ;Crescente;Saídas de pista;;;1;;;;;;;;1;;;;
29/06/2022;15:17:00;37;Acidente com vítima;141,8;BR-393/RJ;Crescente;Engavetamento;3;;;;;;;;;;3;2;;;
29/06/2022;15:19:00;38;Acidente com vítima;243,8;BR-393/RJ;Crescente;Colisão c/ obstáculos;1;;;;;;;;;;0;1;;;
30/06/2022;04:11:00;13;Acidente com vítima;177,4;BR-393/RJ;Decrescente;Saídas de pista;1;;;;;;;;;;0;2;1;;
30/06/2022;04:44:00;14;Acidente sem vítima;203,3;BR-393/RJ;Decrescente;Colisão com veículos (traseira);;;3;;;;;;;;4;;;;
30/06/2022;05:45:00;15;Acidente com vítima;285,001;BR-393/RJ;Crescente;Acidentes de outra natureza;;;1;1;;;;;;;1;;;1;
30/06/2022;18:54:00;62;Acidente com vítima;102,2;BR-393/RJ;Crescente;Colisão com veículos (traseira);1;;;1;;;;;;;1;1;1;;
01/07/2022;10:19:00;26;Acidente com vítima;106,2;BR-393/RJ;Crescente;Engavetamento;1;;;1;;;;;;;1;1;1;;
01/07/2022;16:30:00;44;Acidente sem vítima;195;BR-393/RJ;Decrescente;Atropelamento de pedestre;2;;1;;;;;;;;3;;;;
02/07/2022;17:08:00;50;Atropelamento sem morte;285,699;BR-393/RJ;Crescente;Saídas de pista;1;;;;;;;;;;1;;1;;
04/07/2022;04:29:00;16;Acidente com vítima;143,698;BR-393/RJ;Crescente;Colisão com veículos (frontal);;;1;;;;;;;;0;1;;;
04/07/2022;06:23:00;18;Acidente com vítima;272,4;BR-393/RJ;Crescente;Engavetamento;1;;;;1;;;;;;3;1;;1;
04/07/2022;07:20:00;20;Acidente com vítima;167,9;BR-393/RJ;Decrescente;Colisão lateral no mesmo sentido;4;;;;;;;;;;3;1;;;