data;horario;n_da_ocorrencia;tipo_de_ocorrencia;km;trecho;sentido;tipo_de_acidente;automovel;bicicleta;caminhao;moto;onibus;outros;tracao_animal;transporte_de_cargas_especiais;trator_maquinas;utilitarios;ilesos;levemente_feridos;moderadamente_feridos;gravemente_feridos;mortos
04/07/2022;18:17:00;50;Acidente sem vítima;273,899;BR-393/RJ;Crescente;Colisão lateral no sentido contrário;1;;1;;;;;;;;2;;;;
05/07/2022;08:25:00;28;Acidente com vítima;266,3;BR-393/RJ;Crescente;Acidentes de outra natureza;1;;2;;;;;;;;8;1;;;
06/07/2022;10:50:00;32;Acidente com vítima;281,199;BR-393/RJ;Decrescente;Acidentes de outra natureza;1;;;1;;;;;;;1;;1;;
06/07/2022;18:16:00;57;Acidente sem vítima;168,9;BR-393/RJ;Crescente;Colisão com veículos (frontal);2;;;;;;;;;;4;;;;
06/07/2022;21:32:00;62;Acidente com vítima;102,4;BR-393/RJ;Decrescente;Acidentes de outra natureza;2;;;;;;;;;;3;;1;;
07/07/2022;07:07:00;21;Acidente sem vítima;255;BR-393/RJ;Decrescente;Acidentes de outra natureza;2;;;;;;;;;;2;;;;
07/07/2022;18:39:00;57;Acidente com vítima;175;BR-393/RJ;Crescente;Engavetamento;;;;1;;;;;;;0;1;;;
08/07/2022;08:57:00;26;Acidente sem vítima;177,699;BR-393/RJ;Crescente;Colisão com veículos (traseira);;;3;;;;;;;;4;;;;
08/07/2022;10:03:00;28;Acidente sem vítima;212,099;BR-393/RJ;Decrescente;Capotamento;;;2;;;;;;;;2;;;;
10/07/2022;00:07:00;2;Acidente com vítima;104;BR-393/RJ;Decrescente;Colisão c/ obstáculos;1;;;;;;;;;;0;2;;;
10/07/2022;05:48:00;14;Acidente sem vítima;181,3;BR-393/RJ;Decrescente;Colisão com veículos (frontal);1;;;;;;;;;;1;;;;
11/07/2022;10:29:00;33;Acidente com morte;138,1;BR-393/RJ;Crescente;Acidentes de outra natureza;;;2;;;;;;;;0;;;1;1
14/07/2022;03:01:00;13;Acidente com vítima;235,2;BR-393/RJ;Decrescente;Colisão com veículos (traseira);;;;1;;;;;;;0;2;;;
15/07/2022;11:54:00;31;Acidente sem vítima;154,8;BR-393/RJ;Decrescente;Colisão lateral no mesmo sentido;1;;1;;;;;;;;3;;;;
15/07/2022;13:51:00;36;Acidente sem vítima;245,5;BR-393/RJ;Crescente;Engavetamento;2;;;;;;;;;;3;;;;
15/07/2022;18:14:00;54;Acidente sem vítima;285;BR-393/RJ;Decrescente;Saídas de pista;3;;;;;;;;;;3;;;;
16/07/2022;02:36:00;5;Acidente sem vítima;229,8;BR-393/RJ;Crescente;Colisão com veículos (traseira);1;;;;;;;;;;1;;;;
17/07/2022;10:29:00;19;Acidente com vítima;177,699;BR-393/RJ;Decrescente;Colisão com veículos (traseira);1;;1;;;;;;;;1;1;;;
17/07/2022;14:53:00;28;Acidente sem vítima;265,8;BR-393/RJ;Decrescente;Capotamento;2;;;;;;;;;;10;;;;
17/07/2022;21:26:00;48;Acidente sem vítima;172,3;BR-393/RJ;Crescente;Capotamento;1;;;;;;;;;;2;;;;
18/07/2022;13:42:00;36;Acidente sem vítima;255;BR-393/RJ;Crescente;Acidentes de outra natureza;;;1;;;;;;;1;3;;;;
19/07/2022;10:11:00;29;Acidente com vítima;283,6;BR-393/RJ;Crescente;Engavetamento;;1;;1;;;;;;;1;1;;;
19/07/2022;10:46:00;31;Acidente sem vítima;195;BR-393/RJ;Decrescente;Colisão lateral no sentido contrário;2;;1;;;;;;;;3;;;;
20/07/2022;06:43:00;19;Acidente sem vítima;122,2;BR-393/RJ;Decrescente;Colisão com veículos (frontal);1;;1;;;;;;;;3;;;;
20/07/2022;13:29:00;44;Acidente com vítima;102,7;BR-393/RJ;Decrescente;Acidentes de outra natureza;1;;1;;;;;;;;0;1;;2;
20/07/2022;17:13:00;53;Acidente com vítima;171,599;BR-393/RJ;Crescente;Colisão com veículos (frontal);;;;1;;;;;;;0;1;;;
21/07/2022;16:52:00;60;Acidente com vítima;142,199;BR-393/RJ;Decrescente;Colisão com veículos (frontal);1;;;1;;;;;;;1;1;;;
22/07/2022;07:52:00;17;Acidente com morte;263,899;BR-393/RJ;Crescente;Acidentes de outra natureza;;;;1;;;;;;1;1;1;;;1
23/07/2022;18:48:00;48;Acidente com vítima;203,199;BR-393/RJ;Decrescente;Acidentes de outra natureza;;;;1;;;;;;;0;;1;;
24/07/2022;06:49:00;22;Acidente sem vítima;143,7;BR-393/RJ;Crescente;Colisão c/ obstáculos;;;;1;;;;;;;1;1;;;
24/07/2022;16:13:00;50;Acidente sem vítima;163,5;BR-393/RJ;Crescente;Saídas de pista;;;1;;;;;;;;1;;;;
24/07/2022;18:24:00;60;Acidente sem vítima;108,4;BR-393/RJ;Crescente;Colisão com veículos (traseira);1;;;;;;;;;;1;;;;
25/07/2022;09:20:00;22;Acidente sem vítima;285,5;BR-393/RJ;Crescente;Colisão c/ obstáculos;2;;;;;;;;;;2;;;;
27/07/2022;02:57:00;12;Acidente com vítima;169;BR-393/RJ;Decrescente;Acidentes de outra natureza;1;;;;;;;;;;0;1;;;
29/07/2022;08:37:00;18;Acidente sem vítima;235,099;BR-393/RJ;Crescente;Engavetamento;2;;;;;;;;;;3;;;;
29/07/2022;09:06:00;20;Acidente com vítima;168;BR-393/RJ;Crescente;Engavetamento;3;;;;;;;;;;3;1;;;
29/07/2022;09:42:00;22;Acidente com vítima;114,2;BR-393/RJ;Decrescente;Tombamento;;;1;;;;;;;;0;3;1;;
29/07/2022;18:23:00;49;Acidente sem vítima;191;BR-393/RJ;Decrescente;Colisão c/ obstáculos;1;;1;;;;;;;;4;;;;
30/07/2022;04:06:00;11;Acidente sem vítima;285,199;BR-393/RJ;Decrescente;Saídas de pista;1;;;;;;;;;;3;;;;
30/07/2022;05:35:00;12;Acidente sem vítima;242,099;BR-393/RJ;Decrescente;Colisão c/ obstáculos;1;;;;;;;;;;2;;;;
30/07/2022;16:45:00;33;Acidente com vítima;258;BR-393/RJ;Crescente;Saídas de pista;;;;;;;;;;1;0;1;;;
31/07/2022;09:12:00;16;Acidente sem vítima;283;BR-393/RJ;Decrescente;Acidentes de outra natureza;1;;;;;;;;;;1;;;;
31/07/2022;15:58:00;29;Acidente com vítima;281;BR-393/RJ;Crescente;Colisão lateral no mesmo sentido;;;;1;;;;;;;0;;1;;
31/07/2022;16:29:00;31;Acidente sem vítima;267;BR-393/RJ;Decrescente;Acidentes de outra natureza;3;;;;;;;;;;5;;;;
31/07/2022;17:18:00;36;Acidente com vítima;238,8;BR-393/RJ;Decrescente;Atropelamento de animais;;;;1;;;;;;;0;;1;;
02/08/2022;15:49:00;51;Acidente com vítima;146,2;BR-393/RJ;Crescente;Colisão lateral no mesmo sentido;1;;;1;;;;;;;1;1;;;
03/08/2022;13:42:00;37;Acidente com vítima;254,099;BR-393/RJ;Crescente;Acidentes de outra natureza;;;;1;;;;;;;0;;1;;
04/08/2022;14:44:00;33;Acidente com vítima;263,6;BR-393/RJ;Decrescente;Tombamento;;;1;1;;;;;;;0;1;1;;
04/08/2022;19:23:00;47;Acidente com vítima;143,699;BR-393/RJ;Decrescente;Tombamento;;;1;;;;;;;;0;1;;;
05/08/2022;09:29:00;24;Acidente sem vítima;232,199;BR-393/RJ;Crescente;Colisão com veículos (traseira);1;;1;;;;;;;;4;;;;
05/08/2022;17:11:00;49;Acidente sem vítima;180;BR-393/RJ;Decrescente;Acidentes de outra natureza;2;;;;;;;;;;3;;;;
05/08/2022;19:30:00;53;Acidente com vítima;235,4;BR-393/RJ;Decrescente;Acidentes de outra natureza;;;;2;;;;;;;0;2;1;;
06/08/2022;06:34:00;20;Acidente com vítima;114,2;BR-393/RJ;Crescente;Colisão c/ obstáculos;;;1;;;;;;;;0;1;;;
08/08/2022;06:51:00;13;Acidente sem vítima;285,199;BR-393/RJ;Decrescente;Colisão lateral no mesmo sentido;1;;;;1;;;;;;2;;;;
09/08/2022;07:26:00;20;Acidente sem vítima;264;BR-393/RJ;Decrescente;Colisão lateral no sentido contrário;2;;;;;;;;;;0;4;;;
09/08/2022;15:52:00;48;Atropelamento sem morte;210,3;BR-393/RJ;Crescente;Atropelamento de pedestre;1;;;;;;;;;;1;;1;;
09/08/2022;18:09:00;54;Atropelamento sem morte;282,1;BR-393/RJ;Decrescente;Atropelamento de pedestre;1;;;;;;;;;;4;1;;;
10/08/2022;09:10:00;22;Acidente sem vítima;224,199;BR-393/RJ;Decrescente;Saídas de pista;1;;;;;;;;;;3;;;;
11/08/2022;01:32:00;6;Acidente com vítima;163,95;BR-393/RJ;Crescente;Tombamento;;;1;;;;;;;;0;1;;;
11/08/2022;06:44:00;16;Acidente sem vítima;178,4;BR-393/RJ;Decrescente;Engavetamento;1;;;2;;;;;;;3;;;;
11/08/2022;11:34:00;41;Acidente sem vítima;104;BR-393/RJ;Crescente;Colisão com veículos (traseira);2;;;;;;;;;;3;;;;
11/08/2022;15:40:00;52;Acidente com vítima;282;BR-393/RJ;Decrescente;Acidentes de outra natureza;1;;;1;;;;;;;1;;;1;
11/08/2022;17:45:00;57;Atropelamento sem morte;237,1;BR-393/RJ;Crescente;Atropelamento - Ciclista;;1;;1;;;;;;;0;2;;1;
11/08/2022;19:06:00;60;Acidente sem vítima;236,7;BR-393/RJ;Decrescente;Acidentes de outra natureza;2;;;;;;;;;;2;;;;
11/08/2022;19:10:00;61;Acidente com vítima;176;BR-393/RJ;Decrescente;Colisão com veículos (traseira);1;;1;;;;;;;;1;1;;;
12/08/2022;04:40:00;12;Acidente sem vítima;189;BR-393/RJ;Decrescente;Atropelamento de animais;;;1;;;;;;;;1;;;;
12/08/2022;18:08:00;45;Acidente com vítima;235,599;BR-393/RJ;Crescente;Acidentes de outra natureza;2;;;;;;;;;;4;2;;;
13/08/2022;12:59:00;32;Acidente sem vítima;256;BR-393/RJ;Crescente;Colisão com veículos (traseira);1;;1;;;;;;;;5;;;;
13/08/2022;19:21:00;53;Acidente com vítima;235,4;BR-393/RJ;Crescente;Colisão com veículos (frontal);1;;;1;;;;;;;5;1;;;
14/08/2022;05:16:00;14;Acidente com vítima;285,3;BR-393/RJ;Decrescente;Capotamento;1;;;;;;;;;;0;1;;;
14/08/2022;13:23:00;40;Acidente com vítima;1,2;Alça Sul;Crescente;Colisão lateral no mesmo sentido;1;;;1;;;;;;;2;1;;;
16/08/2022;01:20:00;7;Acidente com vítima;176,5;BR-393/RJ;Crescente;Atropelamento de animais;;;;1;;;;;;;0;;1;;
16/08/2022;07:51:00;21;Acidente sem vítima;264,3;BR-393/RJ;Decrescente;Colisão lateral no mesmo sentido;1;;1;;;;;;;;3;;;;
16/08/2022;18:13:00;64;Acidente com vítima;268,1;BR-393/RJ;Crescente;Acidentes de outra natureza;1;;;;;;;;;1;1;1;;;
17/08/2022;13:41:00;32;Acidente sem vítima;106;BR-393/RJ;Decrescente;Acidentes de outra natureza;1;;;1;;;;;;;3;;;;
17/08/2022;16:43:00;49;Acidente sem vítima;110,099;BR-393/RJ;Crescente;Saídas de pista;1;;;;;;;;;;1;;;;
17/08/2022;17:07:00;50;Acidente sem vítima;285,99;BR-393/RJ;Decrescente;Colisão com veículos (traseira);2;;;;;;;;;;2;;;;
18/08/2022;17:05:00;61;Acidente sem vítima;175;BR-393/RJ;Decrescente;Tombamento;;;1;;;;;;;;1;;;;
20/08/2022;03:33:00;12;Acidente sem vítima;246;BR-393/RJ;Crescente;Capotamento;1;;;;;;;;;;0;1;;;
20/08/2022;04:12:00;13;Acidente sem vítima;235;BR-393/RJ;Crescente;Acidentes de outra natureza;;;;1;1;;;;;;46;;;;
20/08/2022;06:02:00;15;Acidente sem vítima;250;BR-393/RJ;Crescente;Capotamento;1;;;;;;;;;;1;;;;
20/08/2022;07:18:00;18;Acidente sem vítima;258;BR-393/RJ;Crescente;Saídas de pista;1;;;;;;;;;;1;;;;
20/08/2022;14:54:00;33;Acidente sem vítima;231;BR-393/RJ;Crescente;Acidentes de outra natureza;1;;1;;;;;;;;2;;;;
20/08/2022;22:03:00;61;Acidente com morte;220;BR-393/RJ;Decrescente;Capotamento;1;;;;;;;;;;0;;;;1
21/08/2022;06:27:00;17;Acidente sem vítima;234;BR-393/RJ;Crescente;Saídas de pista;1;;;;;;;;;;1;;;;
23/08/2022;10:49:00;29;Acidente sem vítima;179,9;BR-393/RJ;Crescente;Colisão lateral no mesmo sentido;;;2;;;;;;;;2;;;;
24/08/2022;21:46:00;58;Atropelamento sem morte;256,7;BR-393/RJ;Crescente;Atropelamento de pedestre;;;;;1;;;;;;1;;;1;
25/08/2022;08:25:00;14;Acidente com vítima;124;BR-393/RJ;Crescente;Colisão c/ obstáculos;1;;;;;;;;;;0;1;;;
28/08/2022;05:00:00;15;Acidente com vítima;164,75;BR-393/RJ;Decrescente;Tombamento;;;1;;;;;;;;0;2;;;
28/08/2022;18:56:00;60;Acidente com vítima;256,95;BR-393/RJ;Decrescente;Saídas de pista;1;;;;;;;;;;0;1;;;
28/08/2022;23:52:00;71;Acidente sem vítima;285;BR-393/RJ;Decrescente;Acidentes de outra natureza;2;;;;;;;;;;3;;;;
30/08/2022;22:56:00;67;Atropelamento com morte;146;BR-393/RJ;Crescente;Atropelamento de pedestre;;;1;;;;;;;;0;;;;1
31/08/2022;09:57:00;31;Acidente sem vítima;219,9;BR-393/RJ;Crescente;Saídas de pista;1;;;;;;;;;;2;;;;
31/08/2022;16:03:00;53;Acidente com vítima;236,5;BR-393/RJ;Crescente;Acidentes de outra natureza;1;;;1;;;;;;;2;1;;;
31/08/2022;19:22:00;70;Acidente com vítima;279,9;BR-393/RJ;Crescente;Colisão com veículos (traseira);;;1;1;;;;;;;1;;1;;
31/08/2022;19:35:00;72;Acidente com vítima;123,099;BR-393/RJ;Decrescente;Acidentes de outra natureza;;;;1;;;;;;;0;;1;;
31/08/2022;21:19:00;82;Acidente sem vítima;167;BR-393/RJ;Crescente;Colisão com veículos (traseira);;;;;;;;;;2;2;;;;
01/09/2022;02:24:00;11;Acidente sem vítima;259,3;BR-393/RJ;Crescente;Atropelamento de animais;;;1;;;;;;;;1;;;;
01/09/2022;17:15:00;59;Acidente com vítima;126,299;BR-393/RJ;Crescente;Engavetamento;1;;3;;;;;;;;0;4;;;
02/09/2022;11:51:00;43;Acidente sem vítima;233,099;BR-393/RJ;Decrescente;Colisão com veículos (traseira);;;;;;;;;;2;2;;;;
02/09/2022;15:11:00;55;Acidente sem vítima;238,699;BR-393/RJ;Decrescente;Colisão com veículos (traseira);2;;;;;;;;;;5;;;;
04/09/2022;04:58:00;11;Acidente sem vítima;161,577;BR-393/RJ;Decrescente;Colisão c/ obstáculos;;;;;;;;;;1;1;;;;
04/09/2022;22:26:00;41;Acidente com vítima;187,3;BR-393/RJ;Crescente;Colisão lateral no mesmo sentido;1;;1;;;;;;;;1;1;;;
05/09/2022;00:29:00;4;Acidente com vítima;121,7;BR-393/RJ;Crescente;Saídas de pista;1;;;;;;;;;;2;2;;;
05/09/2022;14:02:00;41;Acidente com vítima;151,8;BR-393/RJ;Crescente;Tombamento;;;1;;;;;;;;0;;1;;
06/09/2022;16:46:00;45;Acidente com vítima;237,099;BR-393/RJ;Crescente;Acidentes de outra natureza;;;1;1;;;;;;;1;;1;;
07/09/2022;11:53:00;20;Acidente com vítima;202,3;BR-393/RJ;Decrescente;Colisão lateral no mesmo sentido;2;;;;;;;;;;1;4;;;
07/09/2022;17:58:00;34;Acidente sem vítima;168,5;BR-393/RJ;Decrescente;Engavetamento;3;;;;;;;;;;5;;;;
08/09/2022;08:09:00;21;Acidente com vítima;253,9;BR-393/RJ;Crescente;Saídas de pista;;;1;;;;;;;;0;1;;;
08/09/2022;13:19:00;43;Acidente com vítima;176,5;BR-393/RJ;Crescente;Engavetamento;4;;;;;;;;;;2;4;;;
08/09/2022;18:33:00;67;Acidente com vítima;175,699;BR-393/RJ;Crescente;Colisão lateral no mesmo sentido;1;;;1;;;;;;;1;2;;;
10/09/2022;19:03:00;54;Acidente com vítima;282,1;BR-393/RJ;Decrescente;Acidentes de outra natureza;1;;;1;;;;;;;1;1;;;
11/09/2022;05:45:00;19;Acidente com vítima;159,9;BR-393/RJ;Crescente;Acidentes de outra natureza;;;;1;;;;;;;0;1;;;
11/09/2022;11:55:00;39;Acidente sem vítima;106;BR-393/RJ;Decrescente;Colisão com veículos (traseira);2;;;;;;;;;;2;;;;
13/09/2022;19:17:00;54;Acidente sem vítima;284,3;BR-393/RJ;Decrescente;Colisão com veículos (traseira);1;;1;;;;;;;;2;;;;
14/09/2022;03:13:00;12;Acidente com morte;177,8;BR-393/RJ;Crescente;Colisão com veículos (traseira);;;2;;;;;;;;3;2;;;1
14/09/2022;06:23:00;15;Acidente com vítima;204;BR-393/RJ;Decrescente;Tombamento;;;1;;;;;;;;0;1;;;
14/09/2022;17:27:00;55;Acidente com vítima;175,599;BR-393/RJ;Decrescente;Acidentes de outra natureza;;;;1;;;;;;;0;2;;;
15/09/2022;19:17:00;63;Acidente sem vítima;253;BR-393/RJ;Crescente;Colisão lateral no mesmo sentido;1;;1;;;;;;;;2;;;;
16/09/2022;09:26:00;23;Acidente com vítima;257,9;BR-393/RJ;Decrescente;Acidentes de outra natureza;1;;1;;;;;;;;1;;1;;
16/09/2022;10:42:00;27;Acidente sem vítima;155,6;BR-393/RJ;Decrescente;Saídas de pista;1;;;;;;;;;;1;;;;
16/09/2022;15:56:00;42;Acidente sem vítima;139,4;BR-393/RJ;Decrescente;Colisão c/ obstáculos;;;1;;;;;;;;3;;;;
16/09/2022;21:08:00;59;Acidente com vítima;234,599;BR-393/RJ;Decrescente;Colisão c/ obstáculos;1;;;;;;;;;;0;1;;;
17/09/2022;02:42:00;12;Acidente com vítima;242,3;BR-393/RJ;Decrescente;Colisão c/ obstáculos;1;;;;;;;;;;1;1;;;
19/09/2022;16:10:00;48;Acidente sem vítima;105,9;BR-393/RJ;Decrescente;Colisão com veículos (traseira);;;2;;;;;;;;3;;;;
19/09/2022;17:25:00;55;Acidente sem vítima;130,099;BR-393/RJ;Crescente;Colisão com veículos (traseira);2;;;;;;;;;;4;;;;
22/09/2022;01:00:00;1;Acidente com vítima;180,65;BR-393/RJ;Decrescente;Colisão lateral no sentido contrário;2;;;;;;;;;;1;2;;;
22/09/2022;05:43:00;12;Acidente com vítima;237,599;BR-393/RJ;Crescente;Capotamento;1;;;;;;;;;;0;1;;;
22/09/2022;08:29:00;15;Acidente sem vítima;281;BR-393/RJ;Crescente;Colisão com veículos (traseira);1;;1;;;;;;;;2;;;;
23/09/2022;15:51:00;39;Acidente com vítima;232;BR-393/RJ;Crescente;Colisão lateral no mesmo sentido;2;;;;;;;;;;5;;1;;
23/09/2022;11:11:00;44;Acidente sem vítima;231,8;BR-393/RJ;Crescente;Colisão com veículos (traseira);1;;1;;;;;;;;1;1;;;
23/09/2022;17:29:00;59;Acidente com vítima;119;BR-393/RJ;Decrescente;Acidentes de outra natureza;;;;1;;;;;;;0;2;;;
24/09/2022;05:45:00;16;Acidente sem vítima;233,7;BR-393/RJ;Crescente;Colisão c/ obstáculos;1;;;;;;;;;;1;;;;
25/09/2022;14:24:00;42;Acidente sem vítima;267,001;BR-393/RJ;Decrescente;Colisão c/ obstáculos;1;;;;;;;;;;1;;;;
26/09/2022;00:50:00;3;Acidente sem vítima;231,5;BR-393/RJ;Crescente;Atropelamento de animais;;;;;1;;;;;;43;;;;
26/09/2022;11:28:00;38;Acidente com vítima;205,5;BR-393/RJ;Crescente;Acidentes de outra natureza;;;;1;;;;;;;0;1;1;;
26/09/2022;22:00:00;71;Acidente com vítima;135,3;BR-393/RJ;Decrescente;Engavetamento;2;;1;;;;;;;;3;1;;;
26/09/2022;22:23:00;72;Acidente com vítima;164,75;BR-393/RJ;Decrescente;Saídas de pista;;;1;;;;;;;;0;1;;;
26/09/2022;22:30:00;73;Acidente sem vítima;139;BR-393/RJ;Crescente;Saídas de pista;1;;;;;;;;;;1;;;;
27/09/2022;16:10:00;41;Acidente com vítima;185,099;BR-393/RJ;Crescente;Colisão lateral no sentido contrário;1;;;1;;;;;;;1;1;;;
27/09/2022;16:11:00;42;Acidente sem vítima;171,6;BR-393/RJ;Crescente;Saídas de pista;;;1;;;;;;;;1;;;;
29/09/2022;20:05:00;75;Acidente com vítima;2,7;Alça Sul;Decrescente;Atropelamento de animais;2;;;;;;;;;;0;2;1;;
30/09/2022;11:15:00;43;Acidente sem vítima;256,8;BR-393/RJ;Crescente;Acidentes de outra natureza;2;;1;;;;;;;;5;;;;
30/09/2022;15:19:00;72;Acidente sem vítima;142;BR-393/RJ;Decrescente;Colisão com veículos (traseira);1;;1;;;;;;;;2;;;;
30/09/2022;17:35:00;79;Acidente com vítima;178,3;BR-393/RJ;Decrescente;Acidentes de outra natureza;1;;;1;;;;;;;1;1;;;
30/09/2022;18:14:00;81;Acidente sem vítima;282,1;BR-393/RJ;Crescente;Engavetamento;1;;;;;;;;;2;4;;;;
01/10/2022;02:55:00;8;Acidente com vítima;284,1;BR-393/RJ;Decrescente;Acidentes de outra natureza;1;;;;1;;;;;;37;1;;;
01/10/2022;02:55:00;20;Acidente sem vítima;284,199;BR-393/RJ;Decrescente;Engavetamento;2;;1;;1;;;;;;4;;;;
02/10/2022;11:08:00;30;Acidente com vítima;250,699;BR-393/RJ;Crescente;Acidentes de outra natureza;1;;;1;;;;;;;1;;1;;
02/10/2022;16:51:00;52;Acidente com vítima;174,3;BR-393/RJ;Decrescente;Acidentes de outra natureza;;;1;1;;;;;;;1;2;;;
03/10/2022;00:49:00;5;Acidente com vítima;222,3;BR-393/RJ;Decrescente;Colisão c/ obstáculos;1;;;;;;;;;;0;1;;;
03/10/2022;03:54:00;11;Acidente sem vítima;275;BR-393/RJ;Decrescente;Saídas de pista;1;;;;;;;;;;1;;;;
04/10/2022;12:48:00;47;Acidente sem vítima;238,5;BR-393/RJ;Decrescente;Acidentes de outra natureza;2;;;;;;;;;;4;;;;
05/10/2022;18:05:00;59;Acidente com vítima;132;BR-393/RJ;Crescente;Acidentes de outra natureza;1;;;1;;;;;;;2;1;;;
05/10/2022;20:06:00;65;Acidente com vítima;115;BR-393/RJ;Crescente;Colisão lateral no sentido contrário;1;;1;;;;;;;;1;1;1;;
07/10/2022;12:11:00;35;Acidente com vítima;239,3;BR-393/RJ;Decrescente;Capotamento;1;;;;;;;;;;0;1;;;
07/10/2022;14:52:00;46;Acidente com vítima;229,5;BR-393/RJ;Crescente;Colisão com veículos (traseira);;;2;;;;;;;;1;1;;;
07/10/2022;15:45:00;51;Acidente sem vítima;175,9;BR-393/RJ;Decrescente;Colisão com veículos (traseira);2;;;;;;;;;;4;;;;
07/10/2022;19:55:00;68;Acidente com vítima;235,4;BR-393/RJ;Decrescente;Acidentes de outra natureza;2;;;;;;;;;;1;4;;;
07/10/2022;21:02:00;73;Acidente sem vítima;284,9;BR-393/RJ;Crescente;Colisão com veículos (traseira);2;;;;;;;;;;3;;;;
08/10/2022;13:37:00;44;Acidente sem vítima;243,199;BR-393/RJ;Decrescente;Colisão com veículos (traseira);2;;;;;;;;;;6;;;;
08/10/2022;13:44:00;45;Acidente sem vítima;134,9;BR-393/RJ;Crescente;Saídas de pista;1;;;;;;;;;;1;;;;
08/10/2022;22:35:00;66;Acidente sem vítima;239;BR-393/RJ;Crescente;Saídas de pista;1;;;;;;;;;;1;;;;
09/10/2022;07:16:00;23;Acidente com vítima;136,8;BR-393/RJ;Decrescente;Saídas de pista;1;;;;;;;;;;0;1;;;
09/10/2022;14:36:00;49;Acidente sem vítima;168;BR-393/RJ;Crescente;Acidentes de outra natureza;2;;;;;;;;;;2;;;;
09/10/2022;17:07:00;56;Acidente sem vítima;233;BR-393/RJ;Crescente;Colisão lateral no mesmo sentido;1;;1;;;;;;;;2;;;;
09/10/2022;18:51:00;61;Acidente com vítima;253;BR-393/RJ;Crescente;Tombamento;;;1;;;;;;;;0;1;;;
09/10/2022;19:47:00;63;Acidente com morte;271,9;BR-393/RJ;Decrescente;Colisão com veículos (frontal);1;;1;;;;;;;;0;1;;1;1
10/10/2022;16:54:00;52;Acidente com vítima;105,9;BR-393/RJ;Crescente;Colisão lateral no mesmo sentido;;;;1;;;;;;1;2;1;;;
11/10/2022;02:24:00;8;Acidente sem vítima;211,699;BR-393/RJ;Crescente;Atropelamento de animais;;;;;1;;;;;;47;;;;
11/10/2022;23:20:00;74;Acidente sem vítima;265;BR-393/RJ;Crescente;Colisão com veículos (traseira);1;;1;;;;;;;;2;;;;
14/10/2022;10:29:00;29;Acidente com vítima;263;BR-393/RJ;Crescente;Acidentes de outra natureza;;;1;1;;;;;;;1;;1;;
15/10/2022;19:52:00;46;Acidente com vítima;181,4;BR-393/RJ;Crescente;Saídas de pista;1;;;;;;;;;;0;1;;;
16/10/2022;16:36:00;48;Acidente com vítima;285,3;BR-393/RJ;Decrescente;Colisão c/ obstáculos;1;;;;;;;;;;0;1;;;
17/10/2022;06:04:00;16;Acidente sem vítima;266,5;BR-393/RJ;Decrescente;Colisão lateral no sentido contrário;1;;1;;;;;;;;2;;;;
17/10/2022;14:58:00;42;Acidente sem vítima;210,199;BR-393/RJ;Decrescente;Colisão lateral no mesmo sentido;1;;1;;;;;;;;1;2;;;