data;horario;n_da_ocorrencia;tipo_de_ocorrencia;km;trecho;sentido;tipo_de_acidente;automovel;bicicleta;caminhao;moto;onibus;outros;tracao_animal;transporte_de_cargas_especiais;trator_maquinas;utilitarios;ilesos;levemente_feridos;moderadamente_feridos;gravemente_feridos;mortos
18/10/2022;04:43:00;15;Acidente sem vítima;230,599;BR-393/RJ;Crescente;Atropelamento de animais;;;1;;;;;;;;2;;;;
19/10/2022;00:24:00;1;Acidente com vítima;172,499;BR-393/RJ;Crescente;Tombamento;;;1;;;;;;;;0;1;;;
19/10/2022;14:33:00;41;Acidente sem vítima;258;BR-393/RJ;Decrescente;Saídas de pista;1;;;;;;;;;;1;;;;
19/10/2022;16:07:00;45;Acidente com vítima;151;BR-393/RJ;Decrescente;Saídas de pista;1;;;;;;;;;;0;;1;;
20/10/2022;20:57:00;58;Acidente com vítima;255,7;BR-393/RJ;Crescente;Acidentes de outra natureza;2;;;;;;;;;;0;;2;;
21/10/2022;13:07:00;34;Acidente com vítima;168;BR-393/RJ;Crescente;Colisão com veículos (traseira);;;;2;;;;;;;0;1;1;;
21/10/2022;17:38:00;44;Acidente com vítima;282;BR-393/RJ;Crescente;Colisão com veículos (frontal);2;;;;;;;;;;3;;1;;
21/10/2022;17:50:00;45;Acidente sem vítima;138,8;BR-393/RJ;Decrescente;Saídas de pista;1;;;;;;;;;;1;;;;
21/10/2022;18:06:00;46;Acidente com vítima;239,3;BR-393/RJ;Crescente;Colisão lateral no sentido contrário;2;;;;;;;;;;1;1;1;;
22/10/2022;09:07:00;22;Acidente com vítima;173,9;BR-393/RJ;Crescente;Colisão lateral no sentido contrário;1;;1;;;;;;;;1;1;;;
22/10/2022;10:10:00;26;Acidente sem vítima;174;BR-393/RJ;Crescente;Colisão com veículos (traseira);1;;1;;;;;;;;3;;;;
22/10/2022;20:45:00;51;Acidente com vítima;285,5;BR-393/RJ;Decrescente;Acidentes de outra natureza;2;;;;;;;;;;7;1;;;
22/10/2022;21:15:00;52;Acidente com vítima;136,8;BR-393/RJ;Crescente;Acidentes de outra natureza;;;;1;;;;;;;0;;1;;
23/10/2022;21:17:00;44;Acidente com vítima;236,5;BR-393/RJ;Crescente;Acidentes de outra natureza;1;;;1;;;;;;;1;1;;;
24/10/2022;07:06:00;18;Acidente sem vítima;218,599;BR-393/RJ;Decrescente;Colisão com veículos (traseira);;;2;;;;;;;;2;;;;
26/10/2022;16:15:00;42;Acidente com vítima;181,6;BR-393/RJ;Decrescente;Colisão lateral no sentido contrário;2;;;;;;;;;;2;3;;1;
27/10/2022;03:22:00;11;Acidente com vítima;203,199;BR-393/RJ;Crescente;Colisão lateral no sentido contrário;;;2;;;;;;;;2;1;;;
27/10/2022;17:32:00;55;Atropelamento sem morte;102,9;BR-393/RJ;Crescente;Acidentes de outra natureza;;1;;;;;;;;1;1;;1;;
27/10/2022;21:32:00;65;Acidente sem vítima;240;BR-393/RJ;Crescente;Saídas de pista;1;;;;;;;;;;2;;;;
28/10/2022;06:55:00;15;Acidente com vítima;280,899;BR-393/RJ;Crescente;Acidentes de outra natureza;;;;1;;;;;;;0;2;;;
29/10/2022;09:59:00;20;Acidente sem vítima;125;BR-393/RJ;Decrescente;Colisão com veículos (traseira);;;2;;;;;;;;1;1;;;
29/10/2022;11:13:00;27;Acidente sem vítima;275;BR-393/RJ;Crescente;Colisão com veículos (traseira);2;;;;;;;;;;3;;;;
30/10/2022;11:11:00;26;Acidente com vítima;105;BR-393/RJ;Crescente;Colisão lateral no mesmo sentido;;;;2;;;;;;;1;1;1;;
30/10/2022;15:09:00;37;Acidente com vítima;254,254;BR-393/RJ;Decrescente;Acidentes de outra natureza;;;;1;;;;;;;0;;1;;
31/10/2022;12:47:00;37;Acidente sem vítima;178;BR-393/RJ;Decrescente;Colisão com veículos (traseira);1;;;1;;;;;;;2;;;;
31/10/2022;21:22:00;61;Acidente com vítima;280;BR-393/RJ;Decrescente;Atropelamento de pedestre;1;;;;;;;;;;2;;;1;
01/11/2022;08:38:00;18;Acidente sem vítima;252,3;BR-393/RJ;Decrescente;Colisão lateral no mesmo sentido;1;;1;;;;;;;;2;;;;
01/11/2022;18:02:00;44;Acidente com vítima;263,9;BR-393/RJ;Decrescente;Tombamento;;;1;;;;;;;;0;1;2;;
01/11/2022;19:18:00;46;Acidente com vítima;284,5;BR-393/RJ;Crescente;Colisão com veículos (traseira);2;;;;;;;;;;2;;;;
02/11/2022;03:48:00;14;Acidente com vítima;236,7;BR-393/RJ;Decrescente;Acidentes de outra natureza;;;;1;;;;;;;0;;2;;
02/11/2022;17:17:00;34;Acidente com vítima;148;BR-393/RJ;Decrescente;Tombamento;1;;;;;;;;;;4;;;;
03/11/2022;05:48:00;12;Acidente com vítima;263,7;BR-393/RJ;Decrescente;Saídas de pista;1;;;;;;;;;;3;;;;
03/11/2022;05:57:00;13;Acidente com vítima;262;BR-393/RJ;Decrescente;Saídas de pista;1;;;;;;;;;;0;;1;;
03/11/2022;06:14:00;15;Acidente com vítima;263;BR-393/RJ;Decrescente;Saídas de pista;1;;;;;;;;;;0;1;;;
04/11/2022;09:32:00;23;Acidente com vítima;282;BR-393/RJ;Crescente;Colisão com veículos (traseira);1;;1;;;;;;;;1;1;;;
05/11/2022;10:19:00;25;Acidente com vítima;167;BR-393/RJ;Decrescente;Engavetamento;1;;1;;;;;;;1;1;3;;;
05/11/2022;10:28:00;43;Acidente com vítima;167;BR-393/RJ;Crescente;Colisão lateral no sentido contrário;1;;1;;;;;;;;0;2;;;
06/11/2022;08:31:00;24;Acidente com vítima;230;BR-393/RJ;Decrescente;Acidentes de outra natureza;1;;;1;;;;;;;2;1;;;
06/11/2022;13:14:00;35;Acidente com vítima;131,4;BR-393/RJ;Crescente;Colisão c/ obstáculos;1;;;;;;;;;;1;;;;
06/11/2022;16:28:00;39;Acidente com vítima;238,2;BR-393/RJ;Crescente;Colisão com veículos (traseira);2;;;;;;;;;;2;;1;;
06/11/2022;17:36:00;42;Acidente com vítima;105,9;BR-393/RJ;Crescente;Acidentes de outra natureza;2;;;;;;;;;;6;1;;;
07/11/2022;07:53:00;22;Acidente com vítima;284;BR-393/RJ;Crescente;Colisão com veículos (traseira);3;;;;;;;;;;6;;;;
10/11/2022;01:36:00;10;Acidente com vítima;129,9;BR-393/RJ;Crescente;Saídas de pista;1;;;;;;;;;;1;;;;
10/11/2022;07:44:00;21;Acidente com vítima;255;BR-393/RJ;Crescente;Acidentes de outra natureza;2;;;;;;;;;;0;6;;;
10/11/2022;08:51:00;26;Acidente com vítima;274;BR-393/RJ;Decrescente;Tombamento;;;1;;;;;;;;0;1;;;
10/11/2022;17:37:00;58;Acidente com vítima;265;BR-393/RJ;Decrescente;Colisão com veículos (traseira);1;;1;;;;;;;;2;;;;
10/11/2022;20:04:00;66;Acidente com vítima;279,8;BR-393/RJ;Decrescente;Colisão com veículos (traseira);1;;;1;;;;;;;1;;1;;
11/11/2022;09:48:00;31;Acidente com vítima;175;BR-393/RJ;Crescente;Acidentes de outra natureza;1;;;;;;;;;1;1;1;;;
12/11/2022;16:22:00;69;Acidente com vítima;285;BR-393/RJ;Crescente;Colisão lateral no mesmo sentido;1;;;1;;;;;;;1;1;;;
12/11/2022;17:13:00;71;Acidente com vítima;237;BR-393/RJ;Decrescente;Colisão com veículos (traseira);2;;;;;;;;;;3;;;;
12/11/2022;18:59:00;76;Acidente com vítima;168;BR-393/RJ;Decrescente;Acidentes de outra natureza;;;;1;;;;;;1;1;1;;;
12/11/2022;20:08:00;78;Acidente com vítima;136,9;BR-393/RJ;Crescente;Colisão com veículos (traseira);1;;1;;;;;;;;3;1;;;
12/11/2022;22:29:00;80;Acidente com vítima;281,1;BR-393/RJ;Decrescente;Acidentes de outra natureza;1;;;1;;;;;;;1;1;;;
13/11/2022;21:00:00;53;Acidente com vítima;231,9;BR-393/RJ;Decrescente;Colisão com veículos (traseira);;;1;;;;;;;1;2;;;;
14/11/2022;00:31:00;1;Acidente com vítima;246,669;BR-393/RJ;Decrescente;Colisão c/ obstáculos;1;;;;;;;;;;1;;;;
14/11/2022;08:18:00;22;Acidente com vítima;238,599;BR-393/RJ;Crescente;Acidentes de outra natureza;2;;;;;;;;;;4;;1;;
14/11/2022;17:12:00;58;Acidente com vítima;239;BR-393/RJ;Crescente;Saídas de pista;1;;;;;;;;;;1;;;;
14/11/2022;23:54:00;72;Acidente com vítima;178;BR-393/RJ;Crescente;Acidentes de outra natureza;;;;1;;;;;;;1;;;;
15/11/2022;06:30:00;21;Acidente com vítima;155,5;BR-393/RJ;Decrescente;Tombamento;;;1;;;;;;;;1;1;;;
15/11/2022;10:18:00;29;Acidente com vítima;265;BR-393/RJ;Crescente;Colisão c/ obstáculos;1;;;;;;;;;;3;;;;
17/11/2022;07:00:00;23;Acidente com vítima;216;BR-393/RJ;Decrescente;Tombamento;;;1;;;;;;;;0;;1;;
17/11/2022;19:47:00;69;Acidente com vítima;179;BR-393/RJ;Crescente;Colisão com veículos (traseira);1;;;;;;;;;1;2;;;;
18/11/2022;04:44:00;8;Acidente com vítima;139,5;BR-393/RJ;Decrescente;Tombamento;;;1;;;;;;;;0;;1;;
19/11/2022;11:09:00;28;Acidente com vítima;266;BR-393/RJ;Decrescente;Colisão lateral no mesmo sentido;1;;1;;;;;;;;2;1;;;
20/11/2022;16:00:00;68;Acidente com vítima;167,4;BR-393/RJ;Decrescente;Colisão com veículos (traseira);1;;1;;;;;;;;1;5;;;
21/11/2022;12:54:00;40;Acidente com vítima;171,6;BR-393/RJ;Decrescente;Acidentes de outra natureza;2;;;;;;;;;;0;2;;;
21/11/2022;13:51:00;43;Acidente com vítima;103,644;BR-393/RJ;Decrescente;Colisão com veículos (traseira);;;1;1;;;;;;;0;2;1;;
22/11/2022;13:50:00;42;Acidente com vítima;281;BR-393/RJ;Crescente;Colisão com veículos (traseira);1;;1;;;;;;;;3;;;;
22/11/2022;14:53:00;50;Acidente com vítima;210;BR-393/RJ;Decrescente;Colisão lateral no mesmo sentido;1;;1;;;;;;;;1;2;;;
22/11/2022;18:09:00;63;Acidente com vítima;168;BR-393/RJ;Crescente;Colisão com veículos (traseira);1;;;1;;;;;;;1;1;;;
23/11/2022;16:46:00;49;Acidente com vítima;179;BR-393/RJ;Decrescente;Colisão lateral no mesmo sentido;;;1;;;;;;;1;3;1;;;
23/11/2022;21:52:00;60;Acidente com vítima;230,699;BR-393/RJ;Decrescente;Acidentes de outra natureza;;;;1;;;;;;;0;1;;;
24/11/2022;19:32:00;48;Acidente com vítima;108,4;BR-393/RJ;Decrescente;Colisão com veículos (traseira);;;1;;;;;;;1;5;;;;
25/11/2022;06:47:00;14;Acidente com vítima;265;BR-393/RJ;Decrescente;Colisão lateral no mesmo sentido;1;;;;;;;;;1;6;;;;
28/11/2022;18:05:00;54;Acidente com vítima;243,9;BR-393/RJ;Crescente;Saídas de pista;1;;;;;;;;;;0;1;;;
29/11/2022;13:32:00;51;Acidente com vítima;263,8;BR-393/RJ;Decrescente;Colisão lateral no mesmo sentido;2;;3;;;;;;;;3;;3;;
30/11/2022;03:28:00;14;Acidente com vítima;180,099;BR-393/RJ;Decrescente;Colisão lateral no mesmo sentido;;;1;;;;;;;1;1;1;;;
30/11/2022;16:11:00;50;Acidente com vítima;103;BR-393/RJ;Decrescente;Colisão com veículos (traseira);1;;;1;;;;;;;1;;1;;
30/11/2022;18:46:00;54;Acidente com vítima;181,5;BR-393/RJ;Decrescente;Colisão com veículos (frontal);1;;1;;;;;;;2;2;4;;;
02/12/2022;10:41:00;34;Acidente sem vítima;167,8;BR-393/RJ;Decrescente;Acidentes de outra natureza;1;;1;;;;;;;;2;;;;
02/12/2022;20:13:00;64;Acidente com vítima;283,5;BR-393/RJ;Decrescente;Acidentes de outra natureza;1;;;1;;;;;;;2;1;;;
03/12/2022;04:09:00;13;Acidente com vítima;242,3;BR-393/RJ;Decrescente;Capotamento;1;;;;;;;;;;0;;1;1;
03/12/2022;05:19:00;15;Acidente com vítima;247,5;BR-393/RJ;Decrescente;Saídas de pista;1;;;;;;;;;;0;;1;;
03/12/2022;23:37:00;68;Acidente com vítima;279,5;BR-393/RJ;Decrescente;Colisão com veículos (frontal);;;;1;;;;;;1;2;;1;;
04/12/2022;19:26:00;48;Acidente sem vítima;195;BR-393/RJ;Decrescente;Colisão lateral no mesmo sentido;2;;;;;;;;;;4;;;;
04/12/2022;20:28:00;49;Acidente com vítima;285,199;BR-393/RJ;Decrescente;Acidentes de outra natureza;;;;1;;;;;;;0;2;;;
05/12/2022;01:49:00;6;Acidente com vítima;174,4;BR-393/RJ;Decrescente;Colisão c/ obstáculos;1;;;;;;;;;;0;3;;;
06/12/2022;09:47:00;19;Acidente sem vítima;258;BR-393/RJ;Decrescente;Colisão c/ obstáculos;1;;;;;;;;;;1;;;;
06/12/2022;19:14:00;55;Acidente sem vítima;284,599;BR-393/RJ;Decrescente;Engavetamento;3;;;;;;;;;;3;;;;
08/12/2022;00:30:00;1;Acidente com vítima;110,2;BR-393/RJ;Decrescente;Capotamento;1;;;;;;;;;;0;1;;;
08/12/2022;04:37:00;17;Acidente sem vítima;1;Alça Sul;Decrescente;Atropelamento de animais;;;;;1;;;;;;1;;;;
08/12/2022;17:51:00;87;Acidente com vítima;282;BR-393/RJ;Decrescente;Colisão com veículos (frontal);1;;;1;;;;;;;1;1;;;
08/12/2022;18:13:00;89;Acidente com vítima;185;BR-393/RJ;Decrescente;Capotamento;1;;;;;;;;;;0;1;1;;
09/12/2022;22:54:00;85;Acidente sem vítima;105;BR-393/RJ;Decrescente;Colisão com veículos (traseira);2;;;;;;;;;;3;;;;
10/12/2022;19:10:00;59;Acidente com vítima;105,9;BR-393/RJ;Decrescente;Colisão com veículos (traseira);1;;;1;;;;;;;1;1;;;
11/12/2022;05:14:00;16;Acidente com vítima;229,001;BR-393/RJ;Decrescente;Tombamento;;;1;;;;;;;;0;1;;;
11/12/2022;05:50:00;18;Acidente sem vítima;132,2;BR-393/RJ;Decrescente;Colisão c/ obstáculos;1;;;;;;;;;;1;;;;
11/12/2022;09:06:00;25;Acidente com vítima;146,3;BR-393/RJ;Decrescente;Tombamento;;;1;;;;;;;;0;1;;;
12/12/2022;08:22:00;21;Acidente sem vítima;189,4;BR-393/RJ;Decrescente;Saídas de pista;1;;;;;;;;;;1;;;;
12/12/2022;11:37:00;32;Acidente com vítima;217,699;BR-393/RJ;Decrescente;Acidentes de outra natureza;;;;2;;;;;;;0;1;2;;
12/12/2022;15:34:00;48;Acidente com vítima;284,199;BR-393/RJ;Decrescente;Engavetamento;4;;1;;;;;;;;10;1;;;
12/12/2022;16:37:00;52;Acidente sem vítima;251,099;BR-393/RJ;Decrescente;Engavetamento;3;;;;;;;;;;9;;;;
13/12/2022;15:38:00;55;Acidente sem vítima;274,699;BR-393/RJ;Decrescente;Colisão lateral no mesmo sentido;1;;1;;;;;;;;2;;;;
14/12/2022;09:48:00;25;Acidente com vítima;268;BR-393/RJ;Decrescente;Acidentes de outra natureza;1;;1;;;;;;;;1;;2;;
14/12/2022;11:33:00;33;Acidente com vítima;155,599;BR-393/RJ;Decrescente;Tombamento;;;1;;;;;;;;0;1;;;
15/12/2022;08:57:00;31;Acidente com morte;265,5;BR-393/RJ;Decrescente;Colisão com veículos (frontal);1;;1;;;;;;;;0;1;;;1
15/12/2022;18:54:00;66;Acidente sem vítima;123,5;BR-393/RJ;Decrescente;Tombamento;;;1;;;;;;;;1;;;;
16/12/2022;07:51:00;17;Acidente com vítima;171,7;BR-393/RJ;Decrescente;Acidentes de outra natureza;;;1;1;;;;;;;1;2;;;
16/12/2022;09:59:00;29;Acidente sem vítima;146,3;BR-393/RJ;Decrescente;Colisão lateral no mesmo sentido;1;;1;;;;;;;;3;;;;
17/12/2022;02:34:00;13;Acidente sem vítima;157;BR-393/RJ;Decrescente;Saídas de pista;;;1;;;;;;;;1;;;;
17/12/2022;06:06:00;16;Acidente sem vítima;231,6;BR-393/RJ;Decrescente;Colisão lateral no mesmo sentido;1;;1;;;;;;;;4;;;;
18/12/2022;13:52:00;33;Acidente sem vítima;178,8;BR-393/RJ;Decrescente;Colisão com veículos (traseira);;;2;;;;;;;;2;;;;
18/12/2022;23:37:00;64;Acidente com vítima;286,3;BR-393/RJ;Decrescente;Atropelamento de pedestre;;;;;1;;;;;;1;1;;;
19/12/2022;11:43:00;39;Acidente sem vítima;268;BR-393/RJ;Decrescente;Colisão com veículos (traseira);1;;;1;;;;;;;3;;;;
19/12/2022;16:28:00;49;Acidente com vítima;281,199;BR-393/RJ;Decrescente;Acidentes de outra natureza;1;;;1;;;;;;;1;;1;;
19/12/2022;16:34:00;50;Acidente sem vítima;155,5;BR-393/RJ;Decrescente;Acidentes de outra natureza;;;;1;;;;;;;0;1;;;
20/12/2022;18:23:00;48;Acidente com vítima;279,8;BR-393/RJ;Decrescente;Atropelamento de pedestre;;;;1;;;;;;;0;1;1;;
20/12/2022;22:17:00;56;Acidente com vítima;204,9;BR-393/RJ;Decrescente;Colisão c/ obstáculos;1;;;;;;;;;;3;1;;;
21/12/2022;13:17:00;48;Acidente sem vítima;265;BR-393/RJ;Decrescente;Colisão com veículos (traseira);2;;;;;;;;;;2;;;;
22/12/2022;16:13:00;65;Acidente com vítima;114;BR-393/RJ;Decrescente;Tombamento;;;1;;;;;;;;0;3;;;
22/12/2022;17:57:00;71;Acidente sem vítima;265;BR-393/RJ;Decrescente;Colisão lateral no mesmo sentido;2;;;;;;;;;;2;;;;
22/12/2022;18:33:00;73;Acidente com vítima;266;BR-393/RJ;Decrescente;Colisão com veículos (frontal);1;;1;;;;;;;;1;;;1;
23/12/2022;16:48:00;67;Acidente com vítima;192,3;BR-393/RJ;Decrescente;Colisão lateral no sentido contrário;2;;;;;;;;;;0;3;;;
24/12/2022;07:36:00;13;Acidente sem vítima;282,3;BR-393/RJ;Decrescente;Colisão com veículos (traseira);1;;;;1;;;;;;2;;;;
24/12/2022;17:34:00;40;Acidente com vítima;280,2;BR-393/RJ;Decrescente;Acidentes de outra natureza;1;1;;;;;;;;;1;;1;;
26/12/2022;04:58:00;12;Acidente sem vítima;280;BR-393/RJ;Decrescente;Colisão com veículos (traseira);;;2;;;;;;;;2;;;;
26/12/2022;14:24:00;47;Acidente com vítima;162,099;BR-393/RJ;Decrescente;Saídas de pista;1;;;;;;;;;;0;1;;;
27/12/2022;17:16:00;57;Acidente sem vítima;167,599;BR-393/RJ;Decrescente;Colisão com veículos (traseira);1;;1;;;;;;;;0;3;;;
27/12/2022;20:05:00;65;Acidente sem vítima;242,955;BR-393/RJ;Decrescente;Colisão com veículos (traseira);2;;;;;;;;;;2;;;;
27/12/2022;22:25:00;69;Acidente sem vítima;283,9;BR-393/RJ;Decrescente;Colisão lateral no sentido contrário;1;;;1;;;;;;;2;;;;
28/12/2022;08:48:00;21;Acidente com vítima;103;BR-393/RJ;Decrescente;Colisão lateral no mesmo sentido;1;;;1;;;;;;;0;2;;;
28/12/2022;09:19:00;22;Acidente com vítima;238,5;BR-393/RJ;Decrescente;Acidentes de outra natureza;2;;;;;;;;;;3;1;1;;
29/12/2022;11:01:00;24;Acidente com vítima;2,1;Alça Sul;Decrescente;Acidentes de outra natureza;1;;;1;;;;;;;0;1;1;;
29/12/2022;12:21:00;28;Acidente com vítima;175,7;BR-393/RJ;Decrescente;Colisão c/ obstáculos;1;;;;;;;;;;4;;1;;
30/12/2022;01:01:00;6;Acidente sem vítima;285;BR-393/RJ;Crescente;Colisão c/ obstáculos;1;;;;;;;;;;1;;;;
30/12/2022;21:35:00;64;Acidente sem vítima;151,8;BR-393/RJ;Crescente;Colisão c/ obstáculos;;;1;;;;;;;;0;1;;;
31/12/2022;18:21:00;103;Acidente com vítima;285,8;BR-393/RJ;Crescente;Acidentes de outra natureza;1;;;;1;;;;;;2;1;;;
01/01/2023;18:32:00;74;Acidente com vítima;266,899;BR-393/RJ;Crescente;Colisão lateral no sentido contrário;3;;;;;;;;;;4;;1;;
01/01/2023;19:55:00;77;Acidente sem vítima;284,199;BR-393/RJ;Decrescente;Colisão com veículos (traseira);2;;;;;;;;;;2;;;;
02/01/2023;12:41:00;36;Acidente com morte;238,5;BR-393/RJ;Decrescente;Acidentes de outra natureza;1;;;1;;;;;;;2;;1;;1
05/01/2023;20:20:00;53;Acidente com morte;270,399;BR-393/RJ;Decrescente;Colisão com veículos (frontal);1;;;1;;;;;;;3;;1;;
07/01/2023;15:02:00;43;Acidente com morte;195;BR-393/RJ;Decrescente;Colisão lateral no mesmo sentido;2;;;;;;;;;;3;;;;
08/01/2023;05:44:00;38;Acidente com morte;162,099;BR-393/RJ;Decrescente;Capotamento;1;;;;;;;;;;0;1;;;
08/01/2023;14:46:00;77;Acidente com morte;237,8;BR-393/RJ;Decrescente;Saídas de pista;1;;;;;;;;;;2;;;;
08/01/2023;19:44:00;90;Acidente com morte;252,9;BR-393/RJ;Decrescente;Colisão c/ obstáculos;;;1;;;;;;;;1;;;;
09/01/2023;06:57:00;23;Acidente com morte;272,899;BR-393/RJ;Decrescente;Colisão lateral no sentido contrário;2;;1;;;;;;;;4;;1;;
09/01/2023;19:13:00;62;Acidente com morte;278;BR-393/RJ;Decrescente;Atropelamento de pedestre;1;;;;;;;;;;1;;1;;
10/01/2023;06:34:00;11;Acidente com morte;257,8;BR-393/RJ;Decrescente;Colisão c/ obstáculos;1;;;;;;;;;;4;1;;;
10/01/2023;10:08:00;26;Acidente com morte;201,8;BR-393/RJ;Decrescente;Colisão c/ obstáculos;;;1;;;;;;;;0;1;;;
10/01/2023;16:54:00;64;Acidente com morte;277,1;BR-393/RJ;Decrescente;Tombamento;;;1;;;;;;;;1;;;;
11/01/2023;00:03:00;1;Acidente com morte;223,4;BR-393/RJ;Decrescente;Tombamento;;;1;;;;;;;;0;;1;;
12/01/2023;07:45:00;27;Acidente com morte;285,399;BR-393/RJ;Decrescente;Colisão c/ obstáculos;1;;;;;;;;;;1;;;;
12/01/2023;11:22:00;46;Acidente com morte;257,899;BR-393/RJ;Decrescente;Colisão c/ obstáculos;1;;;;;;;;;;0;2;;;
12/01/2023;19:03:00;78;Acidente com morte;102,5;BR-393/RJ;Decrescente;Colisão lateral no mesmo sentido;1;;;1;;;;;;;3;;1;;
13/01/2023;10:43:00;45;Acidente com morte;281,3;BR-393/RJ;Decrescente;Colisão com veículos (frontal);1;;1;;;;;;;;1;;1;;
13/01/2023;16:08:00;72;Acidente com morte;279,3;BR-393/RJ;Decrescente;Engavetamento;4;;;;;;;;;;7;;1;;
14/01/2023;13:41:00;55;Acidente com morte;266;BR-393/RJ;Decrescente;Colisão lateral no mesmo sentido;1;;1;;;;;;;;2;;;;
16/01/2023;09:22:00;30;Acidente com morte;131,699;BR-393/RJ;Decrescente;Colisão com veículos (traseira);2;;;;;;;;;;10;;;;
16/01/2023;16:13:00;55;Acidente com morte;105,099;BR-393/RJ;Decrescente;Acidentes de outra natureza;1;;;1;;;;;;;0;1;;1;
16/01/2023;17:01:00;57;Acidente com morte;282,1;BR-393/RJ;Decrescente;Colisão lateral no mesmo sentido;1;;;1;;;;;;;2;1;;;
17/01/2023;17:28:00;78;Acidente com morte;282;BR-393/RJ;Decrescente;Engavetamento;3;;;;;;;;;;4;;2;;
20/01/2023;13:38:00;38;Acidente com morte;133,3;BR-393/RJ;Decrescente;Colisão lateral no sentido contrário;2;;;;;;;;;;0;2;;;
20/01/2023;14:35:00;41;Acidente com morte;285,3;BR-393/RJ;Decrescente;Colisão com veículos (traseira);2;;;;;;;;;;2;;;;
21/01/2023;16:21:00;72;Acidente com morte;284,1;BR-393/RJ;Decrescente;Colisão lateral no mesmo sentido;1;;;1;;;;;;;2;;1;;
22/01/2023;07:18:00;23;Acidente com morte;141,9;BR-393/RJ;Decrescente;Colisão com veículos (traseira);2;;;;;;;;;;5;;;;
22/01/2023;23:34:00;85;Acidente com morte;110;BR-393/RJ;Decrescente;Saídas de pista;1;;;;;;;;;;1;;;;
24/01/2023;02:45:00;2;Acidente com morte;138,199;BR-393/RJ;Decrescente;Tombamento;;;1;;;;;;;;0;1;;;
24/01/2023;13:51:00;58;Acidente com morte;220,699;BR-393/RJ;Decrescente;Colisão c/ obstáculos;1;;;;;;;;;;1;;;;
24/01/2023;15:34:00;66;Acidente com morte;137;BR-393/RJ;Decrescente;Colisão com veículos (traseira);1;;;1;;;;;;;2;;;;
25/01/2023;16:04:00;81;Acidente com morte;265;BR-393/RJ;Decrescente;Colisão lateral no mesmo sentido;;;2;;;;;;;;3;;;;
26/01/2023;12:10:00;47;Acidente com morte;182,4;BR-393/RJ;Decrescente;Colisão lateral no mesmo sentido;;;1;1;;;;;;;3;3;;;
26/01/2023;20:40:00;70;Acidente com morte;167,5;BR-393/RJ;Decrescente;Colisão lateral no mesmo sentido;2;;;1;;;;;;;2;2;;;
27/01/2023;15:50:00;59;Acidente com morte;177,7;BR-393/RJ;Decrescente;Colisão com veículos (traseira);2;;;;;;;;;;3;;;;