data;horario;n_da_ocorrencia;tipo_de_ocorrencia;km;trecho;sentido;tipo_de_acidente;automovel;bicicleta;caminhao;moto;onibus;outros;tracao_animal;transporte_de_cargas_especiais;trator_maquinas;utilitarios;ilesos;levemente_feridos;moderadamente_feridos;gravemente_feridos;mortos
06/12/2021;12:06:22;33;Sem vítima;226,900;BR-393/RJ;Crescente;Choque;0;0;0;0;0;0;0;0;0;0;0;0;0;0;0
06/12/2021;12:46:15;34;Sem vítima;258,100;BR-393/RJ;Crescente;Colisão lateral no mesmo sentido;0;0;0;0;0;0;0;0;0;0;0;0;0;0;0
08/12/2021;15:58:28;63;Sem vítima;277,000;BR-393/RJ;Decrescente;Colisão lateral no mesmo sentido;0;0;0;0;0;0;0;0;0;1;0;0;0;0;0
09/12/2021;03:51:26;9;Sem vítima;174,900;BR-393/RJ;Crescente;Atropelamento de animal;0;0;0;0;0;0;0;0;0;0;0;0;0;0;0
09/12/2021;11:07:25;46;Sem vítima;262,300;BR-393/RJ;Crescente;Colisão lateral no mesmo sentido;0;0;0;0;0;0;0;0;0;0;0;0;0;0;0
10/12/2021;08:52:43;16;Sem vítima;240,990;BR-393/RJ;Crescente;Colisão lateral no mesmo sentido;0;0;0;0;0;0;0;0;0;0;0;0;0;0;0
10/12/2021;09:51:58;20;Sem vítima;233,800;BR-393/RJ;Crescente;Saída de pista;0;0;0;0;0;0;0;0;0;0;0;0;0;0;0
12/12/2021;08:14:51;26;Sem vítima;124,100;BR-393/RJ;Decrescente;Tombamento;0;0;0;0;0;0;0;0;0;0;0;0;0;0;0
12/12/2021;14:00:41;40;Sem vítima;261,800;BR-393/RJ;Decrescente;Saída de pista;0;0;0;0;0;0;0;0;0;0;0;0;0;0;0
12/12/2021;22:28:15;61;Sem vítima;244,000;BR-393/RJ;Decrescente;Saída de pista;0;0;0;0;0;0;0;0;0;0;0;0;0;0;0
13/12/2021;08:26:07;28;Sem vítima;131,400;BR-393/RJ;Crescente;Tombamento;0;0;0;0;0;0;0;0;0;0;0;0;0;0;0
15/12/2021;09:42:36;48;Sem vítima;209,000;BR-393/RJ;Decrescente;Colisão lateral em sentido contrário;0;0;0;0;0;0;0;0;0;0;0;0;0;0;0
16/12/2021;22:21:57;107;Sem vítima;133,000;BR-393/RJ;Crescente;Queda de moto;0;0;0;0;0;0;0;0;0;0;0;0;0;0;0
17/12/2021;19:19:14;96;Sem vítima;129,300;BR-393/RJ;Crescente;Colisão frontal;0;0;0;0;0;0;0;0;0;0;0;0;0;0;0
18/12/2021;10:01:04;56;Sem vítima;102,400;BR-393/RJ;Decrescente;Colisão traseira;0;0;0;0;0;0;0;0;0;0;0;0;0;0;0
18/12/2021;11:28:32;75;Sem vítima;228,500;BR-393/RJ;Crescente;Colisão transversal;0;0;0;0;0;0;0;0;0;0;0;0;0;0;0
21/12/2021;15:36:24;62;Sem vítima;178,500;BR-393/RJ;Decrescente;Colisão traseira;0;0;0;0;0;0;0;0;0;0;0;0;0;0;0
21/12/2021;19:47:46;76;Sem vítima;285,699;BR-393/RJ;Decrescente;Colisão transversal;0;0;0;0;0;0;0;0;0;0;0;0;0;0;0
22/12/2021;09:18:46;25;Sem vítima;237,199;BR-393/RJ;Decrescente;Colisão frontal;0;0;0;0;0;0;0;0;0;0;0;0;0;0;0
22/12/2021;16:19:03;51;Sem vítima;281,199;BR-393/RJ;Crescente;Colisão transversal;0;0;0;0;0;0;0;0;0;0;0;0;0;0;0
22/12/2021;23:00:54;94;Sem vítima;238,600;BR-393/RJ;Crescente;Choque;0;0;0;0;0;0;0;0;0;0;0;0;0;0;0
23/12/2021;09:32:10;29;Sem vítima;258,000;BR-393/RJ;Crescente;Choque;0;0;0;0;0;0;0;0;0;0;0;0;0;0;0
24/12/2021;15:33:31;64;Sem vítima;276,400;BR-393/RJ;Decrescente;Colisão lateral no mesmo sentido;0;0;0;0;0;0;0;0;0;0;0;0;0;0;0
25/12/2021;11:31:25;28;Sem vítima;255,800;BR-393/RJ;Decrescente;Colisão traseira;0;0;0;0;0;0;0;0;0;0;0;0;0;0;0
26/12/2021;14:54:56;29;Sem vítima;239,300;BR-393/RJ;Crescente;Colisão frontal;0;0;0;0;0;0;0;0;0;0;0;0;0;0;0
27/12/2021;10:33:36;32;Sem vítima;280,100;BR-393/RJ;Decrescente;Colisão traseira;0;0;0;0;0;0;0;0;0;0;0;0;0;0;0
07/01/2022;12:14:54;59;Sem vítima;229,400;BR-393/RJ;Crescente;Colisão lateral no mesmo sentido;0;0;0;0;0;0;0;0;0;0;0;0;0;0;0
09/01/2022;07:02:13;32;Sem vítima;272,000;BR-393/RJ;Crescente;Saída de pista;0;0;0;0;0;0;0;0;0;0;0;0;0;0;0
09/01/2022;13:41:57;54;Sem vítima;263,000;BR-393/RJ;Crescente;Saída de pista;0;0;0;0;0;0;0;0;0;0;0;0;0;0;0
09/01/2022;16:18:00;61;Sem vítima;178,500;BR-393/RJ;Decrescente;Colisão traseira;0;0;0;0;0;0;0;0;0;0;0;0;0;0;0
10/01/2022;06:31:12;24;Sem vítima;265,000;BR-393/RJ;Decrescente;Colisão traseira;0;0;0;0;0;0;0;0;0;0;0;0;0;0;0
10/01/2022;07:01:03;26;Sem vítima;168,990;BR-393/RJ;Crescente;Queda de moto;0;0;0;0;0;0;0;0;0;0;0;0;0;0;0
10/01/2022;20:29:06;85;Sem vítima;2,500;Alça Sul (Estrada União Indústria)/RJ;Decrescente;Colisão lateral em sentido contrário;0;0;0;0;0;0;0;0;0;0;0;0;0;0;0
10/01/2022;22:33:30;91;Sem vítima;206,800;BR-393/RJ;Crescente;Saída de pista;0;0;0;0;0;0;0;0;0;0;0;0;0;0;0
15/01/2022;06:24:24;15;Sem vítima;273,900;BR-393/RJ;Crescente;Tombamento;0;0;0;0;0;0;0;0;0;0;0;0;0;0;0
18/01/2022;08:51:39;16;Sem vítima;175,700;BR-393/RJ;Decrescente;Colisão traseira;0;0;0;0;0;0;0;0;0;0;0;0;0;0;0
18/01/2022;11:34:36;27;Sem vítima;238,500;BR-393/RJ;Crescente;Colisão transversal;0;0;0;0;0;0;0;0;0;0;0;0;0;0;0
22/01/2022;00:08:13;86;Sem vítima;280,100;BR-393/RJ;Crescente;Queda de moto;0;0;0;0;0;0;0;0;0;0;0;0;0;0;0
22/01/2022;16:03:57;51;Sem vítima;140,900;BR-393/RJ;Crescente;Colisão frontal;0;0;0;0;0;0;0;0;0;0;0;0;0;0;0
23/01/2022;07:12:06;24;Sem vítima;252,800;BR-393/RJ;Decrescente;Colisão lateral em sentido contrário;0;0;0;0;0;0;0;0;0;0;0;0;0;0;0
25/01/2022;14:57:55;45;Sem vítima;138,699;BR-393/RJ;Decrescente;Choque;0;0;0;0;0;0;0;0;0;0;0;0;0;0;0
26/01/2022;11:01:07;27;Sem vítima;245,400;BR-393/RJ;Crescente;Queda de moto;0;0;0;0;0;0;0;0;0;0;0;0;0;0;0
28/01/2022;13:14:05;34;Sem vítima;119,000;BR-393/RJ;Decrescente;Saída de pista;0;0;0;0;0;0;0;0;0;0;0;0;0;0;0
28/01/2022;14:31:19;37;Sem vítima;224,300;BR-393/RJ;Decrescente;Colisão frontal;0;0;0;0;0;0;0;0;0;0;0;0;0;0;0
30/01/2022;22:32:58;61;Sem vítima;166,990;BR-393/RJ;Decrescente;Colisão transversal;1;0;0;0;0;0;0;0;0;0;0;0;0;0;0
03/02/2022;10:23:47;45;Sem vítima;155,600;BR-393/RJ;Decrescente;Tombamento;0;0;0;0;0;0;0;0;0;0;0;0;0;0;0
03/02/2022;17:06:15;69;Sem vítima;157,500;BR-393/RJ;Crescente;Colisão frontal;0;0;0;0;0;0;0;0;0;0;0;0;0;0;0
05/02/2022;06:36:37;14;Sem vítima;211,000;BR-393/RJ;Crescente;Saída de pista;0;0;0;0;0;0;0;0;0;0;0;0;0;0;0
05/02/2022;13:39:38;51;Sem vítima;285,200;BR-393/RJ;Crescente;Queda de moto;0;0;0;0;0;0;0;0;0;0;0;0;0;0;0
05/02/2022;22:45:31;92;Sem vítima;274,399;BR-393/RJ;Crescente;Saída de pista;0;0;0;0;0;0;0;0;0;0;0;0;0;0;0
06/02/2022;04:10:07;6;Sem vítima;281,100;BR-393/RJ;Decrescente;Colisão traseira;0;0;0;0;0;0;0;0;0;0;0;0;0;0;0
08/02/2022;07:12:45;18;Sem vítima;177,700;BR-393/RJ;Decrescente;Queda de moto;0;0;0;0;0;0;0;0;0;0;0;0;0;0;0
10/02/2022;17:33:24;56;Sem vítima;279,700;BR-393/RJ;Crescente;Colisão transversal;0;0;0;0;0;0;0;0;0;0;0;0;0;0;0
10/02/2022;20:31:21;64;Sem vítima;155,699;BR-393/RJ;Decrescente;Queda de moto;0;0;0;0;0;0;0;0;0;0;0;0;0;0;0
10/02/2022;23:05:53;74;Sem vítima;139,599;BR-393/RJ;Crescente;Queda de moto;0;0;0;0;0;0;0;0;0;0;0;0;0;0;0
12/02/2022;04:04:48;10;Sem vítima;281,199;BR-393/RJ;Decrescente;Colisão frontal;0;0;0;0;0;0;0;0;0;0;0;0;0;0;0
13/02/2022;22:20:57;55;Sem vítima;128,000;BR-393/RJ;Crescente;Queda de moto;0;0;0;0;0;0;0;0;0;0;0;0;0;0;0
14/02/2022;16:21:57;47;Sem vítima;186,800;BR-393/RJ;Crescente;Choque;0;0;0;0;0;0;0;0;0;0;0;0;0;0;0
15/02/2022;03:27:29;3;Sem vítima;121,200;BR-393/RJ;Crescente;Saída de pista;0;0;0;0;0;0;0;0;0;0;0;0;0;0;0
15/02/2022;12:32:14;34;Sem vítima;284,200;BR-393/RJ;Crescente;Colisão lateral no mesmo sentido;0;0;0;0;0;0;0;0;0;0;0;0;0;0;0
15/02/2022;15:32:21;42;Sem vítima;284,900;BR-393/RJ;Crescente;Colisão lateral no mesmo sentido;1;0;0;0;0;0;0;0;0;0;0;0;0;0;0
17/02/2022;09:16:50;17;Sem vítima;155,599;BR-393/RJ;Decrescente;Tombamento;0;0;0;0;0;0;0;0;0;0;0;0;0;0;0
18/02/2022;06:42:08;11;Sem vítima;241,300;BR-393/RJ;Decrescente;Choque;0;0;0;0;0;0;0;0;0;0;0;0;0;0;0
18/02/2022;07:36:05;13;Sem vítima;182,400;BR-393/RJ;Crescente;Colisão transversal;0;0;0;0;0;0;0;0;0;0;0;0;0;0;0
21/02/2022;11:25:32;24;Sem vítima;285,200;BR-393/RJ;Crescente;Queda de moto;0;0;0;0;0;0;0;0;0;0;0;0;0;0;0
22/02/2022;16:19:14;60;Sem vítima;256,000;BR-393/RJ;Crescente;Colisão traseira;0;0;0;0;0;0;0;0;0;0;0;0;0;0;0
22/02/2022;16:23:30;49;Sem vítima;168,600;BR-393/RJ;Crescente;Queda de moto;0;0;0;0;0;0;0;0;0;0;0;0;0;0;0
23/02/2022;15:15:08;58;Sem vítima;237,990;BR-393/RJ;Decrescente;Colisão lateral em sentido contrário;0;0;0;0;0;0;0;0;0;0;0;0;0;0;0
25/02/2022;13:00:12;41;Sem vítima;280,000;BR-393/RJ;Crescente;Atropelamento de ciclista;0;0;0;0;0;0;0;0;0;0;0;0;0;0;0
28/02/2022;02:34:36;19;Sem vítima;201,800;BR-393/RJ;Crescente;Atropelamento de animal;0;0;0;0;0;0;0;0;0;0;0;0;0;0;0
01/03/2022;11:00:46;23;Sem vítima;270,000;BR-393/RJ;Crescente;Colisão lateral no mesmo sentido;0;0;0;0;0;0;0;0;0;0;0;0;0;0;0
02/03/2022;11:05:40;34;Sem vítima;218,199;BR-393/RJ;Decrescente;Colisão traseira;1;0;0;0;0;0;0;0;0;0;0;0;0;0;0
03/03/2022;08:20:37;15;Sem vítima;106,900;BR-393/RJ;Decrescente;Colisão transversal;0;0;0;0;0;0;0;0;0;0;0;0;0;0;0
04/03/2022;13:33:15;42;Sem vítima;249,990;BR-393/RJ;Crescente;Colisão lateral em sentido contrário;0;0;0;0;0;0;0;0;0;0;0;0;0;0;0
04/03/2022;18:33:51;60;Sem vítima;137,000;BR-393/RJ;Crescente;Atropelamento de ciclista;0;0;0;0;0;0;0;0;0;0;0;0;0;0;0
05/03/2022;14:35:55;42;Sem vítima;124,599;BR-393/RJ;Decrescente;Tombamento;0;0;0;0;0;0;0;0;0;0;0;0;0;0;0
05/03/2022;16:47:07;53;Sem vítima;250,300;BR-393/RJ;Crescente;Colisão transversal;0;0;0;0;0;0;0;0;0;0;0;0;0;0;0
07/03/2022;03:26:20;11;Sem vítima;185,200;BR-393/RJ;Crescente;Colisão lateral em sentido contrário;1;0;0;0;0;0;0;0;0;0;0;0;0;0;0
08/03/2022;14:56:01;36;Sem vítima;167,400;BR-393/RJ;Crescente;Queda de moto;0;0;0;0;0;0;0;0;0;0;0;0;0;0;0
08/03/2022;21:30:16;53;Sem vítima;285,800;BR-393/RJ;Crescente;Colisão traseira;0;0;0;0;0;0;0;0;0;0;0;0;0;0;0
11/03/2022;07:42:13;17;Sem vítima;178,599;BR-393/RJ;Decrescente;Colisão lateral no mesmo sentido;0;0;0;0;0;0;0;0;0;0;0;0;0;0;0
17/03/2022;07:01:51;14;Sem vítima;168,000;BR-393/RJ;Decrescente;Colisão traseira;0;0;0;0;0;0;0;0;0;0;0;0;0;0;0
18/03/2022;12:24:48;34;Sem vítima;206,199;BR-393/RJ;Crescente;Colisão lateral em sentido contrário;0;0;0;0;0;0;0;0;0;0;0;0;0;0;0
18/03/2022;15:44:09;43;Sem vítima;182,000;BR-393/RJ;Crescente;Colisão transversal;0;0;0;0;0;0;0;0;0;0;0;0;0;0;0
24/03/2022;05:54:15;12;Sem vítima;243,599;BR-393/RJ;Decrescente;Saída de pista;0;0;0;0;0;0;0;0;0;0;0;0;0;0;0
25/03/2022;12:14:14;46;Sem vítima;119,900;BR-393/RJ;Decrescente;Capotamento;0;0;0;0;0;0;0;0;0;0;0;0;0;0;0
25/03/2022;20:34:53;65;Sem vítima;257,500;BR-393/RJ;Decrescente;Colisão frontal;0;0;0;0;0;0;0;0;0;0;0;0;0;0;0
26/03/2022;19:18:23;39;Sem vítima;187,600;BR-393/RJ;Crescente;Saída de pista;0;0;0;0;0;0;0;0;0;0;0;0;0;0;0
01/04/2022;06:21:17;15;Sem vítima;254,699;BR-393/RJ;Crescente;Acidentes de outra natureza;0;0;0;0;0;0;0;0;0;0;0;0;0;0;0
02/04/2022;11:25:17;23;Sem vítima;259,600;BR-393/RJ;Decrescente;Colisão transversal;0;0;0;0;0;0;0;0;0;0;0;0;0;0;0
06/04/2022;08:44:33;20;Sem vítima;114,000;BR-393/RJ;Decrescente;Tombamento;0;0;0;0;0;0;0;0;0;0;0;0;0;0;0
09/04/2022;09:43:57;22;Sem vítima;144,000;BR-393/RJ;Decrescente;Queda de moto;0;0;0;0;0;0;0;0;0;0;0;0;0;0;0
09/04/2022;10:55:32;32;Sem vítima;114,990;BR-393/RJ;Crescente;Queda de moto;0;0;0;0;0;0;0;0;0;0;0;0;0;0;0
10/04/2022;11:57:48;21;Sem vítima;114,000;BR-393/RJ;Decrescente;Tombamento;0;0;0;0;0;0;0;0;0;0;0;0;0;0;0
11/04/2022;08:45:15;25;Sem vítima;133,800;BR-393/RJ;Crescente;Engavetamento;0;0;0;0;0;0;0;0;0;0;0;0;0;0;0
14/04/2022;08:21:28;18;Sem vítima;239,199;BR-393/RJ;Crescente;Choque;0;0;0;0;0;0;0;0;0;0;0;0;0;0;0
16/04/2022;16:56:03;43;Sem vítima;146,600;BR-393/RJ;Crescente;Capotamento;0;0;0;0;0;0;0;0;0;0;0;0;0;0;0
17/04/2022;05:10:23;15;Sem vítima;286,000;BR-393/RJ;Crescente;Choque;0;0;0;0;0;0;0;0;0;0;0;0;0;0;0
17/04/2022;13:35:08;33;Sem vítima;281,200;BR-393/RJ;Crescente;Colisão transversal;0;0;0;0;0;0;0;0;0;0;0;0;0;0;0
17/04/2022;15:00:07;38;Sem vítima;252,200;BR-393/RJ;Decrescente;Colisão transversal;0;0;0;0;0;0;0;0;0;0;0;0;0;0;0
17/04/2022;17:05:19;46;Sem vítima;219,600;BR-393/RJ;Decrescente;Capotamento;1;0;0;0;0;0;0;0;0;0;0;0;0;0;0
17/04/2022;18:45:33;50;Sem vítima;220,800;BR-393/RJ;Decrescente;Queda de moto;0;0;0;0;0;0;0;0;0;0;0;0;0;0;0
19/04/2022;21:58:59;48;Sem vítima;175,599;BR-393/RJ;Decrescente;Saída de pista;0;0;0;0;0;0;0;0;0;0;0;0;0;0;0
20/04/2022;00:49:23;1;Sem vítima;129,199;BR-393/RJ;Crescente;Acidentes de outra natureza;0;0;0;0;0;0;0;0;0;0;0;0;0;0;0
23/04/2022;14:20:25;42;Sem vítima;140,800;BR-393/RJ;Crescente;Colisão transversal;0;0;0;0;0;0;0;0;0;0;0;0;0;0;0
24/04/2022;06:52:24;18;Sem vítima;122,200;BR-393/RJ;Decrescente;Saída de pista;0;0;0;0;0;0;0;0;0;0;0;0;0;0;0
24/04/2022;09:51:16;17;Sem vítima;120,200;BR-393/RJ;Crescente;Saída de pista;0;0;0;0;0;0;0;0;0;0;0;0;0;0;0
24/04/2022;10:41:45;24;Sem vítima;118,400;BR-393/RJ;Crescente;Capotamento;0;0;0;0;0;0;0;0;0;0;0;0;0;0;0
24/04/2022;18:59:00;44;Sem vítima;171,500;BR-393/RJ;Decrescente;Colisão transversal;0;0;0;0;0;0;0;0;0;0;0;0;0;0;0
26/04/2022;10:06:13;22;Sem vítima;286,000;BR-393/RJ;Crescente;Colisão traseira;0;0;0;0;0;0;0;0;0;0;0;0;0;0;0
27/04/2022;02:01:41;2;Sem vítima;176,400;BR-393/RJ;Crescente;Atropelamento de animal;0;0;0;0;0;0;0;0;0;0;0;0;0;0;0
29/04/2022;14:51:12;51;Sem vítima;153,700;BR-393/RJ;Crescente;Engavetamento;0;0;0;0;0;0;0;0;0;0;0;0;0;0;0
30/04/2022;14:34:37;30;Sem vítima;276,400;BR-393/RJ;Crescente;Colisão transversal;0;0;0;0;0;0;0;0;0;0;0;0;0;0;0
30/04/2022;15:59:16;32;Sem vítima;238,500;BR-393/RJ;Crescente;Colisão transversal;0;0;0;0;0;0;0;0;0;0;0;0;0;0;0
02/05/2022;08:22:40;17;Sem vítima;239,300;BR-393/RJ;Crescente;Colisão frontal;0;0;0;0;0;0;0;0;0;0;0;0;0;0;0
02/05/2022;12:43:52;38;Sem vítima;121,000;BR-393/RJ;Crescente;Choque;0;0;0;0;0;0;0;0;0;0;0;0;0;0;0
04/05/2022;17:26:44;57;Sem vítima;279,000;BR-393/RJ;Crescente;Colisão traseira;0;0;0;0;0;0;0;0;0;0;0;0;0;0;0
07/05/2022;05:09:21;13;Sem vítima;285,100;BR-393/RJ;Decrescente;Acidentes de outra natureza;0;0;0;0;0;0;0;0;0;0;0;0;0;0;0
08/05/2022;15:57:33;31;Sem vítima;232,000;BR-393/RJ;Crescente;Colisão transversal;0;0;0;0;0;0;0;0;0;0;0;0;0;0;0
09/05/2022;06:56:04;16;Sem vítima;238,400;BR-393/RJ;Decrescente;Colisão transversal;0;0;0;0;0;0;0;0;0;0;0;0;0;0;0
09/05/2022;11:50:05;36;Sem vítima;122,599;BR-393/RJ;Crescente;Tombamento;0;0;0;0;0;0;0;0;0;0;0;0;0;0;0
09/05/2022;19:40:50;48;Sem vítima;155,000;BR-393/RJ;Decrescente;Queda de moto;0;0;0;0;0;0;0;0;0;0;0;0;0;0;0
09/05/2022;21:00:32;54;Sem vítima;182,400;BR-393/RJ;Decrescente;Colisão lateral no mesmo sentido;0;0;0;0;0;0;0;0;0;0;0;0;0;0;0
10/05/2022;11:29:24;32;Sem vítima;196,600;BR-393/RJ;Crescente;Colisão lateral em sentido contrário;0;0;0;0;0;0;0;0;0;0;0;0;0;0;0
11/05/2022;16:37:49;43;Sem vítima;151,800;BR-393/RJ;Crescente;Tombamento;0;0;0;0;0;0;0;0;0;0;0;0;0;0;0
12/05/2022;12:44:34;39;Sem vítima;170,199;BR-393/RJ;Decrescente;Engavetamento;0;0;0;0;0;0;0;0;0;0;0;0;0;0;0
13/05/2022;17:15:09;55;Sem vítima;187,000;BR-393/RJ;Decrescente;Atropelamento de animal;0;0;0;0;0;0;0;0;0;0;0;0;0;0;0
13/05/2022;18:05:28;56;Sem vítima;178,300;BR-393/RJ;Crescente;Atropelamento de animal;0;0;0;0;0;0;0;0;0;0;0;0;0;0;0
14/05/2022;07:28:39;14;Sem vítima;284,700;BR-393/RJ;Crescente;Choque;0;0;0;0;0;0;0;0;0;0;0;0;0;0;0
14/05/2022;08:55:15;16;Sem vítima;251,000;BR-393/RJ;Crescente;Colisão lateral no mesmo sentido;0;0;0;0;0;0;0;0;0;0;0;0;0;0;0
14/05/2022;16:46:16;35;Sem vítima;109,700;BR-393/RJ;Decrescente;Queda de moto;0;0;0;0;0;0;0;0;0;0;0;0;0;0;0
14/05/2022;20:13:26;43;Sem vítima;182,400;BR-393/RJ;Crescente;Choque;0;0;0;0;0;0;0;0;0;0;0;0;0;0;0
15/05/2022;23:00:10;44;Sem vítima;280,100;BR-393/RJ;Decrescente;Colisão traseira;0;0;0;0;0;0;0;0;0;0;0;0;0;0;0
16/05/2022;23:13:40;55;Sem vítima;0,399;Alça Sul (Estrada União Indústria)/RJ;Crescente;Colisão frontal;0;0;0;0;0;0;0;0;0;0;0;0;0;0;0
18/05/2022;08:49:34;19;Sem vítima;124,400;BR-393/RJ;Decrescente;Tombamento;0;0;0;0;0;0;0;0;0;0;0;0;0;0;0
18/05/2022;10:40:38;24;Sem vítima;286,000;BR-393/RJ;Decrescente;Choque;0;0;0;0;0;0;0;0;0;0;0;0;0;0;0
19/05/2022;09:51:53;30;Sem vítima;238,400;BR-393/RJ;Decrescente;Colisão transversal;0;0;0;0;0;0;0;0;0;0;0;0;0;0;0
20/05/2022;08:06:31;15;Sem vítima;133,000;BR-393/RJ;Decrescente;Colisão transversal;0;0;0;0;0;0;0;0;0;0;0;0;0;0;0
20/05/2022;12:49:13;30;Sem vítima;238,501;BR-393/RJ;Decrescente;Colisão transversal;0;0;1;0;0;0;0;0;0;0;0;0;0;0;0
20/05/2022;17:51:33;48;Sem vítima;103,000;BR-393/RJ;Decrescente;Colisão transversal;0;0;0;0;0;0;0;0;0;0;0;0;0;0;0
23/05/2022;08:12:54;21;Sem vítima;209,900;BR-393/RJ;Decrescente;Colisão traseira;0;0;0;0;0;0;0;0;0;0;0;0;0;0;0
25/05/2022;15:09:40;31;Sem vítima;114,000;BR-393/RJ;Decrescente;Tombamento;0;0;0;0;0;0;0;0;0;0;0;0;0;0;0
26/05/2022;04:48:08;11;Sem vítima;218,400;BR-393/RJ;Decrescente;Colisão frontal;0;0;0;0;0;0;0;0;0;0;0;0;0;0;0
26/05/2022;09:21:34;15;Sem vítima;240,400;BR-393/RJ;Crescente;Queda de moto;0;0;0;0;0;0;0;0;0;0;0;0;0;0;0
27/05/2022;20:43:50;62;Sem vítima;147,570;BR-393/RJ;Crescente;Capotamento;0;0;0;0;0;0;0;0;0;0;0;0;0;0;0
28/05/2022;07:10:26;18;Sem vítima;121,500;BR-393/RJ;Decrescente;Tombamento;0;0;0;0;0;0;0;0;0;0;0;0;0;0;0
28/05/2022;11:14:37;31;Sem vítima;238,400;BR-393/RJ;Decrescente;Capotamento;0;0;0;0;0;0;0;0;0;0;0;0;0;0;0
30/05/2022;08:26:19;16;Sem vítima;281,000;BR-393/RJ;Crescente;Colisão traseira;0;0;0;0;0;0;0;0;0;0;0;0;0;0;0
01/06/2022;08:35:12;21;Sem vítima;234,500;BR-393/RJ;Decrescente;Colisão transversal;0;0;0;0;0;0;0;0;0;0;0;0;0;0;0
01/06/2022;12:16:23;39;Sem vítima;121,500;BR-393/RJ;Crescente;Choque;0;0;0;0;0;0;0;0;0;0;0;0;0;0;0
01/06/2022;14:03:54;41;Sem vítima;285,600;BR-393/RJ;Decrescente;Colisão traseira;1;0;0;0;0;0;0;0;0;0;0;0;0;0;0
05/06/2022;07:09:39;13;Sem vítima;142,600;BR-393/RJ;Decrescente;Colisão lateral em sentido contrário;0;0;0;0;0;0;0;0;0;0;0;0;0;0;0
06/06/2022;09:22:13;23;Sem vítima;243,000;BR-393/RJ;Decrescente;Saída de pista;0;0;0;0;0;0;0;0;0;0;0;0;0;0;0
09/06/2022;19:11:40;45;Sem vítima;3,000;Alça Sul (Estrada União Indústria)/RJ;Crescente;Colisão traseira;1;0;0;0;0;0;0;0;0;0;0;0;0;0;0
10/06/2022;19:01:05;41;Sem vítima;1,199;Alça Sul (Estrada União Indústria)/RJ;Crescente;Atropelamento de animal;0;0;0;0;0;0;0;0;0;0;0;0;0;0;0
10/06/2022;19:43:14;44;Sem vítima;280,100;BR-393/RJ;Crescente;Colisão transversal;0;0;0;0;0;0;0;0;0;0;0;0;0;0;0
12/06/2022;06:10:49;19;Sem vítima;282,900;BR-393/RJ;Decrescente;Colisão frontal;0;0;0;0;0;0;0;0;0;0;0;0;0;0;0
12/06/2022;13:25:58;37;Sem vítima;168,200;BR-393/RJ;Decrescente;Colisão traseira;0;0;0;0;0;0;0;0;0;0;0;0;0;0;0
13/06/2022;00:29:51;61;Sem vítima;103,700;BR-393/RJ;Decrescente;Queda de moto;0;0;0;0;0;0;0;0;0;0;0;0;0;0;0
13/06/2022;01:07:43;7;Sem vítima;143,599;BR-393/RJ;Decrescente;Saída de pista;0;0;0;0;0;0;0;0;0;0;0;0;0;0;0
13/06/2022;13:27:13;36;Sem vítima;162,990;BR-393/RJ;Decrescente;Tombamento;0;0;0;0;0;0;0;0;0;0;0;0;0;0;0
15/06/2022;06:48:48;19;Sem vítima;221,990;BR-393/RJ;Decrescente;Tombamento;0;0;0;0;0;0;0;0;0;0;0;0;0;0;0
15/06/2022;15:26:36;40;Sem vítima;281,199;BR-393/RJ;Crescente;Colisão traseira;0;0;0;0;0;0;0;0;0;0;0;0;0;0;0
17/06/2022;11:13:09;24;Sem vítima;279,699;BR-393/RJ;Crescente;Colisão traseira;0;0;0;0;0;0;0;0;0;0;0;0;0;0;0
17/06/2022;14:54:39;32;Sem vítima;286,100;BR-393/RJ;Decrescente;Colisão transversal;0;0;0;0;0;0;0;0;0;0;0;0;0;0;0
21/06/2022;20:53:54;58;Sem vítima;172,599;BR-393/RJ;Crescente;Acidentes de outra natureza;0;0;0;0;0;0;0;0;0;0;0;0;0;0;0
23/06/2022;09:22:50;26;Sem vítima;286,000;BR-393/RJ;Crescente;Engavetamento;0;0;0;0;0;0;0;0;0;0;0;0;0;0;0
23/06/2022;13:43:16;41;Sem vítima;2,100;Alça Sul (Estrada União Indústria)/RJ;Crescente;Queda de moto;0;0;0;0;0;0;0;0;0;0;0;0;0;0;0
25/06/2022;07:11:21;16;Sem vítima;246,000;BR-393/RJ;Decrescente;Choque;0;0;0;0;0;0;0;0;0;0;0;0;0;0;0
25/06/2022;07:11:27;17;Sem vítima;252,990;BR-393/RJ;Decrescente;Engavetamento;0;0;0;0;0;0;0;0;0;0;0;0;0;0;0
25/06/2022;10:32:36;25;Sem vítima;162,990;BR-393/RJ;Decrescente;Tombamento;0;0;0;0;0;0;0;0;0;0;0;0;0;0;0
27/06/2022;14:37:27;41;Sem vítima;284,199;BR-393/RJ;Decrescente;Colisão traseira;0;0;0;0;0;0;0;0;0;0;0;0;0;0;0
28/06/2022;15:37:09;47;Sem vítima;132,000;BR-393/RJ;Decrescente;Colisão lateral em sentido contrário;0;0;0;0;0;0;0;0;0;0;0;0;0;0;0
29/06/2022;15:42:37;37;Sem vítima;141,800;BR-393/RJ;Crescente;Engavetamento;0;0;0;0;0;0;0;0;0;0;0;0;0;0;0
29/06/2022;15:42:55;38;Sem vítima;243,800;BR-393/RJ;Crescente;Choque;0;0;0;0;0;0;0;0;0;0;0;0;0;0;0
30/06/2022;19:00:49;62;Sem vítima;102,200;BR-393/RJ;Crescente;Colisão traseira;0;0;0;0;0;0;0;0;0;0;0;0;0;0;0
01/07/2022;10:47:27;26;Sem vítima;106,200;BR-393/RJ;Crescente;Colisão lateral no mesmo sentido;0;0;0;0;0;0;0;0;0;0;0;0;0;0;0