data;horario;n_da_ocorrencia;tipo_de_ocorrencia;km;trecho;sentido;tipo_de_acidente;automovel;bicicleta;caminhao;moto;onibus;outros;tracao_animal;transporte_de_cargas_especiais;trator_maquinas;utilitarios;ilesos;levemente_feridos;moderadamente_feridos;gravemente_feridos;mortos
04/07/2022;06:29:15;18;Sem vítima;272,400;BR-393/RJ;Crescente;Colisão frontal;0;0;0;0;0;0;0;0;0;0;0;0;0;0;0
05/07/2022;08:52:39;28;Sem vítima;266,300;BR-393/RJ;Crescente;Colisão lateral em sentido contrário;0;0;0;0;0;0;0;0;0;0;0;0;0;0;0
06/07/2022;11:17:30;32;Sem vítima;281,199;BR-393/RJ;Decrescente;Queda de moto;0;0;0;0;0;0;0;0;0;0;0;0;0;0;0
07/07/2022;19:53:26;57;Sem vítima;175,000;BR-393/RJ;Crescente;Queda de moto;0;0;0;0;0;0;0;0;0;0;0;0;0;0;0
10/07/2022;00:47:01;2;Sem vítima;104,000;BR-393/RJ;Decrescente;Capotamento;0;0;0;0;0;0;0;0;0;0;0;0;0;0;0
11/07/2022;10:36:42;33;Sem vítima;138,100;BR-393/RJ;Crescente;Colisão frontal;0;0;0;0;0;0;0;0;0;0;0;0;0;0;0
14/07/2022;03:11:04;13;Sem vítima;235,200;BR-393/RJ;Decrescente;Queda de moto;0;0;0;0;0;0;0;0;0;0;0;0;0;0;0
19/07/2022;12:05:33;29;Sem vítima;283,600;BR-393/RJ;Crescente;Colisão transversal;0;0;0;0;0;0;0;0;0;0;0;0;0;0;0
19/07/2022;12:05:37;31;Sem vítima;195,000;BR-393/RJ;Decrescente;Engavetamento;0;0;0;0;0;0;0;0;0;0;0;0;0;0;0
20/07/2022;07:53:35;19;Sem vítima;122,200;BR-393/RJ;Decrescente;Colisão lateral em sentido contrário;0;0;0;0;0;0;0;0;0;0;0;0;0;0;0
20/07/2022;13:54:04;44;Sem vítima;102,700;BR-393/RJ;Decrescente;Colisão frontal;0;0;0;0;0;0;0;0;0;0;0;0;0;0;0
20/07/2022;17:44:36;53;Sem vítima;171,599;BR-393/RJ;Crescente;Queda de moto;0;0;0;0;0;0;0;0;0;0;0;0;0;0;0
21/07/2022;17:00:57;60;Sem vítima;142,199;BR-393/RJ;Decrescente;Colisão frontal;0;0;0;0;0;0;0;0;0;0;0;0;0;0;0
22/07/2022;08:03:32;17;Sem vítima;263,899;BR-393/RJ;Crescente;Colisão frontal;0;0;0;0;0;0;0;0;0;0;0;0;0;0;0
23/07/2022;19:29:33;48;Sem vítima;203,199;BR-393/RJ;Decrescente;Queda de moto;0;0;0;0;0;0;0;0;0;0;0;0;0;0;0
24/07/2022;16:26:43;50;Sem vítima;163,500;BR-393/RJ;Crescente;Choque;0;0;0;0;0;0;0;0;0;0;0;0;0;0;0
25/07/2022;10:18:42;22;Sem vítima;285,500;BR-393/RJ;Crescente;Colisão traseira;0;0;0;0;0;0;0;0;0;0;0;0;0;0;0
29/07/2022;09:09:41;20;Sem vítima;168,000;BR-393/RJ;Crescente;Engavetamento;0;0;0;0;0;0;0;0;0;0;0;0;0;0;0
29/07/2022;10:28:10;22;Sem vítima;114,200;BR-393/RJ;Decrescente;Tombamento;0;0;0;0;0;0;0;0;0;0;0;0;0;0;0
31/07/2022;15:59:09;29;Sem vítima;281,000;BR-393/RJ;Crescente;Queda de moto;0;0;0;0;0;0;0;0;0;0;0;0;0;0;0
31/07/2022;17:20:54;36;Sem vítima;238,800;BR-393/RJ;Decrescente;Queda de moto;0;0;0;0;0;0;0;0;0;0;0;0;0;0;0
02/08/2022;16:06:26;51;Sem vítima;146,200;BR-393/RJ;Crescente;Colisão lateral no mesmo sentido;0;0;0;0;0;0;0;0;0;0;0;0;0;0;0
03/08/2022;14:04:42;37;Sem vítima;254,990;BR-393/RJ;Crescente;Queda de moto;0;0;0;0;0;0;0;0;0;0;0;0;0;0;0
04/08/2022;15:05:13;33;Sem vítima;263,600;BR-393/RJ;Decrescente;Tombamento;0;0;0;0;0;0;0;0;0;0;0;0;0;0;0
04/08/2022;20:17:25;47;Sem vítima;143,699;BR-393/RJ;Decrescente;Tombamento;0;0;0;0;0;0;0;0;0;0;0;0;0;0;0
05/08/2022;20:53:25;53;Sem vítima;235,400;BR-393/RJ;Decrescente;Colisão transversal;0;0;0;0;0;0;0;0;0;0;0;0;0;0;0
06/08/2022;07:09:41;20;Sem vítima;114,200;BR-393/RJ;Crescente;Choque;0;0;0;0;0;0;0;0;0;0;0;0;0;0;0
09/08/2022;07:31:01;20;Sem vítima;264,000;BR-393/RJ;Decrescente;Colisão lateral em sentido contrário;0;0;0;0;0;0;0;0;0;0;0;0;0;0;0
11/08/2022;02:03:27;6;Sem vítima;163,950;BR-393/RJ;Crescente;Tombamento;0;0;0;0;0;0;0;0;0;0;0;0;0;0;0
11/08/2022;12:48:10;41;Sem vítima;104,000;BR-393/RJ;Crescente;Colisão traseira;0;0;0;0;0;0;0;0;0;0;0;0;0;0;0
11/08/2022;16:13:22;52;Sem vítima;282,000;BR-393/RJ;Decrescente;Colisão transversal;0;0;0;0;0;0;0;0;0;0;0;0;0;0;0
11/08/2022;19:41:56;61;Sem vítima;176,000;BR-393/RJ;Decrescente;Colisão traseira;0;0;0;0;0;0;0;0;0;0;0;0;0;0;0
12/08/2022;18:35:25;45;Sem vítima;235,599;BR-393/RJ;Crescente;Colisão transversal;0;0;0;0;0;0;0;0;0;0;0;0;0;0;0
14/08/2022;05:58:33;14;Sem vítima;285,300;BR-393/RJ;Decrescente;Capotamento;0;0;0;0;0;0;0;0;0;0;0;0;0;0;0
14/08/2022;14:11:16;40;Sem vítima;1,200;Alça Sul (Estrada União Indústria)/RJ;Crescente;Colisão lateral no mesmo sentido;0;0;0;0;0;0;0;0;0;0;0;0;0;0;0
16/08/2022;01:46:44;7;Sem vítima;176,500;BR-393/RJ;Crescente;Atropelamento de animal;0;0;0;0;0;0;0;0;0;0;0;0;0;0;0
17/08/2022;16:10:58;32;Sem vítima;106,000;BR-393/RJ;Decrescente;Colisão transversal;0;0;0;0;0;0;0;0;0;0;0;0;0;0;0
20/08/2022;03:48:11;12;Sem vítima;246,000;BR-393/RJ;Crescente;Capotamento;0;0;0;0;0;0;0;0;0;0;0;0;0;0;0
20/08/2022;22:18:50;61;Sem vítima;220,000;BR-393/RJ;Decrescente;Capotamento;0;0;0;0;0;0;0;0;0;0;0;0;0;0;0
23/08/2022;10:54:58;29;Sem vítima;179,900;BR-393/RJ;Crescente;Colisão lateral no mesmo sentido;0;0;1;0;0;0;0;0;0;0;0;0;0;0;0
25/08/2022;08:35:35;14;Sem vítima;124,000;BR-393/RJ;Crescente;Choque;0;0;0;0;0;0;0;0;0;0;0;0;0;0;0
28/08/2022;05:21:35;15;Sem vítima;164,750;BR-393/RJ;Decrescente;Tombamento;0;0;0;0;0;0;0;0;0;0;0;0;0;0;0
28/08/2022;19:15:45;60;Sem vítima;256,950;BR-393/RJ;Decrescente;Saída de pista;0;0;0;0;0;0;0;0;0;0;0;0;0;0;0
31/08/2022;16:16:46;53;Sem vítima;236,500;BR-393/RJ;Crescente;Colisão transversal;0;0;0;0;0;0;0;0;0;0;0;0;0;0;0
31/08/2022;20:28:30;70;Sem vítima;279,900;BR-393/RJ;Crescente;Colisão traseira;0;0;0;0;0;0;0;0;0;0;0;0;0;0;0
01/09/2022;17:28:08;59;Sem vítima;126,299;BR-393/RJ;Crescente;Engavetamento;0;0;0;0;0;0;0;0;0;0;0;0;0;0;0
04/09/2022;05:16:11;11;Sem vítima;161,577;BR-393/RJ;Decrescente;Choque;0;0;0;0;0;0;0;0;0;0;0;0;0;0;0
05/09/2022;14:12:00;41;Sem vítima;151,800;BR-393/RJ;Crescente;Tombamento;0;0;0;0;0;0;0;0;0;0;0;0;0;0;0
06/09/2022;16:54:28;45;Sem vítima;237,990;BR-393/RJ;Crescente;Colisão transversal;0;0;0;0;0;0;0;0;0;0;0;0;0;0;0
07/09/2022;12:15:53;20;Sem vítima;202,300;BR-393/RJ;Decrescente;Colisão lateral no mesmo sentido;0;0;0;0;0;0;0;0;0;0;0;0;0;0;0
07/09/2022;18:10:14;34;Sem vítima;168,500;BR-393/RJ;Decrescente;Engavetamento;0;0;0;0;0;0;0;0;0;0;0;0;0;0;0
08/09/2022;08:46:59;21;Sem vítima;253,900;BR-393/RJ;Crescente;Saída de pista;0;0;0;0;0;0;0;0;0;0;0;0;0;0;0
10/09/2022;19:40:24;54;Sem vítima;282,100;BR-393/RJ;Decrescente;Colisão transversal;0;0;0;0;0;0;0;0;0;0;0;0;0;0;0
11/09/2022;05:56:46;19;Sem vítima;159,900;BR-393/RJ;Crescente;Queda de moto;0;0;0;0;0;0;0;0;0;0;0;0;0;0;0
14/09/2022;03:36:43;12;Sem vítima;177,800;BR-393/RJ;Crescente;Colisão traseira;0;0;0;0;0;0;0;0;0;0;0;0;0;0;0
14/09/2022;06:36:08;15;Sem vítima;204,000;BR-393/RJ;Decrescente;Tombamento;0;0;0;0;0;0;0;0;0;0;0;0;0;0;0
14/09/2022;17:30:58;55;Sem vítima;175,599;BR-393/RJ;Decrescente;Queda de moto;0;0;0;0;0;0;0;0;0;0;0;0;0;0;0
16/09/2022;09:32:07;23;Sem vítima;257,900;BR-393/RJ;Decrescente;Colisão transversal;0;0;0;0;0;0;0;0;0;0;0;0;0;0;0
22/09/2022;01:18:14;1;Sem vítima;180,650;BR-393/RJ;Decrescente;Colisão lateral em sentido contrário;0;0;0;0;0;0;0;0;0;0;0;0;0;0;0
22/09/2022;05:54:22;12;Sem vítima;237,599;BR-393/RJ;Crescente;Capotamento;0;0;0;0;0;0;0;0;0;0;0;0;0;0;0
23/09/2022;17:56:46;59;Sem vítima;119,000;BR-393/RJ;Decrescente;Queda de moto;0;0;0;0;0;0;0;0;0;0;0;0;0;0;0
26/09/2022;11:37:17;38;Sem vítima;205,500;BR-393/RJ;Crescente;Queda de moto;0;0;0;0;0;0;0;0;0;0;0;0;0;0;0
26/09/2022;22:16:37;71;Sem vítima;135,300;BR-393/RJ;Decrescente;Engavetamento;0;0;0;0;0;0;0;0;0;0;0;0;0;0;0
26/09/2022;22:55:21;72;Sem vítima;164,750;BR-393/RJ;Decrescente;Saída de pista;0;0;0;0;0;0;0;0;0;0;0;0;0;0;0
27/09/2022;16:18:56;41;Sem vítima;185,990;BR-393/RJ;Crescente;Colisão lateral em sentido contrário;0;0;0;0;0;0;0;0;0;0;0;0;0;0;0
29/09/2022;20:22:48;75;Com vítima;2,700;Alça Sul (Estrada União Indústria)/RJ;Decrescente;Atropelamento de animal;0;0;0;0;0;0;0;0;0;0;0;0;0;0;0
02/10/2022;11:12:27;30;Sem vítima;250,699;BR-393/RJ;Crescente;Colisão transversal;0;0;0;0;0;0;0;0;0;0;0;0;0;0;0
02/10/2022;16:53:42;52;Sem vítima;174,300;BR-393/RJ;Decrescente;Queda de moto;0;0;0;0;0;0;0;0;0;0;0;0;0;0;0
07/10/2022;12:18:15;35;Sem vítima;239,300;BR-393/RJ;Decrescente;Capotamento;0;0;0;0;0;0;0;0;0;0;0;0;0;0;0
07/10/2022;20:29:16;68;Sem vítima;235,400;BR-393/RJ;Decrescente;Colisão transversal;0;0;0;0;0;0;0;0;0;0;0;0;0;0;0
09/10/2022;07:18:41;23;Sem vítima;136,800;BR-393/RJ;Decrescente;Saída de pista;0;0;0;0;0;0;0;0;0;0;0;0;0;0;0
09/10/2022;19:29:40;61;Sem vítima;253,000;BR-393/RJ;Crescente;Tombamento;0;0;0;0;0;0;0;0;0;0;0;0;0;0;0
09/10/2022;19:52:04;63;Sem vítima;271,900;BR-393/RJ;Decrescente;Colisão frontal;0;0;0;0;0;0;0;0;0;0;0;0;0;0;0
11/10/2022;23:29:28;74;Sem vítima;265,000;BR-393/RJ;Crescente;Colisão traseira;0;0;0;0;0;0;0;0;0;0;0;0;0;0;0
14/10/2022;10:52:14;29;Sem vítima;263,000;BR-393/RJ;Crescente;Queda de moto;0;0;0;0;0;0;0;0;0;0;0;0;0;0;0
15/10/2022;20:29:18;46;Sem vítima;181,400;BR-393/RJ;Crescente;Saída de pista;0;0;0;0;0;0;0;0;0;0;0;0;0;0;0
16/10/2022;17:01:48;48;Sem vítima;285,300;BR-393/RJ;Decrescente;Acidentes de outra natureza;0;0;0;0;0;0;0;0;0;0;0;0;0;0;0
19/10/2022;00:36:10;1;Sem vítima;172,499;BR-393/RJ;Crescente;Tombamento;0;0;0;0;0;0;0;0;0;0;0;0;0;0;0
19/10/2022;16:42:31;45;Sem vítima;151,000;BR-393/RJ;Decrescente;Saída de pista;1;0;0;0;0;0;0;0;0;0;0;0;0;0;0
20/10/2022;21:13:22;58;Sem vítima;255,700;BR-393/RJ;Crescente;Colisão transversal;0;0;0;0;0;0;0;0;0;0;0;0;0;0;0
21/10/2022;17:40:27;44;Sem vítima;282,000;BR-393/RJ;Crescente;Colisão frontal;0;0;0;0;0;0;0;0;0;0;0;0;0;0;0
21/10/2022;18:12:13;46;Sem vítima;239,300;BR-393/RJ;Crescente;Colisão lateral em sentido contrário;0;0;0;0;0;0;0;0;0;0;0;0;0;0;0
22/10/2022;09:13:27;22;Sem vítima;173,900;BR-393/RJ;Crescente;Colisão lateral em sentido contrário;0;0;0;0;0;0;0;0;0;0;0;0;0;0;0
22/10/2022;10:28:02;26;Sem vítima;174,000;BR-393/RJ;Crescente;Colisão traseira;0;0;0;0;0;0;0;0;0;0;0;0;0;0;0
22/10/2022;21:30:40;51;Sem vítima;285,500;BR-393/RJ;Decrescente;Colisão transversal;0;0;0;0;0;0;0;0;0;0;0;0;0;0;0
23/10/2022;21:47:50;44;Sem vítima;236,500;BR-393/RJ;Crescente;Colisão transversal;0;0;0;0;0;0;0;0;0;0;0;0;0;0;0
26/10/2022;17:00:51;42;Sem vítima;181,600;BR-393/RJ;Decrescente;Colisão lateral em sentido contrário;1;0;0;0;0;0;0;0;0;0;0;0;0;0;0
27/10/2022;03:32:52;11;Sem vítima;203,199;BR-393/RJ;Crescente;Colisão lateral em sentido contrário;0;0;0;0;0;0;0;0;0;0;0;0;0;0;0
28/10/2022;07:16:32;15;Sem vítima;280,899;BR-393/RJ;Crescente;Queda de moto;0;0;0;1;0;0;0;0;0;0;0;0;0;0;0
29/10/2022;10:06:25;20;Sem vítima;125,000;BR-393/RJ;Decrescente;Colisão traseira;0;0;0;0;0;0;0;0;0;0;0;0;0;0;0
30/10/2022;14:15:22;26;Sem vítima;105,000;BR-393/RJ;Crescente;Colisão lateral no mesmo sentido;0;0;0;0;0;0;0;0;0;0;0;0;0;0;0
30/10/2022;16:28:04;37;Sem vítima;254,254;BR-393/RJ;Decrescente;Queda de moto;0;0;0;0;0;0;0;0;0;0;0;0;0;0;0
01/11/2022;18:24:46;44;Sem vítima;263,900;BR-393/RJ;Decrescente;Tombamento;0;0;0;0;0;0;0;0;0;0;0;0;0;0;0
02/11/2022;04:19:07;14;Sem vítima;236,700;BR-393/RJ;Decrescente;Queda de moto;0;0;0;0;0;0;0;0;0;0;0;0;0;0;0
03/11/2022;05:51:37;12;Sem vítima;263,700;BR-393/RJ;Decrescente;Saída de pista;0;0;0;0;0;0;0;0;0;0;0;0;0;0;0
03/11/2022;08:53:45;13;Sem vítima;262,000;BR-393/RJ;Decrescente;Saída de pista;0;0;0;0;0;0;0;0;0;0;0;0;0;0;0
05/11/2022;16:46:15;43;Sem vítima;167,000;BR-393/RJ;Crescente;Colisão lateral em sentido contrário;1;0;0;0;0;0;0;0;0;0;0;0;0;0;0
06/11/2022;09:15:31;24;Sem vítima;230,000;BR-393/RJ;Decrescente;Colisão transversal;0;0;0;0;0;0;0;0;0;0;0;0;0;0;0
06/11/2022;16:30:30;39;Sem vítima;238,200;BR-393/RJ;Crescente;Colisão traseira;0;0;0;0;0;0;0;0;0;0;0;0;0;0;0
06/11/2022;19:18:45;42;Sem vítima;105,900;BR-393/RJ;Crescente;Colisão transversal;0;0;0;0;0;0;0;0;0;0;0;0;0;0;0
10/11/2022;20:29:24;66;Sem vítima;279,800;BR-393/RJ;Decrescente;Colisão traseira;0;0;0;0;0;0;0;0;0;0;0;0;0;0;0
17/11/2022;07:07:15;23;Sem vítima;216,000;BR-393/RJ;Decrescente;Tombamento;0;0;0;0;0;0;0;0;0;0;0;0;0;0;0
17/11/2022;20:38:03;69;Sem vítima;179,000;BR-393/RJ;Crescente;Colisão traseira;0;0;0;0;0;0;0;0;0;1;0;0;0;0;0
18/11/2022;05:22:26;8;Sem vítima;139,500;BR-393/RJ;Decrescente;Tombamento;0;0;0;0;0;0;0;0;0;0;0;0;0;0;0
20/11/2022;16:06:58;68;Sem vítima;167,400;BR-393/RJ;Decrescente;Colisão traseira;0;0;0;0;0;0;0;0;0;0;0;0;0;0;0
21/11/2022;13:01:56;40;Sem vítima;171,600;BR-393/RJ;Decrescente;Colisão transversal;0;0;0;0;0;0;0;0;0;0;0;0;0;0;0
21/11/2022;14:15:39;43;Sem vítima;103,644;BR-393/RJ;Decrescente;Colisão traseira;0;0;0;0;0;0;0;0;0;0;0;0;0;0;0
22/11/2022;15:32:05;50;Sem vítima;210,000;BR-393/RJ;Decrescente;Colisão lateral no mesmo sentido;0;0;0;0;0;0;0;0;0;0;0;0;0;0;0
23/11/2022;22:21:22;60;Sem vítima;230,699;BR-393/RJ;Decrescente;Queda de moto;0;0;0;0;0;0;0;0;0;0;0;0;0;0;0
25/11/2022;07:53:50;14;Sem vítima;265,000;BR-393/RJ;Decrescente;Colisão lateral no mesmo sentido;0;0;0;0;0;0;0;0;0;0;0;0;0;0;0
28/11/2022;19:10:30;54;Sem vítima;243,900;BR-393/RJ;Crescente;Saída de pista;0;0;0;0;0;0;0;0;0;0;0;0;0;0;0
29/11/2022;13:49:53;51;Sem vítima;263,800;BR-393/RJ;Decrescente;Colisão lateral no mesmo sentido;0;0;0;0;0;0;0;0;0;0;0;0;0;0;0
30/11/2022;03:38:45;14;Sem vítima;180,990;BR-393/RJ;Decrescente;Colisão lateral no mesmo sentido;0;0;0;0;0;0;0;0;0;0;0;0;0;0;0
30/11/2022;16:22:09;50;Sem vítima;103,000;BR-393/RJ;Decrescente;Colisão traseira;0;0;0;0;0;0;0;0;0;0;0;0;0;0;0
30/11/2022;18:58:14;54;Sem vítima;181,500;BR-393/RJ;Decrescente;Colisão frontal;0;0;0;0;0;0;0;0;0;0;0;0;0;0;0
02/12/2022;21:03:05;64;Sem vítima;283,500;BR-393/RJ;Crescente;Colisão transversal;0;0;0;0;0;0;0;0;0;0;0;0;0;0;0
03/12/2022;04:30:42;13;Sem vítima;242,300;BR-393/RJ;Crescente;Capotamento;0;0;0;0;0;0;0;0;0;0;0;0;0;0;0
03/12/2022;05:27:41;15;Sem vítima;247,500;BR-393/RJ;Decrescente;Saída de pista;0;0;0;0;0;0;0;0;0;0;0;0;0;0;0
03/12/2022;23:50:22;68;Sem vítima;279,500;BR-393/RJ;Crescente;Colisão frontal;0;0;0;0;0;0;0;0;0;0;0;0;0;0;0
04/12/2022;20:38:59;49;Sem vítima;285,199;BR-393/RJ;Crescente;Queda de moto;0;0;0;0;0;0;0;0;0;0;0;0;0;0;0
05/12/2022;02:04:26;6;Sem vítima;174,400;BR-393/RJ;Decrescente;Choque;0;0;0;0;0;0;0;0;0;0;0;0;0;0;0
06/12/2022;09:53:14;19;Sem vítima;258,000;BR-393/RJ;Crescente;Choque;0;0;0;0;0;0;0;0;0;0;0;0;0;0;0
08/12/2022;18:32:15;89;Sem vítima;185,000;BR-393/RJ;Decrescente;Capotamento;0;0;0;0;0;0;0;0;0;0;0;0;0;0;0
10/12/2022;20:06:37;59;Sem vítima;105,900;BR-393/RJ;Crescente;Colisão traseira;0;0;0;0;0;0;0;0;0;0;0;0;0;0;0
11/12/2022;09:10:56;25;Sem vítima;146,300;BR-393/RJ;Crescente;Tombamento;0;0;0;0;0;0;0;0;0;0;0;0;0;0;0
12/12/2022;11:46:12;32;Sem vítima;217,699;BR-393/RJ;Crescente;Colisão transversal;0;0;0;0;0;0;0;0;0;0;0;0;0;0;0
14/12/2022;09:54:37;25;Sem vítima;268,000;BR-393/RJ;Decrescente;Colisão transversal;0;0;0;0;0;0;0;0;0;0;0;0;0;0;0
14/12/2022;11:48:19;33;Sem vítima;155,599;BR-393/RJ;Decrescente;Tombamento;0;0;0;0;0;0;0;0;0;0;0;0;0;0;0
15/12/2022;09:06:36;31;Sem vítima;265,500;BR-393/RJ;Crescente;Colisão frontal;0;0;0;0;0;0;0;0;0;0;0;0;0;0;0
15/12/2022;20:11:18;66;Sem vítima;123,500;BR-393/RJ;Decrescente;Tombamento;0;0;0;0;0;0;0;0;0;0;0;0;0;0;0
16/12/2022;08:35:39;17;Sem vítima;171,700;BR-393/RJ;Crescente;Colisão transversal;0;0;0;0;0;0;0;0;0;0;0;0;0;0;0
19/12/2022;11:48:44;39;Sem vítima;268,000;BR-393/RJ;Crescente;Colisão traseira;0;0;0;0;0;0;0;0;0;0;0;0;0;0;0
19/12/2022;16:52:46;49;Sem vítima;281,199;BR-393/RJ;Decrescente;Colisão transversal;0;0;0;0;0;0;0;0;0;0;0;0;0;0;0
19/12/2022;16:52:52;50;Sem vítima;155,500;BR-393/RJ;Decrescente;Queda de moto;0;0;0;0;0;0;0;0;0;0;0;0;0;0;0
20/12/2022;18:42:55;48;Sem vítima;279,800;BR-393/RJ;Crescente;Acidentes de outra natureza;0;0;0;0;0;0;0;0;0;0;0;0;0;0;0
22/12/2022;16:29:36;65;Sem vítima;114,000;BR-393/RJ;Decrescente;Tombamento;0;0;0;0;0;0;0;0;0;0;0;0;0;0;0
23/12/2022;17:01:37;67;Sem vítima;192,300;BR-393/RJ;Crescente;Colisão lateral em sentido contrário;0;0;0;0;0;0;0;0;0;0;0;0;0;0;0
26/12/2022;14:42:24;47;Sem vítima;162,990;BR-393/RJ;Crescente;Saída de pista;0;0;0;0;0;0;0;0;0;0;0;0;0;0;0
28/12/2022;09:32:10;21;Sem vítima;103,000;BR-393/RJ;Decrescente;Colisão lateral no mesmo sentido;0;0;0;0;0;0;0;0;0;0;0;0;0;0;0
28/12/2022;09:32:13;22;Sem vítima;238,500;BR-393/RJ;Crescente;Colisão transversal;0;0;0;0;0;0;0;0;0;0;0;0;0;0;0
29/12/2022;12:04:28;24;Sem vítima;2,100;Alça Sul (Estrada União Indústria)/RJ;Crescente;Colisão transversal;0;0;0;0;0;0;0;0;0;0;0;0;0;0;0
29/12/2022;12:28:08;28;Sem vítima;175,700;BR-393/RJ;Decrescente;Acidentes de outra natureza;0;0;0;0;0;0;0;0;0;0;0;0;0;0;0
30/12/2022;21:49:47;64;Sem vítima;151,800;BR-393/RJ;Crescente;Saída de pista;0;0;0;0;0;0;0;0;0;0;0;0;0;0;0
02/01/2023;12:56:27;36;Sem vítima;238,500;BR-393/RJ;Crescente;Colisão transversal;0;0;0;0;0;0;0;0;0;0;0;0;0;0;0
08/01/2023;06:12:51;38;Sem vítima;162,990;BR-393/RJ;Crescente;Capotamento;0;0;0;0;0;0;0;0;0;0;0;0;0;0;0
09/01/2023;07:04:54;23;Sem vítima;272,899;BR-393/RJ;Decrescente;Colisão lateral em sentido contrário;0;0;0;0;0;0;0;0;0;0;0;0;0;0;0
09/01/2023;20:55:10;62;Sem vítima;278,000;BR-393/RJ;Crescente;Acidentes de outra natureza;0;0;0;0;0;0;0;0;0;0;0;0;0;0;0
10/01/2023;17:04:24;64;Sem vítima;277,100;BR-393/RJ;Crescente;Tombamento;0;0;0;0;0;0;0;0;0;0;0;0;0;0;0
11/01/2023;00:41:18;1;Sem vítima;223,400;BR-393/RJ;Decrescente;Tombamento;0;0;0;0;0;0;0;0;0;0;0;0;0;0;0
12/01/2023;11:34:07;46;Sem vítima;257,899;BR-393/RJ;Crescente;Choque;0;0;0;0;0;0;0;0;0;0;0;0;0;0;0
13/01/2023;11:31:16;45;Sem vítima;281,300;BR-393/RJ;Crescente;Colisão frontal;0;0;0;0;0;0;0;0;0;0;0;0;0;0;0
13/01/2023;17:05:15;72;Sem vítima;279,300;BR-393/RJ;Crescente;Engavetamento;0;0;0;0;0;0;0;0;0;0;0;0;0;0;0
16/01/2023;16:24:50;55;Sem vítima;105,990;BR-393/RJ;Decrescente;Colisão transversal;0;0;0;0;0;0;0;0;0;0;0;0;0;0;0
16/01/2023;17:15:50;57;Sem vítima;282,100;BR-393/RJ;Decrescente;Colisão lateral no mesmo sentido;0;0;0;0;0;0;0;0;0;0;0;0;0;0;0
20/01/2023;13:53:33;38;Sem vítima;133,300;BR-393/RJ;Crescente;Colisão lateral em sentido contrário;0;0;0;0;0;0;0;0;0;0;0;0;0;0;0
21/01/2023;16:23:45;72;Sem vítima;284,100;BR-393/RJ;Decrescente;Colisão lateral no mesmo sentido;0;0;0;0;0;0;0;0;0;0;0;0;0;0;0
24/01/2023;02:51:13;2;Sem vítima;138,199;BR-393/RJ;Crescente;Tombamento;0;0;0;0;0;0;0;0;0;0;0;0;0;0;0
26/01/2023;12:39:20;47;Sem vítima;182,400;BR-393/RJ;Decrescente;Colisão lateral no mesmo sentido;0;0;0;0;0;0;0;0;0;0;0;0;0;0;0
27/01/2023;15:56:43;59;Sem vítima;177,700;BR-393/RJ;Crescente;Colisão traseira;0;0;0;0;0;0;0;0;0;0;0;0;0;0;0
27/01/2023;16:08:53;62;Sem vítima;177,798;BR-393/RJ;Crescente;Colisão traseira;0;0;0;0;0;0;0;0;0;0;0;0;0;0;0
27/01/2023;16:40:44;64;Sem vítima;285,200;BR-393/RJ;Crescente;Acidentes de outra natureza;0;0;0;0;0;0;0;0;0;0;0;0;0;0;0
27/01/2023;16:44:42;60;Sem vítima;285,600;BR-393/RJ;Decrescente;Colisão traseira;0;0;0;0;0;0;0;0;0;0;0;0;0;0;0
29/01/2023;05:13:36;11;Sem vítima;285,199;BR-393/RJ;Decrescente;Acidentes de outra natureza;0;0;0;0;0;0;0;0;0;0;0;0;0;0;0
30/01/2023;19:47:36;61;Sem vítima;251,300;BR-393/RJ;Decrescente;Atropelamento de ciclista;0;0;0;0;0;0;0;0;0;0;0;0;0;0;0
31/01/2023;05:04:59;23;Sem vítima;151,800;BR-393/RJ;Crescente;Tombamento;0;0;0;0;0;0;0;0;0;0;0;0;0;0;0
01/02/2023;11:11:29;54;Sem vítima;106,000;BR-393/RJ;Crescente;Colisão traseira;0;0;0;0;0;0;0;0;0;0;0;0;0;0;0
02/02/2023;09:17:18;30;Sem vítima;238,000;BR-393/RJ;Crescente;Colisão transversal;0;0;0;0;0;0;0;0;0;0;0;0;0;0;0
03/02/2023;16:41:33;47;Sem vítima;162,500;BR-393/RJ;Crescente;Colisão lateral em sentido contrário;0;0;0;0;0;0;0;0;0;0;0;0;0;0;0
04/02/2023;00:28:20;1;Sem vítima;285,199;BR-393/RJ;Crescente;Choque;0;0;0;0;0;0;0;0;0;0;0;0;0;0;0
04/02/2023;14:42:36;39;Sem vítima;169,000;BR-393/RJ;Crescente;Colisão lateral no mesmo sentido;0;0;0;0;0;0;0;0;0;0;0;0;0;0;0
06/02/2023;06:46:38;23;Sem vítima;274,800;BR-393/RJ;Decrescente;Saída de pista;0;0;0;0;0;0;0;0;0;0;0;0;0;0;0
08/02/2023;17:51:46;61;Sem vítima;153,699;BR-393/RJ;Crescente;Acidentes de outra natureza;0;0;0;0;0;0;0;0;0;0;0;0;0;0;0
10/02/2023;21:21:49;73;Sem vítima;236,800;BR-393/RJ;Crescente;Colisão transversal;0;0;0;0;0;0;0;0;0;0;0;0;0;0;0
13/02/2023;20:15:32;54;Sem vítima;252,990;BR-393/RJ;Crescente;Colisão traseira;0;0;0;0;0;0;0;0;0;0;0;0;0;0;0
14/02/2023;11:28:14;34;Sem vítima;254,599;BR-393/RJ;Decrescente;Choque;0;0;0;0;0;0;0;0;0;0;0;0;0;0;0
15/02/2023;11:36:47;41;Sem vítima;168,900;BR-393/RJ;Crescente;Colisão transversal;0;0;0;0;0;0;0;0;0;0;0;0;0;0;0