data;horario;n_da_ocorrencia;tipo_de_ocorrencia;km;trecho;sentido;tipo_de_acidente;automovel;bicicleta;caminhao;moto;onibus;outros;tracao_animal;transporte_de_cargas_especiais;trator_maquinas;utilitarios;ilesos;levemente_feridos;moderadamente_feridos;gravemente_feridos;mortos
17/02/2023;05:38:49;18;Sem vítima;176,000;BR-393/RJ;Decrescente;Engavetamento;0;0;0;0;0;0;0;0;0;0;0;0;0;0;0
17/02/2023;12:43:28;53;Sem vítima;136,000;BR-393/RJ;Crescente;Colisão transversal;0;0;0;0;0;0;0;0;0;0;0;0;0;0;0
17/02/2023;17:16:54;77;Sem vítima;135,900;BR-393/RJ;Decrescente;Colisão traseira;0;0;0;0;0;0;0;0;0;0;0;0;0;0;0
18/02/2023;12:02:01;45;Sem vítima;224,990;BR-393/RJ;Decrescente;Colisão transversal;0;0;0;0;0;0;0;0;0;0;0;0;0;0;0
19/02/2023;04:31:16;13;Sem vítima;168,500;BR-393/RJ;Decrescente;Choque;0;0;0;0;0;0;0;0;0;0;0;0;0;0;0
19/02/2023;05:05:11;14;Sem vítima;183,000;BR-393/RJ;Crescente;Choque;0;0;0;0;0;0;0;0;0;0;0;0;0;0;0
19/02/2023;14:29:12;35;Sem vítima;220,100;BR-393/RJ;Crescente;Choque;0;0;0;0;0;0;0;0;0;0;0;0;0;0;0
19/02/2023;22:17:59;54;Sem vítima;239,300;BR-393/RJ;Decrescente;Capotamento;0;0;0;0;0;0;0;0;0;0;0;0;0;0;0
21/02/2023;10:14:51;20;Sem vítima;143,800;BR-393/RJ;Decrescente;Queda de moto;0;0;0;0;0;0;0;0;0;0;0;0;0;0;0
21/02/2023;15:45:03;40;Sem vítima;164,000;BR-393/RJ;Crescente;Saída de pista;0;0;0;0;0;0;0;0;0;0;0;0;0;0;0
22/02/2023;02:26:26;13;Sem vítima;114,000;BR-393/RJ;Crescente;Choque;0;0;0;0;0;0;0;0;0;0;0;0;0;0;0
22/02/2023;16:40:46;63;Sem vítima;235,990;BR-393/RJ;Crescente;Colisão transversal;0;0;0;0;0;0;0;0;0;0;0;0;0;0;0
23/02/2023;08:48:33;20;Sem vítima;239,800;BR-393/RJ;Crescente;Capotamento;0;0;0;0;0;0;0;0;0;0;0;0;0;0;0
23/02/2023;19:39:27;68;Sem vítima;2,000;Alça Sul (Estrada União Indústria)/RJ;Crescente;Colisão lateral no mesmo sentido;0;0;0;0;0;0;0;0;0;0;0;0;0;0;0
27/02/2023;11:57:46;34;Sem vítima;182,400;BR-393/RJ;Decrescente;Colisão transversal;0;0;0;0;0;0;0;0;0;0;0;0;0;0;0
28/02/2023;17:26:43;38;Sem vítima;284,000;BR-393/RJ;Decrescente;Colisão lateral no mesmo sentido;0;0;0;0;0;0;0;0;0;0;0;0;0;0;0
28/02/2023;23:11:30;46;Sem vítima;285,000;BR-393/RJ;Decrescente;Colisão transversal;0;0;0;0;0;0;0;0;0;0;0;0;0;0;0
28/02/2023;23:48:56;52;Sem vítima;137,000;BR-393/RJ;Decrescente;Colisão traseira;0;0;0;0;0;0;0;0;0;0;0;0;0;0;0
02/03/2023;21:52:27;73;Sem vítima;137,700;BR-393/RJ;Decrescente;Colisão traseira;0;0;0;0;0;0;0;0;0;0;0;0;0;0;0
03/03/2023;09:00:16;20;Sem vítima;0,100;Alça Sul (Estrada União Indústria)/RJ;Crescente;Colisão transversal;0;0;0;1;0;0;0;0;0;0;0;0;0;0;0
03/03/2023;16:13:07;52;Sem vítima;286,400;BR-393/RJ;Decrescente;Colisão transversal;0;0;0;0;0;0;0;0;0;0;0;0;0;0;0
04/03/2023;18:54:06;63;Sem vítima;171,599;BR-393/RJ;Crescente;Queda de moto;0;0;0;0;0;0;0;0;0;0;0;0;0;0;0
05/03/2023;16:10:49;41;Sem vítima;161,900;BR-393/RJ;Decrescente;Choque;0;0;0;0;0;0;0;0;0;0;0;0;0;0;0
05/03/2023;18:46:23;52;Sem vítima;282,000;BR-393/RJ;Decrescente;Colisão traseira;0;0;0;0;0;0;0;0;0;0;0;0;0;0;0
06/03/2023;00:01:02;64;Sem vítima;283,399;BR-393/RJ;Crescente;Colisão transversal;0;0;0;0;0;0;0;0;0;0;0;0;0;0;0
07/03/2023;08:57:51;27;Sem vítima;177,699;BR-393/RJ;Decrescente;Colisão frontal;0;0;0;0;0;0;0;0;0;0;0;0;0;0;0
07/03/2023;16:37:56;55;Sem vítima;137,900;BR-393/RJ;Decrescente;Choque;0;0;0;0;0;0;0;0;0;0;0;0;0;0;0
08/03/2023;13:25:51;47;Sem vítima;191,599;BR-393/RJ;Decrescente;Saída de pista;0;0;0;0;0;0;0;0;0;0;0;0;0;0;0
10/03/2023;08:45:43;31;Sem vítima;169,699;BR-393/RJ;Crescente;Tombamento;0;0;0;0;0;0;0;0;0;0;0;0;0;0;0
11/03/2023;07:32:24;18;Sem vítima;264,000;BR-393/RJ;Decrescente;Colisão lateral em sentido contrário;0;0;0;0;0;0;0;0;0;0;0;0;0;0;0
11/03/2023;09:40:20;20;Sem vítima;274,700;BR-393/RJ;Crescente;Saída de pista;0;0;0;0;0;0;0;0;0;0;0;0;0;0;0
11/03/2023;15:16:23;54;Sem vítima;281,199;BR-393/RJ;Decrescente;Colisão traseira;0;0;0;0;0;0;0;0;0;0;0;0;0;0;0
12/03/2023;18:23:41;52;Sem vítima;239,199;BR-393/RJ;Decrescente;Capotamento;0;0;0;0;0;0;0;0;0;0;0;0;0;0;0
14/03/2023;14:55:31;50;Sem vítima;239,900;BR-393/RJ;Crescente;Saída de pista;0;0;0;0;0;0;0;0;0;0;0;0;0;0;0
15/03/2023;20:30:59;66;Sem vítima;258,000;BR-393/RJ;Decrescente;Colisão frontal;0;0;0;0;0;0;0;0;0;0;0;0;0;0;0
17/03/2023;10:08:25;30;Sem vítima;285,500;BR-393/RJ;Crescente;Engavetamento;0;0;0;0;0;0;0;0;0;0;0;0;0;0;0
19/03/2023;17:43:38;48;Sem vítima;154,000;BR-393/RJ;Decrescente;Queda de moto;0;0;0;0;0;0;0;0;0;0;0;0;0;0;0
22/03/2023;15:47:45;50;Sem vítima;2,300;Alça Sul (Estrada União Indústria)/RJ;Crescente;Colisão transversal;0;0;0;0;0;0;0;0;0;0;0;0;0;0;0
24/03/2023;09:56:22;29;Sem vítima;238,500;BR-393/RJ;Decrescente;Colisão transversal;0;0;0;0;0;0;0;0;0;0;0;0;0;0;0
24/03/2023;19:16:35;69;Sem vítima;171,500;BR-393/RJ;Crescente;Colisão lateral no mesmo sentido;0;0;0;0;0;0;0;0;0;0;0;0;0;0;0
25/03/2023;08:16:57;22;Sem vítima;138,199;BR-393/RJ;Decrescente;Tombamento;0;0;0;0;0;0;0;0;0;0;0;0;0;0;0
25/03/2023;19:14:55;53;Sem vítima;282,400;BR-393/RJ;Decrescente;Colisão traseira;0;0;0;0;0;0;0;0;0;0;0;0;0;0;0
25/03/2023;19:59:37;57;Sem vítima;280,199;BR-393/RJ;Decrescente;Colisão lateral no mesmo sentido;0;0;0;0;0;0;0;0;0;0;0;0;0;0;0
26/03/2023;15:12:18;37;Sem vítima;263,000;BR-393/RJ;Crescente;Saída de pista;0;0;0;0;0;0;0;0;0;0;0;0;0;0;0
27/03/2023;06:56:47;18;Sem vítima;239,300;BR-393/RJ;Crescente;Colisão lateral em sentido contrário;1;0;0;0;0;0;0;0;0;0;0;0;0;0;0
30/03/2023;06:28:51;15;Sem vítima;184,400;BR-393/RJ;Crescente;Atropelamento de animal;0;0;0;0;0;0;0;0;0;0;0;0;0;0;0
30/03/2023;09:26:01;27;Sem vítima;217,599;BR-393/RJ;Crescente;Colisão traseira;0;0;0;0;0;0;0;0;0;0;0;0;0;0;0
30/03/2023;15:09:58;49;Sem vítima;243,900;BR-393/RJ;Crescente;Tombamento;0;0;0;0;0;0;0;0;0;0;0;0;0;0;0
01/04/2023;11:55:38;25;Sem vítima;279,699;BR-393/RJ;Decrescente;Colisão lateral no mesmo sentido;0;0;0;0;0;0;0;0;0;0;0;0;0;0;0
02/04/2023;03:41:58;3;Sem vítima;252,000;BR-393/RJ;Decrescente;Colisão lateral em sentido contrário;0;0;0;0;0;0;0;0;0;0;0;0;0;0;0
03/04/2023;13:30:27;48;Sem vítima;247,300;BR-393/RJ;Crescente;Capotamento;0;0;0;0;0;0;0;0;0;0;0;0;0;0;0
06/04/2023;10:14:58;28;Sem vítima;164,800;BR-393/RJ;Crescente;Tombamento;0;0;0;0;0;0;0;0;0;0;0;0;0;0;0
08/04/2023;08:05:41;14;Sem vítima;274,600;BR-393/RJ;Crescente;Capotamento;0;0;0;0;0;0;0;0;0;0;0;0;0;0;0
08/04/2023;17:40:39;41;Sem vítima;249,000;BR-393/RJ;Decrescente;Colisão transversal;0;0;0;0;0;0;0;0;0;0;0;0;0;0;0
09/04/2023;15:20:01;45;Sem vítima;274,600;BR-393/RJ;Crescente;Saída de pista;0;0;0;0;0;0;0;0;0;0;0;0;0;0;0
09/04/2023;17:09:52;49;Sem vítima;171,000;BR-393/RJ;Crescente;Capotamento;0;0;0;0;0;0;0;0;0;0;0;0;0;0;0
09/04/2023;17:40:14;55;Sem vítima;281,000;BR-393/RJ;Crescente;Colisão lateral em sentido contrário;0;0;0;0;0;0;0;0;0;0;0;0;0;0;0
10/04/2023;21:08:15;86;Sem vítima;285,699;BR-393/RJ;Crescente;Colisão transversal;0;0;0;0;0;0;0;0;0;0;0;0;0;0;0
12/04/2023;16:03:10;50;Sem vítima;284,200;BR-393/RJ;Crescente;Colisão lateral no mesmo sentido;0;0;0;0;0;0;0;0;0;0;0;0;0;0;0
14/04/2023;11:35:47;37;Sem vítima;181,900;BR-393/RJ;Crescente;Colisão lateral em sentido contrário;0;0;0;0;0;0;0;0;0;0;0;0;0;0;0
15/04/2023;11:21:22;27;Sem vítima;284,000;BR-393/RJ;Crescente;Colisão traseira;0;0;0;0;0;0;0;0;0;0;0;0;0;0;0
15/04/2023;12:03:18;30;Sem vítima;236,000;BR-393/RJ;Decrescente;Acidentes de outra natureza;0;0;0;0;0;0;0;0;0;0;0;0;0;0;0
18/04/2023;09:13:14;22;Sem vítima;283,300;BR-393/RJ;Crescente;Colisão traseira;0;0;0;0;0;0;0;0;0;0;0;0;0;0;0
21/04/2023;08:27:29;25;Sem vítima;284,000;BR-393/RJ;Decrescente;Colisão traseira;0;0;0;0;0;0;0;0;0;0;0;0;0;0;0
21/04/2023;18:57:55;59;Sem vítima;248,000;BR-393/RJ;Decrescente;Colisão lateral no mesmo sentido;0;0;0;0;0;0;0;0;0;0;0;0;0;0;0
23/04/2023;17:17:19;45;Sem vítima;237,000;BR-393/RJ;Decrescente;Colisão lateral em sentido contrário;0;0;0;0;0;0;0;0;0;0;0;0;0;0;0
24/04/2023;11:48:28;44;Sem vítima;167,600;BR-393/RJ;Crescente;Choque;0;0;1;0;0;0;0;0;0;0;0;0;0;0;0
26/04/2023;07:25:33;17;Sem vítima;246,199;BR-393/RJ;Crescente;Choque;0;0;0;0;0;0;0;0;0;0;0;0;0;0;0
27/04/2023;10:34:15;25;Sem vítima;285,699;BR-393/RJ;Decrescente;Colisão frontal;0;0;0;0;0;0;0;0;0;0;0;0;0;0;0
27/04/2023;15:27:31;47;Sem vítima;281,200;BR-393/RJ;Crescente;Colisão lateral em sentido contrário;0;0;0;0;0;0;0;0;0;0;0;0;0;0;0
29/04/2023;13:31:45;42;Sem vítima;218,300;BR-393/RJ;Decrescente;Colisão traseira;0;0;0;0;0;0;0;0;0;0;0;0;0;0;0
30/04/2023;11:46:49;23;Sem vítima;175,400;BR-393/RJ;Crescente;Colisão transversal;0;0;0;0;0;0;0;0;0;0;0;0;0;0;0
02/05/2023;03:31:41;1;Sem vítima;246,990;BR-393/RJ;Crescente;Tombamento;0;0;0;0;0;0;0;0;0;0;0;0;0;0;0
03/05/2023;18:00:19;49;Sem vítima;283,700;BR-393/RJ;Decrescente;Queda de moto;0;0;0;0;0;0;0;0;0;0;0;0;0;0;0
05/05/2023;04:45:04;15;Sem vítima;221,900;BR-393/RJ;Decrescente;Saída de pista;0;0;0;0;0;0;0;0;0;0;0;0;0;0;0
06/05/2023;14:41:20;35;Sem vítima;1,800;Alça Sul (Estrada União Indústria)/RJ;Crescente;Choque;0;0;0;0;0;0;0;0;0;0;0;0;0;0;0
06/05/2023;20:57:28;51;Sem vítima;139,400;BR-393/RJ;Crescente;Colisão transversal;0;0;0;0;0;0;0;0;0;0;0;0;0;0;0
07/05/2023;11:05:18;24;Sem vítima;266,800;BR-393/RJ;Crescente;Tombamento;0;0;0;0;0;0;0;0;0;0;0;0;0;0;0
09/05/2023;13:29:38;39;Sem vítima;286,199;BR-393/RJ;Crescente;Colisão traseira;0;0;0;0;0;0;0;0;0;0;0;0;0;0;0
11/05/2023;18:59:42;51;Sem vítima;230,600;BR-393/RJ;Crescente;Colisão lateral em sentido contrário;0;0;0;0;0;0;0;0;0;0;0;0;0;0;0
14/05/2023;08:34:10;15;Sem vítima;244,599;BR-393/RJ;Decrescente;Capotamento;0;0;0;0;0;0;0;0;0;0;0;0;0;0;0
15/05/2023;12:06:59;34;Sem vítima;103,990;BR-393/RJ;Decrescente;Engavetamento;0;0;0;0;0;0;0;0;0;0;0;0;0;0;0
17/05/2023;14:13:23;50;Sem vítima;267,800;BR-393/RJ;Decrescente;Colisão transversal;0;0;0;0;0;0;0;0;0;0;0;0;0;0;0
18/05/2023;14:38:30;42;Sem vítima;171,699;BR-393/RJ;Decrescente;Colisão transversal;0;0;0;0;0;0;0;0;0;0;0;0;0;0;0
20/05/2023;07:52:00;18;Sem vítima;130,199;BR-393/RJ;Decrescente;Queda de moto;0;0;0;0;0;0;0;0;0;0;0;0;0;0;0
25/05/2023;00:25:45;49;Sem vítima;267,300;BR-393/RJ;Crescente;Queda de moto;0;0;0;0;0;0;0;0;0;0;0;0;0;0;0
25/05/2023;14:54:15;40;Sem vítima;143,400;BR-393/RJ;Decrescente;Colisão traseira;0;0;0;0;0;0;0;0;0;0;0;0;0;0;0
28/06/2023;14:27:08;40;Sem vítima;139,000;BR-393/RJ;Decrescente;Tombamento;0;0;0;0;0;0;0;0;0;0;0;0;0;0;0
04/07/2023;07:25:53;16;Sem vítima;266,400;BR-393/RJ;Crescente;Choque;0;0;0;0;0;0;0;0;0;0;0;0;0;0;0
05/07/2023;16:52:20;37;Sem vítima;167,500;BR-393/RJ;Crescente;Engavetamento;0;0;0;0;0;0;0;0;0;0;0;0;0;0;0
06/07/2023;19:17:29;55;Sem vítima;252,000;BR-393/RJ;Crescente;Colisão traseira;0;0;0;0;0;0;0;0;0;0;0;0;0;0;0
07/07/2023;07:29:50;18;Sem vítima;240,699;BR-393/RJ;Decrescente;Colisão traseira;0;0;0;0;0;0;0;0;0;0;0;0;0;0;0
07/07/2023;09:15:38;23;Sem vítima;238,400;BR-393/RJ;Decrescente;Engavetamento;0;0;0;0;0;0;0;0;0;0;0;0;0;0;0
07/07/2023;14:09:10;43;Sem vítima;252,199;BR-393/RJ;Crescente;Colisão transversal;0;0;0;0;0;0;0;0;0;0;0;0;0;0;0
07/07/2023;17:15:43;55;Sem vítima;172,599;BR-393/RJ;Crescente;Capotamento;0;0;0;0;0;0;0;0;0;0;0;0;0;0;0
08/07/2023;07:09:34;15;Sem vítima;283,699;BR-393/RJ;Crescente;Colisão lateral no mesmo sentido;0;0;0;0;0;0;0;0;0;0;0;0;0;0;0
08/07/2023;08:11:02;16;Sem vítima;105,400;BR-393/RJ;Decrescente;Saída de pista;0;0;0;0;0;0;0;0;0;0;0;0;0;0;0
08/07/2023;23:01:23;57;Sem vítima;169,000;BR-393/RJ;Crescente;Saída de pista;0;0;0;0;0;0;0;0;0;0;0;0;0;0;0
09/07/2023;11:16:07;24;Sem vítima;136,200;BR-393/RJ;Decrescente;Capotamento;0;0;0;0;0;0;0;0;0;0;0;0;0;0;0
09/07/2023;13:12:27;26;Sem vítima;263,900;BR-393/RJ;Decrescente;Saída de pista;0;0;0;0;0;0;0;0;0;0;0;0;0;0;0
10/07/2023;11:57:18;32;Sem vítima;280,000;BR-393/RJ;Decrescente;Engavetamento;0;0;0;0;0;0;0;0;0;0;0;0;0;0;0
10/07/2023;22:24:08;63;Sem vítima;285,000;BR-393/RJ;Crescente;Colisão transversal;0;0;0;0;0;0;0;0;0;0;0;0;0;0;0
11/07/2023;20:16:49;66;Sem vítima;218,000;BR-393/RJ;Crescente;Colisão transversal;0;0;0;0;0;0;0;0;0;0;0;0;0;0;0
12/07/2023;11:16:54;40;Sem vítima;281,900;BR-393/RJ;Crescente;Colisão lateral em sentido contrário;0;0;0;0;0;0;0;0;0;0;0;0;0;0;0
15/07/2023;02:13:56;12;Sem vítima;246,500;BR-393/RJ;Crescente;Tombamento;0;0;0;0;0;0;0;0;0;0;0;0;0;0;0
16/07/2023;16:18:02;39;Sem vítima;282,399;BR-393/RJ;Crescente;Queda de moto;0;0;0;0;0;0;0;0;0;0;0;0;0;0;0
17/07/2023;14:44:05;43;Sem vítima;238,500;BR-393/RJ;Decrescente;Colisão transversal;0;0;0;0;0;0;0;0;0;0;0;0;0;0;0
18/07/2023;16:58:36;51;Sem vítima;122,000;BR-393/RJ;Decrescente;Colisão lateral em sentido contrário;0;0;0;0;0;0;0;0;0;0;0;0;0;0;0
18/07/2023;23:29:20;66;Sem vítima;168,900;BR-393/RJ;Crescente;Colisão traseira;0;0;0;0;0;0;0;0;0;0;0;0;0;0;0
21/07/2023;14:54:00;46;Sem vítima;146,199;BR-393/RJ;Crescente;Colisão lateral no mesmo sentido;0;0;0;0;0;0;0;0;0;0;0;0;0;0;0
21/07/2023;15:55:50;48;Sem vítima;103,990;BR-393/RJ;Decrescente;Colisão traseira;0;0;0;0;0;0;0;0;0;0;0;0;0;0;0
21/07/2023;20:38:40;57;Sem vítima;268,000;BR-393/RJ;Crescente;Colisão transversal;0;0;0;0;0;0;0;0;0;0;0;0;0;0;0
22/07/2023;10:35:13;28;Sem vítima;243,500;BR-393/RJ;Decrescente;Capotamento;0;0;0;0;0;0;0;0;0;0;0;0;0;0;0
22/07/2023;12:51:48;36;Sem vítima;167,800;BR-393/RJ;Decrescente;Colisão traseira;0;0;0;0;0;0;0;0;0;0;0;0;0;0;0
23/07/2023;07:38:43;17;Sem vítima;102,500;BR-393/RJ;Decrescente;Colisão frontal;0;0;0;0;0;0;0;0;0;0;0;0;0;0;0
23/07/2023;09:41:55;24;Sem vítima;252,500;BR-393/RJ;Crescente;Tombamento;0;0;0;0;0;0;0;0;0;0;0;0;0;0;0
23/07/2023;20:49:56;49;Sem vítima;178,000;BR-393/RJ;Decrescente;Colisão transversal;0;0;0;0;0;0;0;0;0;0;0;0;0;0;0
26/07/2023;06:56:17;12;Sem vítima;139,000;BR-393/RJ;Crescente;Choque;0;0;0;0;0;0;0;0;0;0;0;0;0;0;0
26/07/2023;09:40:42;29;Sem vítima;114,000;BR-393/RJ;Decrescente;Saída de pista;0;0;0;0;0;0;0;0;0;0;0;0;0;0;0
26/07/2023;10:36:25;31;Sem vítima;114,000;BR-393/RJ;Decrescente;Saída de pista;0;0;0;0;0;0;0;0;0;0;0;0;0;0;0
27/07/2023;06:51:31;12;Sem vítima;204,900;BR-393/RJ;Crescente;Colisão frontal;0;0;0;0;0;0;0;0;0;0;0;0;0;0;0
27/07/2023;19:49:01;63;Sem vítima;3,250;Alça Sul (Estrada União Indústria)/RJ;Crescente;Colisão frontal;0;0;0;0;0;0;0;0;0;0;0;0;0;0;0
28/07/2023;11:21:43;38;Sem vítima;195,900;BR-393/RJ;Crescente;Colisão lateral em sentido contrário;0;0;0;0;0;0;0;0;0;0;0;0;0;0;0
29/07/2023;11:45:22;23;Sem vítima;163,599;BR-393/RJ;Crescente;Queda de moto;0;0;0;0;0;0;0;0;0;0;0;0;0;0;0
30/07/2023;12:39:36;23;Sem vítima;242,400;BR-393/RJ;Crescente;Choque;0;0;0;0;0;0;0;0;0;0;0;0;0;0;0
31/07/2023;09:21:14;16;Sem vítima;279,199;BR-393/RJ;Decrescente;Colisão transversal;0;0;0;0;0;0;0;0;0;0;0;0;0;0;0
03/08/2023;01:51:21;2;Sem vítima;144,400;BR-393/RJ;Decrescente;Colisão frontal;0;0;0;0;0;0;0;0;0;0;0;0;0;0;0
04/08/2023;07:11:29;14;Sem vítima;282,100;BR-393/RJ;Decrescente;Colisão transversal;0;0;0;0;0;0;0;0;0;0;0;0;0;0;0
05/08/2023;10:56:46;25;Sem vítima;104,599;BR-393/RJ;Decrescente;Colisão traseira;0;0;0;0;0;0;0;0;0;0;0;0;0;0;0
07/08/2023;11:28:25;27;Sem vítima;108,900;BR-393/RJ;Decrescente;Colisão lateral no mesmo sentido;0;0;0;0;0;0;0;0;0;0;0;0;0;0;0
07/08/2023;16:36:51;42;Sem vítima;261,600;BR-393/RJ;Crescente;Colisão lateral em sentido contrário;0;0;0;0;0;0;0;0;0;0;0;0;0;0;0
07/08/2023;20:42:46;48;Sem vítima;193,000;BR-393/RJ;Crescente;Queda de moto;0;0;0;0;0;0;0;0;0;0;0;0;0;0;0
12/08/2023;14:11:24;40;Sem vítima;128,500;BR-393/RJ;Crescente;Colisão lateral em sentido contrário;0;0;0;0;0;0;0;0;0;0;0;0;0;0;0
13/08/2023;04:44:43;17;Sem vítima;160,500;BR-393/RJ;Crescente;Choque;0;0;0;0;0;0;0;0;0;0;0;0;0;0;0
13/08/2023;06:49:19;18;Sem vítima;104,500;BR-393/RJ;Crescente;Choque;0;0;0;0;0;0;0;0;0;0;0;0;0;0;0
13/08/2023;11:56:40;28;Sem vítima;107,950;BR-393/RJ;Crescente;Colisão transversal;0;0;0;0;0;0;0;0;0;0;0;0;0;0;0
13/08/2023;20:47:29;45;Sem vítima;112,500;BR-393/RJ;Decrescente;Atropelamento de animal;0;0;0;0;0;0;0;0;0;0;0;0;0;0;0
14/08/2023;11:46:18;33;Sem vítima;177,000;BR-393/RJ;Crescente;Queda de moto;0;0;0;0;0;0;0;0;0;0;0;0;0;0;0
19/08/2023;13:37:43;30;Sem vítima;176,199;BR-393/RJ;Decrescente;Colisão traseira;0;0;0;0;0;0;0;0;0;0;0;0;0;0;0
19/08/2023;22:06:02;51;Sem vítima;134,599;BR-393/RJ;Crescente;Capotamento;0;0;0;0;0;0;0;0;0;0;0;0;0;0;0
20/08/2023;13:40:57;24;Sem vítima;242,300;BR-393/RJ;Crescente;Saída de pista;0;0;0;0;0;0;0;0;0;0;0;0;0;0;0
20/08/2023;16:19:15;35;Sem vítima;220,699;BR-393/RJ;Decrescente;Saída de pista;0;0;0;0;0;0;0;0;0;0;0;0;0;0;0
20/08/2023;16:48:28;38;Sem vítima;174,000;BR-393/RJ;Crescente;Saída de pista;0;0;0;0;0;0;0;0;0;0;0;0;0;0;0
20/08/2023;23:27:35;47;Sem vítima;239,000;BR-393/RJ;Decrescente;Saída de pista;0;0;0;0;0;0;0;0;0;0;0;0;0;0;0
21/08/2023;07:06:45;18;Sem vítima;248,400;BR-393/RJ;Crescente;Acidentes de outra natureza;0;0;0;0;0;0;0;0;0;0;0;0;0;0;0
23/08/2023;19:27:06;57;Sem vítima;170,900;BR-393/RJ;Decrescente;Saída de pista;0;0;0;0;0;0;0;0;0;0;0;0;0;0;0
24/08/2023;17:26:52;45;Sem vítima;238,000;BR-393/RJ;Crescente;Colisão transversal;0;0;0;1;0;0;0;0;0;0;0;0;0;0;0
25/08/2023;04:30:24;3;Sem vítima;178,000;BR-393/RJ;Crescente;Queda de moto;0;0;0;0;0;0;0;0;0;0;0;0;0;0;0
25/08/2023;11:07:28;36;Sem vítima;178,000;BR-393/RJ;Decrescente;Engavetamento;0;0;0;0;0;0;0;0;0;0;0;0;0;0;0
26/08/2023;10:05:38;24;Sem vítima;258,000;BR-393/RJ;Crescente;Choque;0;0;0;0;0;0;0;0;0;0;0;0;0;0;0
26/08/2023;15:57:44;35;Sem vítima;175,900;BR-393/RJ;Decrescente;Choque;0;0;0;0;0;0;0;0;0;0;0;0;0;0;0
27/08/2023;14:27:07;31;Sem vítima;172,000;BR-393/RJ;Crescente;Saída de pista;0;0;0;0;0;0;0;0;0;0;0;0;0;0;0
28/08/2023;06:53:51;16;Sem vítima;172,000;BR-393/RJ;Decrescente;Capotamento;0;0;0;0;0;0;0;0;0;0;0;0;0;0;0
28/08/2023;10:42:27;27;Sem vítima;123,000;BR-393/RJ;Decrescente;Acidentes de outra natureza;0;0;0;0;0;0;0;0;0;0;0;0;0;0;0
28/08/2023;14:43:32;35;Sem vítima;229,000;BR-393/RJ;Decrescente;Saída de pista;0;0;0;0;0;0;0;0;0;0;0;0;0;0;0
30/08/2023;10:23:01;27;Sem vítima;102,900;BR-393/RJ;Decrescente;Colisão transversal;0;0;0;1;0;0;0;0;0;0;0;0;0;0;0
30/08/2023;15:09:08;41;Sem vítima;274,800;BR-393/RJ;Decrescente;Engavetamento;0;0;0;0;0;0;0;0;0;0;0;0;0;0;0
31/08/2023;18:40:41;69;Sem vítima;286,000;BR-393/RJ;Decrescente;Colisão lateral no mesmo sentido;0;0;0;0;0;0;0;0;0;0;0;0;0;0;0
01/09/2023;04:06:42;2;Sem vítima;236,000;BR-393/RJ;Decrescente;Queda de moto;0;0;0;0;0;0;0;0;0;0;0;0;0;0;0
01/09/2023;20:50:18;71;Sem vítima;279,800;BR-393/RJ;Crescente;Colisão transversal;0;0;0;0;0;0;0;0;0;0;0;0;0;0;0
02/09/2023;04:15:55;16;Sem vítima;181,000;BR-393/RJ;Decrescente;Choque;0;0;0;0;0;0;0;0;0;0;0;0;0;0;0
03/09/2023;15:09:44;34;Sem vítima;183,000;BR-393/RJ;Decrescente;Colisão traseira;0;0;0;0;0;0;0;0;0;0;0;0;0;0;0
03/09/2023;22:02:15;58;Sem vítima;246,000;BR-393/RJ;Decrescente;Choque;0;0;0;0;0;0;0;0;0;0;0;0;0;0;0
06/09/2023;09:56:01;31;Sem vítima;283,699;BR-393/RJ;Crescente;Colisão traseira;0;0;0;0;0;0;0;0;0;0;0;0;0;0;0
08/09/2023;07:27:59;11;Sem vítima;234,699;BR-393/RJ;Crescente;Saída de pista;0;0;0;0;0;0;0;0;0;0;0;0;0;0;0
09/09/2023;06:09:05;14;Sem vítima;154,300;BR-393/RJ;Crescente;Capotamento;0;0;0;0;0;0;0;0;0;0;0;0;0;0;0
09/09/2023;21:01:16;58;Sem vítima;268,000;BR-393/RJ;Crescente;Queda de moto;0;0;0;0;0;0;0;0;0;0;0;0;0;0;0
10/09/2023;09:50:58;20;Sem vítima;236,700;BR-393/RJ;Crescente;Colisão transversal;0;0;0;0;0;0;0;0;0;0;0;0;0;0;0
12/09/2023;19:57:24;59;Sem vítima;3,000;Alça Sul (Estrada União Indústria)/RJ;Crescente;Colisão transversal;0;0;0;0;0;0;0;0;0;0;0;0;0;0;0
13/09/2023;05:03:32;14;Sem vítima;177,800;BR-393/RJ;Crescente;Colisão traseira;0;0;0;0;0;0;0;0;0;0;0;0;0;0;0
13/09/2023;21:56:52;72;Sem vítima;181,000;BR-393/RJ;Crescente;Queda de moto;0;0;0;0;0;0;0;0;0;0;0;0;0;0;0
14/09/2023;14:32:56;49;Sem vítima;286,300;BR-393/RJ;Crescente;Colisão lateral no mesmo sentido;0;0;0;0;0;0;0;0;0;0;0;0;0;0;0
15/09/2023;06:54:41;14;Sem vítima;256,400;BR-393/RJ;Crescente;Capotamento;0;0;0;0;0;0;0;0;0;0;0;0;0;0;0
15/09/2023;19:34:35;71;Sem vítima;103,000;BR-393/RJ;Crescente;Acidentes de outra natureza;0;0;0;0;0;0;0;0;0;0;0;0;0;0;0
17/09/2023;09:25:07;22;Sem vítima;175,417;BR-393/RJ;Decrescente;Colisão traseira;0;0;0;0;0;0;0;0;0;0;0;0;0;0;0
17/09/2023;21:37:12;56;Sem vítima;222,000;BR-393/RJ;Crescente;Queda de moto;0;0;0;0;0;0;0;0;0;0;0;0;0;0;0
19/09/2023;17:40:25;64;Sem vítima;175,600;BR-393/RJ;Crescente;Queda de moto;0;0;0;0;0;0;0;0;0;0;0;0;0;0;0